1,0.752
2,0.792
3,0.752
4,0.793
5,0.804
6,0.752
7,0.795
8,0.621
9,0.824
10,0.833
11,0.843
12,0.843
13,0.832
14,0.836
15,0.838
16,0.836
17,0.728
18,0.745
19,0.717
20,0.72
21,0.706
22,0.792
23,0.815
24,0.792
25,0.763
26,0.815
27,0.773
28,0.728
29,0.712
30,0.712
31,0.698
32,0.691
33,0.637
34,0.637
35,0.632
36,0.595
37,0.843
38,0.843
39,0.843
40,0.842
41,0.846
42,0.846
43,0.824
44,0.823
45,0.767
46,0.754
47,0.72
48,0.709
49,0.694
50,0.694
51,0.694
52,0.694
53,0.665
54,0.65
55,0.647
56,0.675
57,0.639
58,0.722
59,0.678
60,0.7
61,0.662
62,0.653
63,0.724
64,0.686
65,0.723
66,0.72
67,0.739
68,0.733
69,0.645
70,0.639
71,0.656
72,0.642
73,0.549
74,0.495
75,0.67
76,0.693
77,0.559
78,0.603
79,0.589
80,0.709
81,0.589
82,0.765
83,0.589
84,0.589
85,0.612
86,0.639
87,0.765
88,0.7
89,0.71
90,0.539
91,0.694
92,0.584
93,0.716
94,0.666
95,0.785
96,0.786
97,0.644
98,0.646
99,0.497
100,0.537
101,0.636
102,0.672
103,0.676
104,0.524
105,0.471
106,0.453
107,0.377
108,0.559
109,0.61
110,0.667
111,0.589
112,0.746
113,0.662
114,0.528
115,0.661
116,0.527
117,0.622
118,0.688
119,0.658
120,0.73
121,0.555
122,0.571
123,0.507
124,0.593
125,0.64
126,0.662
127,0.609
128,0.665
129,0.609
130,0.543
131,0.555
132,0.478
133,0.478
134,0.478
135,0.478
136,0.588
137,0.588
138,0.588
139,0.588
140,0.568
141,0.568
142,0.694
143,0.694
144,0.639
145,0.639
146,0.639
147,0.776
148,0.776
149,0.776
150,0.776
151,0.381
152,0.523
153,0.474
154,0.507
155,0.598
156,0.598
157,0.598
158,0.598
159,0.482
160,0.502
161,0.578
162,0.587
163,0.54
164,0.54
165,0.54
166,0.54
167,0.319
168,0.527
169,0.309
170,0.523
171,0.426
172,0.426
173,0.426
174,0.426
175,0.383
176,0.383
177,0.383
178,0.383
179,0.495
180,0.495
181,0.495
182,0.495
183,0.641
184,0.637
185,0.646
186,0.635
187,0.667
188,0.668
189,0.667
190,0.67
191,0.588
192,0.588
193,0.614
194,0.73
195,0.59
196,0.73
197,0.73
198,0.741
199,0.73
200,0.73
201,0.718
202,0.718
203,0.74
204,0.718
205,0.718
206,0.631
207,0.529
208,0.702
209,0.697
210,0.479
211,0.479
212,0.479
213,0.479
214,0.568
215,0.568
216,0.568
217,0.568
218,0.624
219,0.79
220,0.703
221,0.723
222,0.529
223,0.529
224,0.529
225,0.529
226,0.578
227,0.578
228,0.578
229,0.578
230,0.578
231,0.578
232,0.578
233,0.578
234,0.586
235,0.586
236,0.703
237,0.586
238,0.586
239,0.74
240,0.74
241,0.718
242,0.74
243,0.74
244,0.741
245,0.741
246,0.741
247,0.741
248,0.741
249,0.741
250,0.741
251,0.741
252,0.74
253,0.74
254,0.74
255,0.74
256,0.703
257,0.586
258,0.703
259,0.703
260,0.703
261,0.53
262,0.53
263,0.819
264,0.53
265,0.53
266,0.589
267,0.59
268,0.487
269,0.53
270,0.601
271,0.65
272,0.575
273,0.572
274,0.647
275,0.647
276,0.647
277,0.647
278,0.749
279,0.749
280,0.749
281,0.749
282,0.599
283,0.599
284,0.574
285,0.599
286,0.599
287,0.603
288,0.524
289,0.681
290,0.546
291,0.546
292,0.681
293,0.681
294,0.546
295,0.681
296,0.681
297,0.574
298,0.641
299,0.534
300,0.57
301,0.634
302,0.634
303,0.634
304,0.634
305,0.712
306,0.712
307,0.712
308,0.712
309,0.718
310,0.718
311,0.718
312,0.718
313,0.585
314,0.585
315,0.585
316,0.585
317,0.531
318,0.531
319,0.531
320,0.531
321,0.698
322,0.698
323,0.698
324,0.698
325,0.531
326,0.747
327,0.62
328,0.75
329,0.53
330,0.53
331,0.53
332,0.53
333,0.31
334,0.536
335,0.27
336,0.491
337,0.457
338,0.553
339,0.455
340,0.554
341,0.598
342,0.598
343,0.598
344,0.598
345,0.655
346,0.588
347,0.588
348,0.377
349,0.375
350,0.518
351,0.539
352,0.599
353,0.479
354,0.432
355,0.441
356,0.502
357,0.497
358,0.603
359,0.574
360,0.354
361,0.6
362,0.599
363,0.215
364,0.332
365,0.375
366,0.375
367,0.375
368,0.375
369,0.383
370,0.383
371,0.383
372,0.383
373,0.662
374,0.699
375,0.274
376,0.385
377,0.71
378,0.71
379,0.71
380,0.71
381,0.727
382,0.727
383,0.727
384,0.727
385,0.626
386,0.625
387,0.642
388,0.642
389,0.693
390,0.692
391,0.648
392,0.648
393,0.55
394,0.549
395,0.472
396,0.472
397,0.472
398,0.472
399,0.542
400,0.477
401,0.635
402,0.147
403,0.583
404,0.577
405,0.635
406,0.635
407,0.52
408,0.52
409,0.52
410,0.52
411,0.521
412,0.521
413,0.521
414,0.521
415,0.53
416,0.53
417,0.552
418,0.552
419,0.525
420,0.525
421,0.525
422,0.525
423,0.399
424,0.399
425,0.512
426,0.512
427,0.573
428,0.573
429,0.573
430,0.573
431,0.727
432,0.727
433,0.388
434,0.491
435,0.452
436,0.693
437,0.693
438,0.573
439,0.649
440,0.691
441,0.609
442,0.658
443,0.691
444,0.691
445,0.691
446,0.691
447,0.586
448,0.577
449,0.397
450,0.564
451,0.596
452,0.593
453,0.309
454,0.723
455,0.545
456,0.381
457,0.25
458,0.652
459,0.671
460,0.671
461,0.671
462,0.671
463,0.632
464,0.629
465,0.528
466,0.526
467,0.612
468,0.719
469,0.596
470,0.56
471,0.683
472,0.559
473,0.509
474,0.645
475,0.645
476,0.666
477,0.735
478,0.692
479,0.681
480,0.734
481,0.584
482,0.547
483,0.428
484,0.598
485,0.598
486,0.598
487,0.598
488,0.737
489,0.737
490,0.737
491,0.737
492,0.713
493,0.455
494,0.32
495,0.353
496,0.658
497,0.658
498,0.658
499,0.658
500,0.473
501,0.473
502,0.473
503,0.473
504,0.575
505,0.55
506,0.653
507,0.597
508,0.556
509,0.686
510,0.963
511,0.794
512,0.526
513,0.389
514,0.655
515,0.655
516,0.527
517,0.544
518,0.481
519,0.666
520,0.576
521,0.656
522,0.461
523,0.601
524,0.414
525,0.552
526,0.524
527,0.273
528,0.415
529,0.415
530,0.415
531,0.415
532,0.629
533,0.629
534,0.629
535,0.629
536,0.315
537,0.713
538,0.517
539,0.345
540,0.645
541,0.645
542,0.645
543,0.645
544,0.477
545,0.477
546,0.477
547,0.477
548,0.517
549,0.517
550,0.517
551,0.517
552,0.437
553,0.439
554,0.437
555,0.444
556,0.585
557,0.424
558,0.429
559,0.423
560,0.309
561,0.441
562,0.309
563,0.413
564,0.337
565,0.337
566,0.337
567,0.337
568,0.459
569,0.549
570,0.549
571,0.547
572,0.549
573,0.423
574,0.345
575,0.214
576,0.289
577,0.291
578,0.468
579,0.468
580,0.468
581,0.468
582,0.579
583,0.658
584,0.641
585,0.682
586,0.627
587,0.262
588,0.498
589,0.341
590,0.348
591,0.389
592,0.611
593,0.593
594,0.57
595,0.398
596,0.527
597,0.435
598,0.612
599,0.612
600,0.548
601,0.52
602,0.503
603,0.746
604,0.454
605,0.411
606,0.612
607,0.546
608,0.629
609,0.425
610,0.606
611,0.455
612,0.55
613,0.568
614,0.736
615,0.692
616,0.627
617,0.682
618,0.764
619,0.662
620,0.688
621,0.656
622,0.696
623,0.338
624,0.72
625,0.564
626,0.549
627,0.584
628,0.577
629,0.654
630,0.543
631,0.182
632,0.692
633,0.691
634,0.755
635,0.702
636,0.68
637,0.651
638,0.572
639,0.413
640,0.546
641,0.678
642,0.71
643,0.606
644,0.651
645,0.492
646,0.678
647,0.544
648,0.556
649,0.507
650,0.773
651,0.822
652,0.435
653,0.685
654,0.614
655,0.518
656,0.529
657,0.428
658,0.46
659,0.363
660,0.612
661,0.612
662,0.612
663,0.612
664,0.725
665,0.722
666,0.65
667,0.634
668,0.735
669,0.816
670,0.57
671,0.607
672,0.568
673,0.551
674,0.735
675,0.536
676,0.7
677,0.634
678,0.656
679,0.695
680,0.527
681,0.522
682,0.457
683,0.645
684,0.508
685,0.543
686,0.34
687,0.844
688,0.508
689,0.449
690,0.653
691,0.627
692,0.632
693,0.623
694,0.623
695,0.827
696,0.775
697,0.738
698,0.694
699,0.738
700,0.68
701,0.694
702,0.68
703,0.68
704,0.68
705,0.68
706,0.68
707,0.68
708,0.68
709,0.68
710,0.68
711,0.694
712,0.68
713,0.694
714,0.68
715,0.77
716,0.694
717,0.694
718,0.759
719,0.759
720,0.759
721,0.603
722,0.819
723,0.685
724,0.62
725,0.62
726,0.523
727,0.523
728,0.523
729,0.718
730,0.718
731,0.672
732,0.676
733,0.676
734,0.676
735,0.685
736,0.685
737,0.685
738,0.682
739,0.682
740,0.577
741,0.577
742,0.577
743,0.577
744,0.534
745,0.534
746,0.534
747,0.534
748,0.477
749,0.518
750,0.462
751,0.538
752,0.471
753,0.573
754,0.59
755,0.462
756,0.589
757,0.607
758,0.61
759,0.583
760,0.607
761,0.665
762,0.684
763,0.649
764,0.651
765,0.671
766,0.545
767,0.654
768,0.522
769,0.604
770,0.627
771,0.64
772,0.665
773,0.708
774,0.708
775,0.708
776,0.708
777,0.669
778,0.748
779,0.634
780,0.793
781,0.543
782,0.58
783,0.627
784,0.673
785,0.578
786,0.578
787,0.566
788,0.563
789,0.651
790,0.651
791,0.476
792,0.648
793,0.533
794,0.582
795,0.668
796,0.598
797,0.641
798,0.698
799,0.754
800,0.658
801,0.537
802,0.631
803,0.598
804,0.527
805,0.559
806,0.449
807,0.558
808,0.652
809,0.647
810,0.511
811,0.65
812,0.504
813,0.448
814,0.448
815,0.448
816,0.448
817,0.636
818,0.561
819,0.546
820,0.546
821,0.512
822,0.511
823,0.752
824,0.652
825,0.584
826,0.778
827,0.475
828,0.493
829,0.574
830,0.471
831,0.645
832,0.674
833,0.511
834,0.488
835,0.584
836,0.528
837,0.505
838,0.504
839,0.682
840,0.721
841,0.667
842,0.622
843,0.716
844,0.681
845,0.61
846,0.638
847,0.688
848,0.568
849,0.747
850,0.696
851,0.443
852,0.338
853,0.684
854,0.553
855,0.574
856,0.574
857,0.574
858,0.574
859,0.467
860,0.467
861,0.467
862,0.467
863,0.517
864,0.588
865,0.502
866,0.533
867,0.526
868,0.646
869,0.727
870,0.728
871,0.487
872,0.559
873,0.438
874,0.447
875,0.552
876,0.724
877,0.561
878,0.531
879,0.727
880,0.645
881,0.5
882,0.487
883,0.698
884,0.72
885,0.452
886,0.717
887,0.583
888,0.694
889,0.638
890,0.68
891,0.436
892,0.716
893,0.49
894,0.681
895,0.517
896,0.546
897,0.724
898,0.724
899,0.538
900,0.704
901,0.654
902,0.748
903,0.553
904,0.577
905,0.57
906,0.539
907,0.713
908,0.663
909,0.663
910,0.663
911,0.597
912,0.68
913,0.619
914,0.74
915,0.687
916,0.589
917,0.677
918,0.659
919,0.66
920,0.578
921,0.643
922,0.668
923,0.583
924,0.681
925,0.553
926,0.716
927,0.769
928,0.639
929,0.639
930,0.684
931,0.665
932,0.71
933,0.584
934,0.714
935,0.703
936,0.585
937,0.699
938,0.677
939,0.657
940,0.572
941,0.565
942,0.691
943,0.691
944,0.691
945,0.453
946,0.657
947,0.684
948,0.684
949,0.684
950,0.684
951,0.689
952,0.689
953,0.689
954,0.607
955,0.658
956,0.612
957,0.618
958,0.433
959,0.434
960,0.637
961,0.634
962,0.671
963,0.695
964,0.746
965,0.654
966,0.653
967,0.519
968,0.485
969,0.503
970,0.539
971,0.626
972,0.626
973,0.649
974,0.607
975,0.517
976,0.571
977,0.585
978,0.751
979,0.686
980,0.469
981,0.534
982,0.468
983,0.557
984,0.69
985,0.69
986,0.69
987,0.69
988,0.609
989,0.609
990,0.609
991,0.609
992,0.554
993,0.554
994,0.554
995,0.554
996,0.554
997,0.554
998,0.554
999,0.554
1000,0.559
1001,0.559
1002,0.559
1003,0.559
1004,0.559
1005,0.559
1006,0.559
1007,0.559
1008,0.559
1009,0.559
1010,0.559
1011,0.559
1012,0.559
1013,0.559
1014,0.559
1015,0.559
1016,0.554
1017,0.554
1018,0.554
1019,0.554
1020,0.554
1021,0.554
1022,0.554
1023,0.554
1024,0.61
1025,0.61
1026,0.61
1027,0.61
1028,0.69
1029,0.69
1030,0.69
1031,0.69
1032,0.648
1033,0.648
1034,0.648
1035,0.648
1036,0.648
1037,0.648
1038,0.648
1039,0.648
1040,0.606
1041,0.606
1042,0.606
1043,0.606
1044,0.602
1045,0.602
1046,0.602
1047,0.602
1048,0.551
1049,0.551
1050,0.551
1051,0.551
1052,0.551
1053,0.551
1054,0.551
1055,0.551
1056,0.551
1057,0.551
1058,0.551
1059,0.551
1060,0.551
1061,0.551
1062,0.551
1063,0.551
1064,0.556
1065,0.556
1066,0.556
1067,0.556
1068,0.556
1069,0.556
1070,0.556
1071,0.556
1072,0.567
1073,0.567
1074,0.567
1075,0.567
1076,0.594
1077,0.594
1078,0.594
1079,0.594
1080,0.774
1081,0.828
1082,0.691
1083,0.82
1084,0.739
1085,0.739
1086,0.739
1087,0.739
1088,0.545
1089,0.545
1090,0.545
1091,0.545
1092,0.52
1093,0.52
1094,0.52
1095,0.52
1096,0.685
1097,0.685
1098,0.685
1099,0.685
1100,0.687
1101,0.687
1102,0.687
1103,0.687
1104,0.466
1105,0.466
1106,0.466
1107,0.466
1108,0.467
1109,0.467
1110,0.467
1111,0.467
1112,0.469
1113,0.469
1114,0.469
1115,0.469
1116,0.571
1117,0.571
1118,0.571
1119,0.571
1120,0.49
1121,0.49
1122,0.49
1123,0.49
1124,0.623
1125,0.623
1126,0.623
1127,0.623
1128,0.614
1129,0.614
1130,0.614
1131,0.614
1132,0.614
1133,0.614
1134,0.614
1135,0.614
1136,0.631
1137,0.631
1138,0.631
1139,0.631
1140,0.581
1141,0.581
1142,0.581
1143,0.581
1144,0.57
1145,0.57
1146,0.57
1147,0.57
1148,0.501
1149,0.501
1150,0.501
1151,0.501
1152,0.535
1153,0.535
1154,0.535
1155,0.535
1156,0.485
1157,0.485
1158,0.485
1159,0.485
1160,0.582
1161,0.582
1162,0.582
1163,0.582
1164,0.644
1165,0.644
1166,0.644
1167,0.644
1168,0.614
1169,0.614
1170,0.614
1171,0.614
1172,0.614
1173,0.614
1174,0.614
1175,0.614
1176,0.711
1177,0.711
1178,0.711
1179,0.711
1180,0.699
1181,0.699
1182,0.699
1183,0.699
1184,0.701
1185,0.701
1186,0.701
1187,0.701
1188,0.683
1189,0.683
1190,0.683
1191,0.683
1192,0.59
1193,0.542
1194,0.631
1195,0.532
1196,0.593
1197,0.593
1198,0.593
1199,0.593
1200,0.592
1201,0.58
1202,0.58
1203,0.582
1204,0.619
1205,0.532
1206,0.611
1207,0.532
1208,0.75
1209,0.75
1210,0.75
1211,0.75
1212,0.723
1213,0.723
1214,0.723
1215,0.723
1216,0.724
1217,0.724
1218,0.724
1219,0.724
1220,0.764
1221,0.764
1222,0.764
1223,0.764
1224,0.718
1225,0.718
1226,0.718
1227,0.718
1228,0.718
1229,0.718
1230,0.718
1231,0.718
1232,0.618
1233,0.618
1234,0.618
1235,0.618
1236,0.618
1237,0.618
1238,0.618
1239,0.618
1240,0.513
1241,0.513
1242,0.513
1243,0.513
1244,0.513
1245,0.513
1246,0.513
1247,0.513
1248,0.513
1249,0.513
1250,0.513
1251,0.513
1252,0.513
1253,0.513
1254,0.513
1255,0.513
1256,0.618
1257,0.618
1258,0.618
1259,0.618
1260,0.618
1261,0.618
1262,0.618
1263,0.618
1264,0.718
1265,0.718
1266,0.718
1267,0.718
1268,0.718
1269,0.718
1270,0.718
1271,0.718
1272,0.604
1273,0.604
1274,0.604
1275,0.604
1276,0.604
1277,0.604
1278,0.604
1279,0.604
1280,0.604
1281,0.604
1282,0.604
1283,0.604
1284,0.604
1285,0.604
1286,0.604
1287,0.604
1288,0.726
1289,0.726
1290,0.726
1291,0.726
1292,0.726
1293,0.726
1294,0.726
1295,0.726
1296,0.726
1297,0.726
1298,0.726
1299,0.726
1300,0.726
1301,0.726
1302,0.726
1303,0.726
1304,0.65
1305,0.65
1306,0.65
1307,0.65
1308,0.65
1309,0.65
1310,0.65
1311,0.65
1312,0.65
1313,0.65
1314,0.65
1315,0.65
1316,0.65
1317,0.65
1318,0.65
1319,0.65
1320,0.446
1321,0.446
1322,0.446
1323,0.446
1324,0.446
1325,0.446
1326,0.446
1327,0.446
1328,0.424
1329,0.424
1330,0.424
1331,0.424
1332,0.517
1333,0.517
1334,0.517
1335,0.517
1336,0.576
1337,0.576
1338,0.576
1339,0.576
1340,0.576
1341,0.576
1342,0.576
1343,0.576
1344,0.576
1345,0.576
1346,0.576
1347,0.576
1348,0.576
1349,0.576
1350,0.576
1351,0.576
1352,0.532
1353,0.532
1354,0.532
1355,0.532
1356,0.408
1357,0.407
1358,0.409
1359,0.407
1360,0.446
1361,0.446
1362,0.446
1363,0.446
1364,0.446
1365,0.446
1366,0.446
1367,0.446
1368,0.472
1369,0.472
1370,0.472
1371,0.472
1372,0.446
1373,0.446
1374,0.446
1375,0.446
1376,0.445
1377,0.445
1378,0.445
1379,0.445
1380,0.517
1381,0.517
1382,0.517
1383,0.517
1384,0.573
1385,0.573
1386,0.573
1387,0.573
1388,0.573
1389,0.573
1390,0.573
1391,0.573
1392,0.573
1393,0.573
1394,0.573
1395,0.573
1396,0.573
1397,0.573
1398,0.573
1399,0.573
1400,0.535
1401,0.535
1402,0.535
1403,0.535
1404,0.55
1405,0.55
1406,0.55
1407,0.55
1408,0.664
1409,0.664
1410,0.664
1411,0.664
1412,0.545
1413,0.545
1414,0.545
1415,0.545
1416,0.598
1417,0.598
1418,0.598
1419,0.598
1420,0.598
1421,0.598
1422,0.598
1423,0.598
1424,0.643
1425,0.643
1426,0.643
1427,0.643
1428,0.643
1429,0.643
1430,0.643
1431,0.643
1432,0.577
1433,0.577
1434,0.577
1435,0.577
1436,0.577
1437,0.577
1438,0.577
1439,0.577
1440,0.577
1441,0.577
1442,0.577
1443,0.577
1444,0.577
1445,0.577
1446,0.577
1447,0.577
1448,0.643
1449,0.643
1450,0.643
1451,0.643
1452,0.643
1453,0.643
1454,0.643
1455,0.643
1456,0.598
1457,0.598
1458,0.598
1459,0.598
1460,0.598
1461,0.598
1462,0.598
1463,0.598
1464,0.459
1465,0.459
1466,0.459
1467,0.459
1468,0.47
1469,0.47
1470,0.47
1471,0.47
1472,0.5
1473,0.5
1474,0.5
1475,0.5
1476,0.57
1477,0.57
1478,0.57
1479,0.57
1480,0.584
1481,0.584
1482,0.584
1483,0.584
1484,0.584
1485,0.584
1486,0.584
1487,0.584
1488,0.584
1489,0.584
1490,0.584
1491,0.584
1492,0.584
1493,0.584
1494,0.584
1495,0.584
1496,0.561
1497,0.561
1498,0.561
1499,0.561
1500,0.543
1501,0.543
1502,0.543
1503,0.543
1504,0.594
1505,0.594
1506,0.594
1507,0.594
1508,0.508
1509,0.508
1510,0.501
1511,0.508
1512,0.501
1513,0.501
1514,0.501
1515,0.501
1516,0.584
1517,0.584
1518,0.74
1519,0.584
1520,0.467
1521,0.467
1522,0.467
1523,0.467
1524,0.481
1525,0.481
1526,0.481
1527,0.481
1528,0.555
1529,0.611
1530,0.537
1531,0.537
1532,0.592
1533,0.554
1534,0.537
1535,0.553
1536,0.382
1537,0.382
1538,0.382
1539,0.382
1540,0.382
1541,0.382
1542,0.382
1543,0.382
1544,0.44
1545,0.44
1546,0.44
1547,0.44
1548,0.679
1549,0.679
1550,0.487
1551,0.74
1552,0.74
1553,0.74
1554,0.74
1555,0.764
1556,0.764
1557,0.764
1558,0.764
1559,0.586
1560,0.586
1561,0.586
1562,0.586
1563,0.302
1564,0.302
1565,0.302
1566,0.302
1567,0.487
1568,0.487
1569,0.679
1570,0.487
1571,0.487
1572,0.634
1573,0.634
1574,0.514
1575,0.634
1576,0.632
1577,0.632
1578,0.632
1579,0.632
1580,0.567
1581,0.567
1582,0.567
1583,0.567
1584,0.667
1585,0.65
1586,0.667
1587,0.667
1588,0.667
1589,0.667
1590,0.514
1591,0.667
1592,0.514
1593,0.514
1594,0.514
1595,0.514
1596,0.549
1597,0.549
1598,0.549
1599,0.549
1600,0.719
1601,0.719
1602,0.719
1603,0.719
1604,0.575
1605,0.575
1606,0.575
1607,0.575
1608,0.471
1609,0.471
1610,0.471
1611,0.471
1612,0.683
1613,0.683
1614,0.683
1615,0.683
1616,0.705
1617,0.705
1618,0.705
1619,0.705
1620,0.503
1621,0.503
1622,0.503
1623,0.503
1624,0.603
1625,0.603
1626,0.596
1627,0.603
1628,0.603
1629,0.589
1630,0.589
1631,0.589
1632,0.352
1633,0.589
1634,0.352
1635,0.352
1636,0.589
1637,0.352
1638,0.352
1639,0.429
1640,0.429
1641,0.429
1642,0.429
1643,0.656
1644,0.656
1645,0.656
1646,0.656
1647,0.586
1648,0.586
1649,0.586
1650,0.586
1651,0.414
1652,0.414
1653,0.414
1654,0.414
1655,0.427
1656,0.427
1657,0.427
1658,0.427
1659,0.341
1660,0.341
1661,0.341
1662,0.341
1663,0.444
1664,0.444
1665,0.444
1666,0.444
1667,0.492
1668,0.492
1669,0.492
1670,0.492
1671,0.664
1672,0.664
1673,0.664
1674,0.664
1675,0.706
1676,0.706
1677,0.706
1678,0.706
1679,0.61
1680,0.618
1681,0.619
1682,0.619
1683,0.658
1684,0.658
1685,0.658
1686,0.658
1687,0.65
1688,0.65
1689,0.65
1690,0.65
1691,0.647
1692,0.647
1693,0.647
1694,0.647
1695,0.533
1696,0.533
1697,0.533
1698,0.533
1699,0.549
1700,0.549
1701,0.549
1702,0.549
1703,0.518
1704,0.518
1705,0.518
1706,0.518
1707,0.544
1708,0.544
1709,0.544
1710,0.544
1711,0.592
1712,0.592
1713,0.592
1714,0.592
1715,0.614
1716,0.614
1717,0.614
1718,0.614
1719,0.633
1720,0.633
1721,0.633
1722,0.633
1723,0.652
1724,0.652
1725,0.652
1726,0.652
1727,0.6
1728,0.6
1729,0.6
1730,0.6
1731,0.554
1732,0.554
1733,0.554
1734,0.554
1735,0.656
1736,0.656
1737,0.656
1738,0.656
1739,0.633
1740,0.633
1741,0.633
1742,0.633
1743,0.632
1744,0.632
1745,0.632
1746,0.632
1747,0.579
1748,0.579
1749,0.579
1750,0.579
1751,0.462
1752,0.462
1753,0.462
1754,0.462
1755,0.434
1756,0.434
1757,0.434
1758,0.434
1759,0.445
1760,0.445
1761,0.445
1762,0.445
1763,0.48
1764,0.48
1765,0.48
1766,0.48
1767,0.667
1768,0.667
1769,0.667
1770,0.667
1771,0.456
1772,0.456
1773,0.456
1774,0.456
1775,0.404
1776,0.404
1777,0.404
1778,0.404
1779,0.493
1780,0.493
1781,0.493
1782,0.493
1783,0.385
1784,0.385
1785,0.385
1786,0.385
1787,0.508
1788,0.508
1789,0.508
1790,0.508
1791,0.524
1792,0.524
1793,0.524
1794,0.524
1795,0.523
1796,0.523
1797,0.523
1798,0.523
1799,0.603
1800,0.603
1801,0.603
1802,0.603
1803,0.553
1804,0.553
1805,0.553
1806,0.553
1807,0.553
1808,0.553
1809,0.553
1810,0.553
1811,0.553
1812,0.553
1813,0.557
1814,0.546
1815,0.546
1816,0.546
1817,0.546
1818,0.546
1819,0.546
1820,0.546
1821,0.546
1822,0.557
1823,0.557
1824,0.557
1825,0.557
1826,0.557
1827,0.557
1828,0.557
1829,0.557
1830,0.553
1831,0.553
1832,0.553
1833,0.553
1834,0.553
1835,0.553
1836,0.553
1837,0.553
1838,0.464
1839,0.464
1840,0.464
1841,0.464
1842,0.464
1843,0.464
1844,0.464
1845,0.464
1846,0.588
1847,0.588
1848,0.588
1849,0.588
1850,0.588
1851,0.588
1852,0.588
1853,0.588
1854,0.562
1855,0.562
1856,0.562
1857,0.562
1858,0.562
1859,0.562
1860,0.562
1861,0.562
1862,0.562
1863,0.562
1864,0.562
1865,0.562
1866,0.562
1867,0.562
1868,0.562
1869,0.562
1870,0.588
1871,0.588
1872,0.588
1873,0.588
1874,0.588
1875,0.588
1876,0.588
1877,0.588
1878,0.464
1879,0.464
1880,0.464
1881,0.464
1882,0.464
1883,0.464
1884,0.464
1885,0.464
1886,0.617
1887,0.618
1888,0.617
1889,0.618
1890,0.538
1891,0.538
1892,0.538
1893,0.538
1894,0.595
1895,0.595
1896,0.595
1897,0.595
1898,0.595
1899,0.595
1900,0.595
1901,0.595
1902,0.598
1903,0.598
1904,0.598
1905,0.598
1906,0.598
1907,0.598
1908,0.598
1909,0.598
1910,0.598
1911,0.598
1912,0.598
1913,0.598
1914,0.598
1915,0.598
1916,0.598
1917,0.598
1918,0.595
1919,0.595
1920,0.595
1921,0.595
1922,0.595
1923,0.595
1924,0.595
1925,0.595
1926,0.628
1927,0.628
1928,0.628
1929,0.628
1930,0.617
1931,0.617
1932,0.617
1933,0.617
1934,0.468
1935,0.468
1936,0.468
1937,0.468
1938,0.503
1939,0.503
1940,0.503
1941,0.503
1942,0.518
1943,0.518
1944,0.518
1945,0.518
1946,0.518
1947,0.518
1948,0.518
1949,0.518
1950,0.5
1951,0.5
1952,0.5
1953,0.5
1954,0.5
1955,0.5
1956,0.5
1957,0.5
1958,0.5
1959,0.5
1960,0.5
1961,0.5
1962,0.5
1963,0.5
1964,0.5
1965,0.5
1966,0.518
1967,0.518
1968,0.518
1969,0.518
1970,0.518
1971,0.518
1972,0.518
1973,0.518
1974,0.561
1975,0.561
1976,0.561
1977,0.561
1978,0.533
1979,0.533
1980,0.533
1981,0.533
1982,0.661
1983,0.661
1984,0.661
1985,0.661
1986,0.682
1987,0.682
1988,0.682
1989,0.682
1990,0.599
1991,0.599
1992,0.599
1993,0.599
1994,0.599
1995,0.599
1996,0.599
1997,0.599
1998,0.501
1999,0.501
2000,0.501
2001,0.501
2002,0.501
2003,0.501
2004,0.501
2005,0.501
2006,0.501
2007,0.501
2008,0.501
2009,0.501
2010,0.501
2011,0.501
2012,0.501
2013,0.501
2014,0.599
2015,0.599
2016,0.599
2017,0.599
2018,0.599
2019,0.599
2020,0.599
2021,0.599
2022,0.705
2023,0.705
2024,0.705
2025,0.705
2026,0.612
2027,0.612
2028,0.612
2029,0.612
2030,0.464
2031,0.464
2032,0.555
2033,0.586
2034,0.464
2035,0.465
2036,0.577
2037,0.48
2038,0.59
2039,0.614
2040,0.647
2041,0.647
2042,0.598
2043,0.598
2044,0.598
2045,0.598
2046,0.45
2047,0.45
2048,0.45
2049,0.45
2050,0.493
2051,0.493
2052,0.493
2053,0.493
2054,0.416
2055,0.488
2056,0.359
2057,0.359
2058,0.519
2059,0.519
2060,0.519
2061,0.519
2062,0.649
2063,0.649
2064,0.649
2065,0.649
2066,0.648
2067,0.648
2068,0.599
2069,0.601
2070,0.611
2071,0.48
2072,0.482
2073,0.555
2074,0.555
2075,0.555
2076,0.403
2077,0.403
2078,0.403
2079,0.403
2080,0.516
2081,0.516
2082,0.516
2083,0.516
2084,0.607
2085,0.432
2086,0.552
2087,0.551
2088,0.36
2089,0.405
2090,0.461
2091,0.53
2092,0.504
2093,0.504
2094,0.504
2095,0.504
2096,0.621
2097,0.621
2098,0.621
2099,0.621
2100,0.666
2101,0.666
2102,0.666
2103,0.666
2104,0.568
2105,0.568
2106,0.694
2107,0.694
2108,0.639
2109,0.551
2110,0.551
2111,0.551
2112,0.551
2113,0.448
2114,0.553
2115,0.452
2116,0.659
2117,0.457
2118,0.616
2119,0.659
2120,0.659
2121,0.666
2122,0.666
2123,0.666
2124,0.666
2125,0.663
2126,0.663
2127,0.663
2128,0.663
2129,0.521
2130,0.521
2131,0.521
2132,0.521
2133,0.346
2134,0.346
2135,0.346
2136,0.346
2137,0.427
2138,0.427
2139,0.427
2140,0.427
2141,0.556
2142,0.43
2143,0.426
2144,0.427
2145,0.496
2146,0.496
2147,0.496
2148,0.496
2149,0.515
2150,0.515
2151,0.515
2152,0.515
2153,0.665
2154,0.448
2155,0.266
2156,0.262
2157,0.367
2158,0.693
2159,0.511
2160,0.51
2161,0.569
2162,0.51
2163,0.455
2164,0.506
2165,0.593
2166,0.485
2167,0.367
2168,0.852
2169,0.85
2170,0.749
2171,0.819
2172,0.819
2173,0.819
2174,0.819
2175,0.585
2176,0.585
2177,0.585
2178,0.585
2179,0.577
2180,0.569
2181,0.569
2182,0.569
2183,0.711
2184,0.711
2185,0.711
2186,0.711
2187,0.56
2188,0.577
2189,0.594
2190,0.731
2191,0.694
2192,0.694
2193,0.694
2194,0.694
2195,0.663
2196,0.663
2197,0.663
2198,0.663
2199,0.652
2200,0.652
2201,0.652
2202,0.652
2203,0.625
2204,0.625
2205,0.625
2206,0.625
2207,0.678
2208,0.73
2209,0.623
2210,0.644
2211,0.678
2212,0.678
2213,0.678
2214,0.678
2215,0.678
2216,0.678
2217,0.678
2218,0.678
2219,0.62
2220,0.62
2221,0.62
2222,0.62
2223,0.484
2224,0.681
2225,0.685
2226,0.685
2227,0.681
2228,0.681
2229,0.681
2230,0.681
2231,0.678
2232,0.678
2233,0.678
2234,0.678
2235,0.551
2236,0.551
2237,0.551
2238,0.551
2239,0.551
2240,0.551
2241,0.551
2242,0.551
2243,0.688
2244,0.688
2245,0.688
2246,0.688
2247,0.68
2248,0.68
2249,0.68
2250,0.68
2251,0.554
2252,0.682
2253,0.635
2254,0.637
2255,0.657
2256,0.657
2257,0.657
2258,0.657
2259,0.679
2260,0.679
2261,0.679
2262,0.679
2263,0.688
2264,0.688
2265,0.688
2266,0.688
2267,0.627
2268,0.627
2269,0.627
2270,0.627
2271,0.611
2272,0.611
2273,0.611
2274,0.611
2275,0.482
2276,0.482
2277,0.482
2278,0.482
2279,0.703
2280,0.703
2281,0.703
2282,0.703
2283,0.678
2284,0.678
2285,0.678
2286,0.678
2287,0.658
2288,0.658
2289,0.658
2290,0.658
2291,0.636
2292,0.636
2293,0.636
2294,0.636
2295,0.683
2296,0.683
2297,0.683
2298,0.683
2299,0.679
2300,0.679
2301,0.679
2302,0.679
2303,0.676
2304,0.676
2305,0.676
2306,0.676
2307,0.664
2308,0.664
2309,0.664
2310,0.664
2311,0.567
2312,0.567
2313,0.567
2314,0.567
2315,0.552
2316,0.689
2317,0.553
2318,0.687
2319,0.655
2320,0.655
2321,0.655
2322,0.738
2323,0.738
2324,0.738
2325,0.738
2326,0.709
2327,0.709
2328,0.709
2329,0.709
2330,0.588
2331,0.588
2332,0.79
2333,0.787
2334,0.795
2335,0.649
2336,0.649
2337,0.648
2338,0.648
2339,0.648
2340,0.649
2341,0.494
2342,0.493
2343,0.337
2344,0.337
2345,0.648
2346,0.649
2347,0.512
2348,0.648
2349,0.649
2350,0.648
2351,0.648
2352,0.648
2353,0.274
2354,0.274
2355,0.274
2356,0.274
2357,0.426
2358,0.426
2359,0.426
2360,0.426
2361,0.459
2362,0.459
2363,0.459
2364,0.459
2365,0.593
2366,0.592
2367,0.593
2368,0.593
2369,0.577
2370,0.55
2371,0.591
2372,0.415
2373,0.555
2374,0.558
2375,0.601
2376,0.524
2377,0.656
2378,0.545
2379,0.664
2380,0.645
2381,0.716
2382,0.766
2383,0.651
2384,0.668
2385,0.754
2386,0.754
2387,0.754
2388,0.754
2389,0.709
2390,0.709
2391,0.709
2392,0.709
2393,0.601
2394,0.601
2395,0.601
2396,0.601
2397,0.696
2398,0.696
2399,0.658
2400,0.597
2401,0.623
2402,0.572
2403,0.79
2404,0.627
2405,0.604
2406,0.582
2407,0.699
2408,0.75
2409,0.633
2410,0.645
2411,0.556
2412,0.645
2413,0.693
2414,0.722
2415,0.549
2416,0.549
2417,0.745
2418,0.767
2419,0.554
2420,0.769
2421,0.685
2422,0.685
2423,0.685
2424,0.685
2425,0.645
2426,0.518
2427,0.7
2428,0.591
2429,0.61
2430,0.61
2431,0.61
2432,0.61
2433,0.63
2434,0.63
2435,0.63
2436,0.63
2437,0.606
2438,0.606
2439,0.606
2440,0.606
2441,0.601
2442,0.601
2443,0.601
2444,0.601
2445,0.7
2446,0.591
2447,0.72
2448,0.655
2449,0.762
2450,0.739
2451,0.761
2452,0.731
2453,0.693
2454,0.693
2455,0.693
2456,0.693
2457,0.548
2458,0.548
2459,0.548
2460,0.548
2461,0.412
2462,0.41
2463,0.65
2464,0.651
2465,0.459
2466,0.459
2467,0.459
2468,0.459
2469,0.697
2470,0.697
2471,0.697
2472,0.697
2473,0.678
2474,0.678
2475,0.678
2476,0.678
2477,0.695
2478,0.695
2479,0.695
2480,0.695
2481,0.695
2482,0.695
2483,0.695
2484,0.695
2485,0.788
2486,0.788
2487,0.788
2488,0.788
2489,0.787
2490,0.787
2491,0.787
2492,0.787
2493,0.557
2494,0.633
2495,0.557
2496,0.715
2497,0.662
2498,0.662
2499,0.662
2500,0.662
2501,0.625
2502,0.625
2503,0.625
2504,0.625
2505,0.606
2506,0.606
2507,0.606
2508,0.606
2509,0.612
2510,0.612
2511,0.674
2512,0.672
2513,0.71
2514,0.628
2515,0.604
2516,0.571
2517,0.634
2518,0.558
2519,0.581
2520,0.685
2521,0.685
2522,0.499
2523,0.591
2524,0.566
2525,0.554
2526,0.633
2527,0.565
2528,0.53
2529,0.492
2530,0.607
2531,0.531
2532,0.531
2533,0.531
2534,0.531
2535,0.692
2536,0.676
2537,0.576
2538,0.643
2539,0.454
2540,0.589
2541,0.42
2542,0.551
2543,0.506
2544,0.586
2545,0.563
2546,0.615
2547,0.468
2548,0.651
2549,0.439
2550,0.606
2551,0.576
2552,0.615
2553,0.479
2554,0.57
2555,0.689
2556,0.642
2557,0.689
2558,0.657
2559,0.42
2560,0.536
2561,0.675
2562,0.654
2563,0.623
2564,0.577
2565,0.775
2566,0.775
2567,0.775
2568,0.738
2569,0.77
2570,0.77
2571,0.759
2572,0.686
2573,0.62
2574,0.62
2575,0.479
2576,0.489
2577,0.479
2578,0.485
2579,0.523
2580,0.718
2581,0.718
2582,0.672
2583,0.672
2584,0.672
2585,0.676
2586,0.685
2587,0.72
2588,0.72
2589,0.72
2590,0.72
2591,0.72
2592,0.72
2593,0.72
2594,0.72
2595,0.597
2596,0.604
2597,0.742
2598,0.742
2599,0.682
2600,0.682
2601,0.861
2602,0.436
2603,0.591
2604,0.729
2605,0.729
2606,0.725
2607,0.655
2608,0.568
2609,0.613
2610,0.549
2611,0.63
2612,0.562
2613,0.56
2614,0.426
2615,0.426
2616,0.712
2617,0.71
2618,0.656
2619,0.639
2620,0.684
2621,0.684
2622,0.684
2623,0.684
2624,0.578
2625,0.578
2626,0.578
2627,0.578
2628,0.614
2629,0.614
2630,0.614
2631,0.614
2632,0.636
2633,0.668
2634,0.635
2635,0.665
2636,0.625
2637,0.625
2638,0.625
2639,0.625
2640,0.598
2641,0.598
2642,0.598
2643,0.598
2644,0.521
2645,0.393
2646,0.506
2647,0.393
2648,0.498
2649,0.488
2650,0.679
2651,0.679
2652,0.679
2653,0.679
2654,0.804
2655,0.804
2656,0.804
2657,0.804
2658,0.65
2659,0.65
2660,0.65
2661,0.65
2662,0.65
2663,0.65
2664,0.65
2665,0.65
2666,0.65
2667,0.65
2668,0.65
2669,0.65
2670,0.804
2671,0.804
2672,0.804
2673,0.804
2674,0.804
2675,0.804
2676,0.804
2677,0.804
2678,0.679
2679,0.679
2680,0.679
2681,0.679
2682,0.679
2683,0.679
2684,0.679
2685,0.679
2686,0.577
2687,0.577
2688,0.577
2689,0.577
2690,0.577
2691,0.577
2692,0.577
2693,0.577
2694,0.522
2695,0.522
2696,0.522
2697,0.522
2698,0.522
2699,0.522
2700,0.522
2701,0.522
2702,0.601
2703,0.601
2704,0.601
2705,0.601
2706,0.616
2707,0.616
2708,0.616
2709,0.616
2710,0.65
2711,0.65
2712,0.65
2713,0.65
2714,0.649
2715,0.649
2716,0.649
2717,0.649
2718,0.522
2719,0.522
2720,0.522
2721,0.522
2722,0.522
2723,0.522
2724,0.522
2725,0.522
2726,0.577
2727,0.577
2728,0.577
2729,0.577
2730,0.577
2731,0.577
2732,0.577
2733,0.577
2734,0.469
2735,0.473
2736,0.521
2737,0.681
2738,0.588
2739,0.588
2740,0.588
2741,0.588
2742,0.611
2743,0.611
2744,0.611
2745,0.611
2746,0.611
2747,0.611
2748,0.611
2749,0.611
2750,0.722
2751,0.722
2752,0.722
2753,0.722
2754,0.722
2755,0.722
2756,0.722
2757,0.722
2758,0.722
2759,0.722
2760,0.722
2761,0.722
2762,0.722
2763,0.722
2764,0.722
2765,0.722
2766,0.611
2767,0.611
2768,0.611
2769,0.611
2770,0.611
2771,0.611
2772,0.611
2773,0.611
2774,0.605
2775,0.605
2776,0.605
2777,0.605
2778,0.599
2779,0.67
2780,0.532
2781,0.569
2782,0.687
2783,0.687
2784,0.687
2785,0.687
2786,0.713
2787,0.713
2788,0.752
2789,0.752
2790,0.701
2791,0.701
2792,0.678
2793,0.678
2794,0.678
2795,0.678
2796,0.677
2797,0.677
2798,0.701
2799,0.701
2800,0.67
2801,0.67
2802,0.752
2803,0.752
2804,0.653
2805,0.653
2806,0.713
2807,0.713
2808,0.675
2809,0.675
2810,0.687
2811,0.687
2812,0.687
2813,0.687
2814,0.687
2815,0.687
2816,0.687
2817,0.687
2818,0.695
2819,0.695
2820,0.695
2821,0.695
2822,0.687
2823,0.687
2824,0.73
2825,0.666
2826,0.58
2827,0.58
2828,0.58
2829,0.58
2830,0.569
2831,0.575
2832,0.436
2833,0.561
2834,0.548
2835,0.548
2836,0.548
2837,0.548
2838,0.448
2839,0.448
2840,0.448
2841,0.448
2842,0.404
2843,0.404
2844,0.404
2845,0.404
2846,0.543
2847,0.543
2848,0.543
2849,0.543
2850,0.656
2851,0.656
2852,0.656
2853,0.656
2854,0.534
2855,0.534
2856,0.534
2857,0.534
2858,0.735
2859,0.735
2860,0.735
2861,0.735
2862,0.779
2863,0.779
2864,0.779
2865,0.785
2866,0.58
2867,0.58
2868,0.58
2869,0.58
2870,0.58
2871,0.58
2872,0.58
2873,0.58
2874,0.508
2875,0.508
2876,0.65
2877,0.508
2878,0.757
2879,0.757
2880,0.757
2881,0.757
2882,0.547
2883,0.547
2884,0.547
2885,0.547
2886,0.354
2887,0.354
2888,0.354
2889,0.354
2890,0.536
2891,0.536
2892,0.536
2893,0.536
2894,0.539
2895,0.539
2896,0.539
2897,0.539
2898,0.663
2899,0.663
2900,0.663
2901,0.663
2902,0.656
2903,0.656
2904,0.656
2905,0.656
2906,0.58
2907,0.58
2908,0.58
2909,0.58
2910,0.58
2911,0.58
2912,0.58
2913,0.58
2914,0.658
2915,0.658
2916,0.693
2917,0.639
2918,0.647
2919,0.662
2920,0.706
2921,0.706
2922,0.706
2923,0.706
2924,0.694
2925,0.694
2926,0.694
2927,0.694
2928,0.73
2929,0.73
2930,0.73
2931,0.73
2932,0.611
2933,0.611
2934,0.611
2935,0.611
2936,0.52
2937,0.52
2938,0.52
2939,0.52
2940,0.553
2941,0.539
2942,0.444
2943,0.443
2944,0.696
2945,0.667
2946,0.681
2947,0.665
2948,0.669
2949,0.669
2950,0.669
2951,0.669
2952,0.731
2953,0.731
2954,0.731
2955,0.731
2956,0.731
2957,0.731
2958,0.731
2959,0.731
2960,0.731
2961,0.731
2962,0.731
2963,0.731
2964,0.72
2965,0.72
2966,0.72
2967,0.72
2968,0.664
2969,0.709
2970,0.709
2971,0.722
2972,0.664
2973,0.663
2974,0.664
2975,0.67
2976,0.663
2977,0.663
2978,0.635
2979,0.633
2980,0.636
2981,0.685
2982,0.744
2983,0.75
2984,0.743
2985,0.743
2986,0.743
2987,0.743
2988,0.721
2989,0.721
2990,0.721
2991,0.721
2992,0.719
2993,0.719
2994,0.719
2995,0.719
2996,0.747
2997,0.747
2998,0.747
2999,0.747
3000,0.748
3001,0.748
3002,0.624
3003,0.624
3004,0.648
3005,0.648
3006,0.648
3007,0.648
3008,0.72
3009,0.72
3010,0.72
3011,0.72
3012,0.716
3013,0.716
3014,0.716
3015,0.716
3016,0.75
3017,0.75
3018,0.75
3019,0.75
3020,0.691
3021,0.578
3022,0.578
3023,0.578
3024,0.578
3025,0.713
3026,0.713
3027,0.713
3028,0.713
3029,0.74
3030,0.74
3031,0.74
3032,0.74
3033,0.741
3034,0.741
3035,0.741
3036,0.741
3037,0.433
3038,0.433
3039,0.433
3040,0.433
3041,0.585
3042,0.585
3043,0.585
3044,0.585
3045,0.592
3046,0.592
3047,0.592
3048,0.592
3049,0.479
3050,0.479
3051,0.479
3052,0.48
3053,0.675
3054,0.669
3055,0.825
3056,0.702
3057,0.708
3058,0.708
3059,0.708
3060,0.708
3061,0.726
3062,0.708
3063,0.617
3064,0.614
3065,0.695
3066,0.695
3067,0.695
3068,0.695
3069,0.717
3070,0.717
3071,0.717
3072,0.717
3073,0.486
3074,0.695
3075,0.699
3076,0.718
3077,0.695
3078,0.695
3079,0.695
3080,0.695
3081,0.706
3082,0.714
3083,0.707
3084,0.721
3085,0.709
3086,0.709
3087,0.709
3088,0.709
3089,0.565
3090,0.565
3091,0.565
3092,0.565
3093,0.517
3094,0.716
3095,0.621
3096,0.572
3097,0.622
3098,0.589
3099,0.591
3100,0.499
3101,0.62
3102,0.538
3103,0.546
3104,0.599
3105,0.599
3106,0.6
3107,0.656
3108,0.702
3109,0.674
3110,0.702
3111,0.702
3112,0.702
3113,0.702
3114,0.702
3115,0.689
3116,0.674
3117,0.674
3118,0.674
3119,0.712
3120,0.749
3121,0.7
3122,0.75
3123,0.694
3124,0.633
3125,0.649
3126,0.618
3127,0.67
3128,0.571
3129,0.571
3130,0.571
3131,0.571
3132,0.567
3133,0.567
3134,0.567
3135,0.567
3136,0.549
3137,0.549
3138,0.549
3139,0.549
3140,0.568
3141,0.568
3142,0.568
3143,0.568
3144,0.552
3145,0.518
3146,0.552
3147,0.518
3148,0.696
3149,0.651
3150,0.696
3151,0.651
3152,0.598
3153,0.565
3154,0.517
3155,0.49
3156,0.636
3157,0.636
3158,0.636
3159,0.636
3160,0.556
3161,0.567
3162,0.743
3163,0.731
3164,0.549
3165,0.549
3166,0.436
3167,0.447
3168,0.617
3169,0.617
3170,0.617
3171,0.617
3172,0.716
3173,0.716
3174,0.711
3175,0.715
3176,0.641
3177,0.652
3178,0.641
3179,0.666
3180,0.624
3181,0.641
3182,0.624
3183,0.641
3184,0.75
3185,0.717
3186,0.75
3187,0.704
3188,0.52
3189,0.519
3190,0.589
3191,0.508
3192,0.552
3193,0.52
3194,0.592
3195,0.621
3196,0.645
3197,0.645
3198,0.837
3199,0.596
3200,0.633
3201,0.594
3202,0.6
3203,0.6
3204,0.6
3205,0.6
3206,0.591
3207,0.574
3208,0.594
3209,0.599
3210,0.683
3211,0.652
3212,0.652
3213,0.627
3214,0.644
3215,0.644
3216,0.644
3217,0.644
3218,0.661
3219,0.667
3220,0.65
3221,0.65
3222,0.651
3223,0.65
3224,0.619
3225,0.633
3226,0.593
3227,0.597
3228,0.59
3229,0.598
3230,0.586
3231,0.697
3232,0.701
3233,0.698
3234,0.701
3235,0.647
3236,0.673
3237,0.647
3238,0.673
3239,0.634
3240,0.664
3241,0.734
3242,0.669
3243,0.472
3244,0.597
3245,0.711
3246,0.718
3247,0.711
3248,0.6
3249,0.652
3250,0.652
3251,0.652
3252,0.652
3253,0.652
3254,0.652
3255,0.652
3256,0.652
3257,0.636
3258,0.636
3259,0.636
3260,0.636
3261,0.636
3262,0.636
3263,0.636
3264,0.636
3265,0.636
3266,0.636
3267,0.636
3268,0.636
3269,0.636
3270,0.636
3271,0.636
3272,0.636
3273,0.636
3274,0.636
3275,0.636
3276,0.636
3277,0.636
3278,0.636
3279,0.636
3280,0.636
3281,0.636
3282,0.636
3283,0.636
3284,0.636
3285,0.636
3286,0.636
3287,0.636
3288,0.636
3289,0.652
3290,0.652
3291,0.652
3292,0.652
3293,0.652
3294,0.652
3295,0.652
3296,0.652
3297,0.647
3298,0.647
3299,0.647
3300,0.647
3301,0.647
3302,0.647
3303,0.647
3304,0.647
3305,0.618
3306,0.618
3307,0.618
3308,0.618
3309,0.618
3310,0.618
3311,0.618
3312,0.618
3313,0.636
3314,0.636
3315,0.636
3316,0.636
3317,0.636
3318,0.636
3319,0.636
3320,0.636
3321,0.636
3322,0.636
3323,0.636
3324,0.636
3325,0.636
3326,0.636
3327,0.636
3328,0.636
3329,0.618
3330,0.618
3331,0.618
3332,0.618
3333,0.618
3334,0.618
3335,0.618
3336,0.618
3337,0.647
3338,0.647
3339,0.647
3340,0.647
3341,0.647
3342,0.647
3343,0.647
3344,0.647
3345,0.638
3346,0.638
3347,0.638
3348,0.638
3349,0.638
3350,0.638
3351,0.638
3352,0.638
3353,0.601
3354,0.601
3355,0.601
3356,0.601
3357,0.601
3358,0.601
3359,0.601
3360,0.601
3361,0.636
3362,0.636
3363,0.636
3364,0.636
3365,0.636
3366,0.636
3367,0.636
3368,0.636
3369,0.636
3370,0.636
3371,0.636
3372,0.636
3373,0.636
3374,0.636
3375,0.636
3376,0.636
3377,0.601
3378,0.601
3379,0.601
3380,0.601
3381,0.601
3382,0.601
3383,0.601
3384,0.601
3385,0.638
3386,0.638
3387,0.638
3388,0.638
3389,0.638
3390,0.638
3391,0.638
3392,0.638
3393,0.662
3394,0.467
3395,0.694
3396,0.647
3397,0.499
3398,0.499
3399,0.512
3400,0.502
3401,0.534
3402,0.534
3403,0.534
3404,0.534
3405,0.534
3406,0.534
3407,0.534
3408,0.534
3409,0.509
3410,0.509
3411,0.509
3412,0.509
3413,0.509
3414,0.509
3415,0.509
3416,0.509
3417,0.509
3418,0.509
3419,0.509
3420,0.509
3421,0.509
3422,0.509
3423,0.509
3424,0.509
3425,0.534
3426,0.534
3427,0.534
3428,0.534
3429,0.534
3430,0.534
3431,0.534
3432,0.534
3433,0.623
3434,0.623
3435,0.623
3436,0.623
3437,0.57
3438,0.586
3439,0.593
3440,0.597
3441,0.657
3442,0.657
3443,0.657
3444,0.657
3445,0.606
3446,0.606
3447,0.606
3448,0.606
3449,0.612
3450,0.611
3451,0.629
3452,0.698
3453,0.574
3454,0.574
3455,0.574
3456,0.574
3457,0.677
3458,0.677
3459,0.677
3460,0.677
3461,0.677
3462,0.677
3463,0.677
3464,0.677
3465,0.677
3466,0.677
3467,0.677
3468,0.677
3469,0.677
3470,0.677
3471,0.677
3472,0.677
3473,0.724
3474,0.724
3475,0.724
3476,0.724
3477,0.723
3478,0.723
3479,0.723
3480,0.723
3481,0.65
3482,0.65
3483,0.65
3484,0.65
3485,0.726
3486,0.726
3487,0.726
3488,0.726
3489,0.727
3490,0.727
3491,0.727
3492,0.727
3493,0.709
3494,0.709
3495,0.709
3496,0.709
3497,0.668
3498,0.668
3499,0.667
3500,0.67
3501,0.724
3502,0.724
3503,0.724
3504,0.724
3505,0.776
3506,0.776
3507,0.776
3508,0.776
3509,0.776
3510,0.776
3511,0.776
3512,0.776
3513,0.776
3514,0.776
3515,0.776
3516,0.776
3517,0.776
3518,0.776
3519,0.776
3520,0.776
3521,0.758
3522,0.758
3523,0.758
3524,0.758
3525,0.664
3526,0.668
3527,0.686
3528,0.731
3529,0.659
3530,0.659
3531,0.659
3532,0.659
3533,0.566
3534,0.566
3535,0.566
3536,0.566
3537,0.513
3538,0.513
3539,0.513
3540,0.513
3541,0.503
3542,0.505
3543,0.509
3544,0.551
3545,0.434
3546,0.351
3547,0.402
3548,0.51
3549,0.346
3550,0.541
3551,0.596
3552,0.69
3553,0.737
3554,0.737
3555,0.737
3556,0.737
3557,0.703
3558,0.682
3559,0.612
3560,0.609
3561,0.687
3562,0.687
3563,0.687
3564,0.687
3565,0.682
3566,0.682
3567,0.682
3568,0.682
3569,0.782
3570,0.734
3571,0.781
3572,0.733
3573,0.624
3574,0.624
3575,0.624
3576,0.624
3577,0.702
3578,0.702
3579,0.702
3580,0.702
3581,0.668
3582,0.668
3583,0.668
3584,0.668
3585,0.707
3586,0.707
3587,0.707
3588,0.707
3589,0.716
3590,0.716
3591,0.716
3592,0.716
3593,0.653
3594,0.653
3595,0.653
3596,0.653
3597,0.632
3598,0.632
3599,0.632
3600,0.632
3601,0.584
3602,0.584
3603,0.584
3604,0.584
3605,0.568
3606,0.568
3607,0.568
3608,0.568
3609,0.667
3610,0.667
3611,0.667
3612,0.667
3613,0.651
3614,0.651
3615,0.651
3616,0.651
3617,0.619
3618,0.619
3619,0.619
3620,0.619
3621,0.665
3622,0.665
3623,0.665
3624,0.665
3625,0.727
3626,0.727
3627,0.727
3628,0.727
3629,0.733
3630,0.752
3631,0.67
3632,0.703
3633,0.604
3634,0.604
3635,0.604
3636,0.604
3637,0.573
3638,0.573
3639,0.573
3640,0.573
3641,0.727
3642,0.615
3643,0.446
3644,0.569
3645,0.647
3646,0.647
3647,0.647
3648,0.647
3649,0.635
3650,0.653
3651,0.659
3652,0.645
3653,0.682
3654,0.636
3655,0.642
3656,0.645
3657,0.685
3658,0.685
3659,0.685
3660,0.685
3661,0.711
3662,0.711
3663,0.711
3664,0.711
3665,0.72
3666,0.72
3667,0.72
3668,0.72
3669,0.744
3670,0.744
3671,0.744
3672,0.744
3673,0.713
3674,0.713
3675,0.713
3676,0.713
3677,0.712
3678,0.712
3679,0.712
3680,0.712
3681,0.57
3682,0.57
3683,0.57
3684,0.57
3685,0.642
3686,0.642
3687,0.642
3688,0.642
3689,0.643
3690,0.643
3691,0.643
3692,0.643
3693,0.727
3694,0.727
3695,0.727
3696,0.727
3697,0.768
3698,0.768
3699,0.768
3700,0.768
3701,0.768
3702,0.768
3703,0.768
3704,0.768
3705,0.636
3706,0.636
3707,0.636
3708,0.636
3709,0.611
3710,0.611
3711,0.611
3712,0.611
3713,0.73
3714,0.73
3715,0.73
3716,0.73
3717,0.659
3718,0.659
3719,0.659
3720,0.659
3721,0.651
3722,0.651
3723,0.651
3724,0.651
3725,0.63
3726,0.63
3727,0.63
3728,0.63
3729,0.664
3730,0.664
3731,0.664
3732,0.664
3733,0.649
3734,0.649
3735,0.649
3736,0.649
3737,0.649
3738,0.649
3739,0.649
3740,0.649
3741,0.643
3742,0.643
3743,0.643
3744,0.643
3745,0.726
3746,0.726
3747,0.726
3748,0.726
3749,0.726
3750,0.726
3751,0.726
3752,0.726
3753,0.744
3754,0.744
3755,0.744
3756,0.744
3757,0.734
3758,0.734
3759,0.734
3760,0.734
3761,0.599
3762,0.599
3763,0.599
3764,0.599
3765,0.622
3766,0.622
3767,0.622
3768,0.622
3769,0.62
3770,0.62
3771,0.62
3772,0.62
3773,0.664
3774,0.664
3775,0.664
3776,0.664
3777,0.598
3778,0.598
3779,0.598
3780,0.598
3781,0.596
3782,0.596
3783,0.598
3784,0.599
3785,0.633
3786,0.645
3787,0.644
3788,0.645
3789,0.642
3790,0.597
3791,0.64
3792,0.679
3793,0.738
3794,0.738
3795,0.738
3796,0.738
3797,0.744
3798,0.744
3799,0.744
3800,0.744
3801,0.744
3802,0.744
3803,0.744
3804,0.744
3805,0.732
3806,0.732
3807,0.732
3808,0.732
3809,0.647
3810,0.647
3811,0.647
3812,0.647
3813,0.657
3814,0.657
3815,0.657
3816,0.657
3817,0.7
3818,0.704
3819,0.7
3820,0.71
3821,0.7
3822,0.7
3823,0.7
3824,0.7
3825,0.622
3826,0.599
3827,0.599
3828,0.599
3829,0.599
3830,0.574
3831,0.574
3832,0.574
3833,0.574
3834,0.622
3835,0.622
3836,0.622
3837,0.667
3838,0.667
3839,0.667
3840,0.667
3841,0.667
3842,0.64
3843,0.64
3844,0.64
3845,0.64
3846,0.644
3847,0.644
3848,0.644
3849,0.644
3850,0.66
3851,0.66
3852,0.66
3853,0.66
3854,0.67
3855,0.67
3856,0.67
3857,0.67
3858,0.67
3859,0.622
3860,0.622
3861,0.622
3862,0.622
3863,0.622
3864,0.626
3865,0.626
3866,0.626
3867,0.626
3868,0.651
3869,0.651
3870,0.651
3871,0.651
3872,0.646
3873,0.646
3874,0.646
3875,0.646
3876,0.66
3877,0.66
3878,0.66
3879,0.66
3880,0.605
3881,0.605
3882,0.605
3883,0.605
3884,0.544
3885,0.578
3886,0.626
3887,0.656
3888,0.6
3889,0.567
3890,0.714
3891,0.628
3892,0.708
3893,0.708
3894,0.708
3895,0.708
3896,0.703
3897,0.703
3898,0.704
3899,0.704
3900,0.704
3901,0.704
3902,0.704
3903,0.704
3904,0.703
3905,0.696
3906,0.696
3907,0.696
3908,0.696
3909,0.696
3910,0.696
3911,0.696
3912,0.696
3913,0.719
3914,0.719
3915,0.719
3916,0.719
3917,0.719
3918,0.719
3919,0.719
3920,0.719
3921,0.699
3922,0.699
3923,0.699
3924,0.699
3925,0.699
3926,0.699
3927,0.699
3928,0.699
3929,0.699
3930,0.699
3931,0.699
3932,0.699
3933,0.699
3934,0.699
3935,0.699
3936,0.699
3937,0.719
3938,0.719
3939,0.719
3940,0.719
3941,0.719
3942,0.719
3943,0.719
3944,0.719
3945,0.696
3946,0.696
3947,0.696
3948,0.696
3949,0.696
3950,0.696
3951,0.719
3952,0.719
3953,0.719
3954,0.719
3955,0.719
3956,0.719
3957,0.719
3958,0.727
3959,0.727
3960,0.727
3961,0.727
3962,0.727
3963,0.727
3964,0.727
3965,0.727
3966,0.788
3967,0.788
3968,0.788
3969,0.788
3970,0.787
3971,0.787
3972,0.787
3973,0.787
3974,0.784
3975,0.784
3976,0.784
3977,0.784
3978,0.695
3979,0.695
3980,0.695
3981,0.695
3982,0.673
3983,0.673
3984,0.673
3985,0.673
3986,0.666
3987,0.666
3988,0.666
3989,0.666
3990,0.667
3991,0.667
3992,0.667
3993,0.667
3994,0.665
3995,0.665
3996,0.665
3997,0.665
3998,0.704
3999,0.704
4000,0.704
4001,0.704
4002,0.779
4003,0.771
4004,0.616
4005,0.589
4006,0.778
4007,0.778
4008,0.778
4009,0.778
4010,0.743
4011,0.775
4012,0.662
4013,0.675
4014,0.632
4015,0.633
4016,0.61
4017,0.61
4018,0.649
4019,0.619
4020,0.602
4021,0.603
4022,0.542
4023,0.542
4024,0.542
4025,0.542
4026,0.732
4027,0.732
4028,0.732
4029,0.732
4030,0.724
4031,0.724
4032,0.724
4033,0.724
4034,0.698
4035,0.698
4036,0.698
4037,0.698
4038,0.628
4039,0.628
4040,0.628
4041,0.628
4042,0.598
4043,0.621
4044,0.583
4045,0.613
4046,0.585
4047,0.588
4048,0.58
4049,0.584
4050,0.545
4051,0.545
4052,0.557
4053,0.545
4054,0.723
4055,0.723
4056,0.723
4057,0.723
4058,0.632
4059,0.632
4060,0.632
4061,0.632
4062,0.631
4063,0.631
4064,0.631
4065,0.631
4066,0.631
4067,0.631
4068,0.631
4069,0.631
4070,0.558
4071,0.558
4072,0.558
4073,0.558
4074,0.565
4075,0.565
4076,0.565
4077,0.565
4078,0.521
4079,0.733
4080,0.635
4081,0.681
4082,0.73
4083,0.73
4084,0.73
4085,0.73
4086,0.687
4087,0.687
4088,0.687
4089,0.687
4090,0.667
4091,0.667
4092,0.667
4093,0.667
4094,0.668
4095,0.668
4096,0.668
4097,0.668
4098,0.56
4099,0.56
4100,0.56
4101,0.56
4102,0.631
4103,0.631
4104,0.631
4105,0.631
4106,0.631
4107,0.631
4108,0.631
4109,0.631
4110,0.766
4111,0.766
4112,0.766
4113,0.766
4114,0.778
4115,0.778
4116,0.778
4117,0.778
4118,0.618
4119,0.618
4120,0.618
4121,0.618
4122,0.786
4123,0.786
4124,0.786
4125,0.786
4126,0.796
4127,0.796
4128,0.796
4129,0.796
4130,0.796
4131,0.796
4132,0.796
4133,0.796
4134,0.671
4135,0.671
4136,0.671
4137,0.671
4138,0.788
4139,0.748
4140,0.728
4141,0.616
4142,0.759
4143,0.787
4144,0.764
4145,0.642
4146,0.718
4147,0.553
4148,0.666
4149,0.553
4150,0.785
4151,0.785
4152,0.785
4153,0.785
4154,0.767
4155,0.767
4156,0.767
4157,0.767
4158,0.661
4159,0.661
4160,0.661
4161,0.661
4162,0.674
4163,0.674
4164,0.674
4165,0.674
4166,0.698
4167,0.698
4168,0.698
4169,0.698
4170,0.7
4171,0.7
4172,0.7
4173,0.7
4174,0.611
4175,0.611
4176,0.611
4177,0.611
4178,0.564
4179,0.564
4180,0.564
4181,0.564
4182,0.617
4183,0.617
4184,0.617
4185,0.617
4186,0.693
4187,0.693
4188,0.693
4189,0.693
4190,0.704
4191,0.704
4192,0.704
4193,0.704
4194,0.68
4195,0.68
4196,0.68
4197,0.68
4198,0.675
4199,0.675
4200,0.675
4201,0.675
4202,0.562
4203,0.562
4204,0.562
4205,0.562
4206,0.487
4207,0.487
4208,0.487
4209,0.487
4210,0.703
4211,0.703
4212,0.703
4213,0.703
4214,0.653
4215,0.653
4216,0.653
4217,0.653
4218,0.653
4219,0.653
4220,0.653
4221,0.653
4222,0.499
4223,0.499
4224,0.499
4225,0.499
4226,0.541
4227,0.541
4228,0.541
4229,0.541
4230,0.644
4231,0.644
4232,0.644
4233,0.644
4234,0.656
4235,0.656
4236,0.656
4237,0.656
4238,0.653
4239,0.653
4240,0.653
4241,0.653
4242,0.653
4243,0.653
4244,0.653
4245,0.653
4246,0.663
4247,0.663
4248,0.663
4249,0.663
4250,0.511
4251,0.511
4252,0.511
4253,0.511
4254,0.675
4255,0.675
4256,0.675
4257,0.675
4258,0.704
4259,0.704
4260,0.704
4261,0.704
4262,0.666
4263,0.666
4264,0.666
4265,0.666
4266,0.533
4267,0.533
4268,0.533
4269,0.533
4270,0.575
4271,0.588
4272,0.575
4273,0.587
4274,0.617
4275,0.617
4276,0.617
4277,0.617
4278,0.624
4279,0.624
4280,0.624
4281,0.624
4282,0.603
4283,0.603
4284,0.603
4285,0.603
4286,0.612
4287,0.612
4288,0.612
4289,0.612
4290,0.656
4291,0.656
4292,0.656
4293,0.656
4294,0.784
4295,0.784
4296,0.784
4297,0.784
4298,0.652
4299,0.652
4300,0.652
4301,0.652
4302,0.639
4303,0.639
4304,0.639
4305,0.639
4306,0.494
4307,0.741
4308,0.491
4309,0.733
4310,0.673
4311,0.673
4312,0.673
4313,0.673
4314,0.53
4315,0.703
4316,0.53
4317,0.564
4318,0.615
4319,0.615
4320,0.615
4321,0.615
4322,0.651
4323,0.651
4324,0.651
4325,0.651
4326,0.614
4327,0.614
4328,0.614
4329,0.614
4330,0.7
4331,0.7
4332,0.7
4333,0.7
4334,0.415
4335,0.415
4336,0.518
4337,0.517
4338,0.466
4339,0.466
4340,0.466
4341,0.466
4342,0.489
4343,0.372
4344,0.622
4345,0.374
4346,0.65
4347,0.65
4348,0.65
4349,0.65
4350,0.67
4351,0.67
4352,0.67
4353,0.67
4354,0.655
4355,0.655
4356,0.655
4357,0.655
4358,0.566
4359,0.566
4360,0.566
4361,0.566
4362,0.518
4363,0.518
4364,0.518
4365,0.518
4366,0.707
4367,0.712
4368,0.479
4369,0.479
4370,0.503
4371,0.5
4372,0.476
4373,0.477
4374,0.477
4375,0.477
4376,0.477
4377,0.477
4378,0.556
4379,0.556
4380,0.556
4381,0.556
4382,0.644
4383,0.644
4384,0.644
4385,0.644
4386,0.602
4387,0.602
4388,0.602
4389,0.602
4390,0.658
4391,0.658
4392,0.658
4393,0.658
4394,0.675
4395,0.675
4396,0.675
4397,0.675
4398,0.615
4399,0.615
4400,0.615
4401,0.615
4402,0.615
4403,0.615
4404,0.615
4405,0.615
4406,0.568
4407,0.568
4408,0.568
4409,0.568
4410,0.584
4411,0.584
4412,0.584
4413,0.584
4414,0.577
4415,0.577
4416,0.577
4417,0.577
4418,0.577
4419,0.577
4420,0.577
4421,0.577
4422,0.577
4423,0.577
4424,0.577
4425,0.577
4426,0.577
4427,0.577
4428,0.577
4429,0.577
4430,0.583
4431,0.583
4432,0.583
4433,0.583
4434,0.579
4435,0.579
4436,0.579
4437,0.579
4438,0.615
4439,0.615
4440,0.615
4441,0.615
4442,0.615
4443,0.615
4444,0.615
4445,0.615
4446,0.669
4447,0.669
4448,0.669
4449,0.669
4450,0.669
4451,0.669
4452,0.669
4453,0.669
4454,0.574
4455,0.574
4456,0.574
4457,0.574
4458,0.574
4459,0.574
4460,0.574
4461,0.574
4462,0.518
4463,0.518
4464,0.518
4465,0.518
4466,0.518
4467,0.518
4468,0.518
4469,0.518
4470,0.518
4471,0.518
4472,0.518
4473,0.518
4474,0.518
4475,0.518
4476,0.518
4477,0.518
4478,0.574
4479,0.574
4480,0.574
4481,0.574
4482,0.574
4483,0.574
4484,0.574
4485,0.574
4486,0.669
4487,0.669
4488,0.669
4489,0.669
4490,0.669
4491,0.669
4492,0.669
4493,0.669
4494,0.619
4495,0.619
4496,0.619
4497,0.619
4498,0.619
4499,0.619
4500,0.619
4501,0.619
4502,0.634
4503,0.634
4504,0.634
4505,0.634
4506,0.634
4507,0.634
4508,0.634
4509,0.634
4510,0.647
4511,0.647
4512,0.647
4513,0.647
4514,0.647
4515,0.647
4516,0.647
4517,0.647
4518,0.647
4519,0.647
4520,0.647
4521,0.647
4522,0.647
4523,0.647
4524,0.647
4525,0.647
4526,0.634
4527,0.634
4528,0.634
4529,0.634
4530,0.634
4531,0.634
4532,0.634
4533,0.634
4534,0.619
4535,0.619
4536,0.619
4537,0.619
4538,0.619
4539,0.619
4540,0.619
4541,0.619
4542,0.647
4543,0.647
4544,0.647
4545,0.647
4546,0.525
4547,0.525
4548,0.525
4549,0.525
4550,0.484
4551,0.484
4552,0.484
4553,0.484
4554,0.437
4555,0.632
4556,0.516
4557,0.595
4558,0.634
4559,0.634
4560,0.634
4561,0.634
4562,0.633
4563,0.633
4564,0.633
4565,0.633
4566,0.606
4567,0.606
4568,0.606
4569,0.606
4570,0.618
4571,0.618
4572,0.618
4573,0.618
4574,0.591
4575,0.588
4576,0.589
4577,0.588
4578,0.677
4579,0.677
4580,0.677
4581,0.677
4582,0.725
4583,0.725
4584,0.621
4585,0.563
4586,0.677
4587,0.677
4588,0.677
4589,0.677
4590,0.661
4591,0.661
4592,0.661
4593,0.661
4594,0.577
4595,0.593
4596,0.658
4597,0.638
4598,0.579
4599,0.579
4600,0.579
4601,0.579
4602,0.446
4603,0.591
4604,0.66
4605,0.611
4606,0.663
4607,0.756
4608,0.74
4609,0.767
4610,0.72
4611,0.72
4612,0.72
4613,0.72
4614,0.595
4615,0.595
4616,0.595
4617,0.595
4618,0.681
4619,0.681
4620,0.681
4621,0.681
4622,0.642
4623,0.642
4624,0.642
4625,0.642
4626,0.489
4627,0.684
4628,0.486
4629,0.541
4630,0.672
4631,0.477
4632,0.684
4633,0.477
4634,0.649
4635,0.649
4636,0.649
4637,0.649
4638,0.659
4639,0.659
4640,0.659
4641,0.659
4642,0.592
4643,0.592
4644,0.592
4645,0.592
4646,0.518
4647,0.518
4648,0.518
4649,0.518
4650,0.561
4651,0.561
4652,0.561
4653,0.561
4654,0.597
4655,0.597
4656,0.597
4657,0.597
4658,0.597
4659,0.597
4660,0.597
4661,0.597
4662,0.597
4663,0.597
4664,0.597
4665,0.597
4666,0.597
4667,0.597
4668,0.597
4669,0.597
4670,0.666
4671,0.666
4672,0.666
4673,0.666
4674,0.717
4675,0.717
4676,0.717
4677,0.717
4678,0.699
4679,0.699
4680,0.699
4681,0.699
4682,0.701
4683,0.701
4684,0.701
4685,0.701
4686,0.711
4687,0.641
4688,0.744
4689,0.6
4690,0.602
4691,0.502
4692,0.582
4693,0.46
4694,0.564
4695,0.564
4696,0.564
4697,0.564
4698,0.572
4699,0.572
4700,0.572
4701,0.572
4702,0.48
4703,0.48
4704,0.48
4705,0.48
4706,0.82
4707,0.82
4708,0.82
4709,0.82
4710,0.626
4711,0.626
4712,0.626
4713,0.626
4714,0.696
4715,0.696
4716,0.696
4717,0.696
4718,0.63
4719,0.63
4720,0.63
4721,0.63
4722,0.521
4723,0.521
4724,0.521
4725,0.521
4726,0.599
4727,0.599
4728,0.599
4729,0.599
4730,0.602
4731,0.602
4732,0.602
4733,0.602
4734,0.679
4735,0.679
4736,0.679
4737,0.679
4738,0.725
4739,0.725
4740,0.725
4741,0.725
4742,0.628
4743,0.628
4744,0.628
4745,0.628
4746,0.637
4747,0.637
4748,0.637
4749,0.637
4750,0.587
4751,0.587
4752,0.587
4753,0.587
4754,0.598
4755,0.598
4756,0.598
4757,0.598
4758,0.616
4759,0.616
4760,0.616
4761,0.616
4762,0.603
4763,0.603
4764,0.603
4765,0.603
4766,0.763
4767,0.674
4768,0.786
4769,0.75
4770,0.686
4771,0.686
4772,0.686
4773,0.686
4774,0.727
4775,0.727
4776,0.727
4777,0.727
4778,0.719
4779,0.719
4780,0.719
4781,0.719
4782,0.72
4783,0.72
4784,0.72
4785,0.72
4786,0.728
4787,0.728
4788,0.728
4789,0.728
4790,0.729
4791,0.729
4792,0.729
4793,0.729
4794,0.712
4795,0.712
4796,0.712
4797,0.712
4798,0.533
4799,0.582
4800,0.749
4801,0.693
4802,0.676
4803,0.676
4804,0.676
4805,0.676
4806,0.766
4807,0.766
4808,0.766
4809,0.766
4810,0.743
4811,0.743
4812,0.743
4813,0.743
4814,0.723
4815,0.723
4816,0.723
4817,0.723
4818,0.754
4819,0.754
4820,0.754
4821,0.754
4822,0.73
4823,0.73
4824,0.73
4825,0.73
4826,0.728
4827,0.728
4828,0.728
4829,0.728
4830,0.615
4831,0.615
4832,0.615
4833,0.615
4834,0.615
4835,0.615
4836,0.615
4837,0.615
4838,0.521
4839,0.521
4840,0.521
4841,0.521
4842,0.521
4843,0.521
4844,0.521
4845,0.521
4846,0.65
4847,0.65
4848,0.65
4849,0.65
4850,0.65
4851,0.65
4852,0.65
4853,0.65
4854,0.65
4855,0.65
4856,0.65
4857,0.65
4858,0.65
4859,0.65
4860,0.65
4861,0.65
4862,0.521
4863,0.521
4864,0.521
4865,0.521
4866,0.521
4867,0.521
4868,0.521
4869,0.521
4870,0.615
4871,0.615
4872,0.615
4873,0.615
4874,0.615
4875,0.615
4876,0.615
4877,0.615
4878,0.594
4879,0.594
4880,0.594
4881,0.594
4882,0.594
4883,0.594
4884,0.594
4885,0.594
4886,0.693
4887,0.693
4888,0.693
4889,0.693
4890,0.693
4891,0.693
4892,0.693
4893,0.693
4894,0.726
4895,0.726
4896,0.726
4897,0.726
4898,0.726
4899,0.726
4900,0.726
4901,0.726
4902,0.726
4903,0.726
4904,0.726
4905,0.726
4906,0.726
4907,0.726
4908,0.726
4909,0.726
4910,0.693
4911,0.693
4912,0.693
4913,0.693
4914,0.693
4915,0.693
4916,0.693
4917,0.693
4918,0.594
4919,0.594
4920,0.594
4921,0.594
4922,0.594
4923,0.594
4924,0.594
4925,0.594
4926,0.694
4927,0.694
4928,0.694
4929,0.694
4930,0.694
4931,0.694
4932,0.694
4933,0.694
4934,0.72
4935,0.72
4936,0.72
4937,0.72
4938,0.72
4939,0.72
4940,0.72
4941,0.72
4942,0.737
4943,0.737
4944,0.737
4945,0.737
4946,0.737
4947,0.737
4948,0.737
4949,0.737
4950,0.737
4951,0.737
4952,0.737
4953,0.737
4954,0.737
4955,0.737
4956,0.737
4957,0.737
4958,0.72
4959,0.72
4960,0.72
4961,0.72
4962,0.72
4963,0.72
4964,0.72
4965,0.72
4966,0.694
4967,0.694
4968,0.694
4969,0.694
4970,0.694
4971,0.694
4972,0.694
4973,0.694
4974,0.74
4975,0.74
4976,0.74
4977,0.74
4978,0.683
4979,0.683
4980,0.683
4981,0.683
4982,0.647
4983,0.647
4984,0.647
4985,0.647
4986,0.647
4987,0.647
4988,0.647
4989,0.647
4990,0.83
4991,0.83
4992,0.83
4993,0.83
4994,0.783
4995,0.783
4996,0.783
4997,0.783
4998,0.615
4999,0.615
5000,0.615
5001,0.615
5002,0.69
5003,0.69
5004,0.69
5005,0.69
5006,0.647
5007,0.647
5008,0.647
5009,0.647
5010,0.647
5011,0.647
5012,0.647
5013,0.647
5014,0.573
5015,0.573
5016,0.573
5017,0.573
5018,0.741
5019,0.741
5020,0.741
5021,0.741
5022,0.674
5023,0.674
5024,0.674
5025,0.674
5026,0.606
5027,0.606
5028,0.606
5029,0.606
5030,0.58
5031,0.58
5032,0.58
5033,0.58
5034,0.577
5035,0.577
5036,0.577
5037,0.577
5038,0.607
5039,0.607
5040,0.607
5041,0.607
5042,0.606
5043,0.606
5044,0.606
5045,0.606
5046,0.544
5047,0.544
5048,0.544
5049,0.544
5050,0.552
5051,0.552
5052,0.552
5053,0.552
5054,0.608
5055,0.608
5056,0.608
5057,0.608
5058,0.475
5059,0.595
5060,0.593
5061,0.691
5062,0.617
5063,0.566
5064,0.624
5065,0.572
5066,0.466
5067,0.466
5068,0.466
5069,0.466
5070,0.632
5071,0.632
5072,0.632
5073,0.632
5074,0.652
5075,0.652
5076,0.652
5077,0.652
5078,0.68
5079,0.68
5080,0.68
5081,0.68
5082,0.711
5083,0.647
5084,0.697
5085,0.68
5086,0.676
5087,0.676
5088,0.676
5089,0.676
5090,0.577
5091,0.577
5092,0.577
5093,0.577
5094,0.553
5095,0.553
5096,0.553
5097,0.553
5098,0.675
5099,0.675
5100,0.675
5101,0.675
5102,0.712
5103,0.712
5104,0.712
5105,0.712
5106,0.709
5107,0.709
5108,0.709
5109,0.709
5110,0.718
5111,0.718
5112,0.718
5113,0.718
5114,0.725
5115,0.725
5116,0.725
5117,0.725
5118,0.704
5119,0.704
5120,0.704
5121,0.704
5122,0.694
5123,0.694
5124,0.694
5125,0.694
5126,0.71
5127,0.71
5128,0.71
5129,0.71
5130,0.781
5131,0.781
5132,0.781
5133,0.781
5134,0.781
5135,0.781
5136,0.781
5137,0.781
5138,0.78
5139,0.78
5140,0.78
5141,0.78
5142,0.775
5143,0.775
5144,0.775
5145,0.775
5146,0.688
5147,0.688
5148,0.688
5149,0.688
5150,0.694
5151,0.694
5152,0.694
5153,0.694
5154,0.704
5155,0.704
5156,0.704
5157,0.704
5158,0.703
5159,0.703
5160,0.703
5161,0.633
5162,0.633
5163,0.633
5164,0.633
5165,0.605
5166,0.605
5167,0.605
5168,0.605
5169,0.531
5170,0.531
5171,0.531
5172,0.531
5173,0.544
5174,0.544
5175,0.544
5176,0.544
5177,0.66
5178,0.66
5179,0.66
5180,0.66
5181,0.559
5182,0.559
5183,0.559
5184,0.559
5185,0.544
5186,0.553
5187,0.546
5188,0.549
5189,0.535
5190,0.535
5191,0.535
5192,0.535
5193,0.581
5194,0.581
5195,0.581
5196,0.581
5197,0.723
5198,0.723
5199,0.723
5200,0.723
5201,0.626
5202,0.626
5203,0.626
5204,0.626
5205,0.73
5206,0.73
5207,0.73
5208,0.73
5209,0.684
5210,0.684
5211,0.684
5212,0.684
5213,0.674
5214,0.674
5215,0.674
5216,0.674
5217,0.606
5218,0.644
5219,0.733
5220,0.705
5221,0.644
5222,0.658
5223,0.722
5224,0.723
5225,0.71
5226,0.71
5227,0.71
5228,0.71
5229,0.685
5230,0.685
5231,0.685
5232,0.685
5233,0.685
5234,0.685
5235,0.685
5236,0.685
5237,0.686
5238,0.686
5239,0.686
5240,0.686
5241,0.678
5242,0.678
5243,0.678
5244,0.678
5245,0.675
5246,0.675
5247,0.655
5248,0.655
5249,0.841
5250,0.844
5251,0.815
5252,0.708
5253,0.544
5254,0.544
5255,0.544
5256,0.544
5257,0.544
5258,0.544
5259,0.544
5260,0.544
5261,0.544
5262,0.544
5263,0.544
5264,0.544
5265,0.544
5266,0.544
5267,0.544
5268,0.544
5269,0.544
5270,0.544
5271,0.544
5272,0.544
5273,0.544
5274,0.544
5275,0.544
5276,0.544
5277,0.544
5278,0.544
5279,0.544
5280,0.544
5281,0.544
5282,0.544
5283,0.544
5284,0.544
5285,0.544
5286,0.544
5287,0.544
5288,0.544
5289,0.544
5290,0.544
5291,0.544
5292,0.544
5293,0.544
5294,0.544
5295,0.544
5296,0.544
5297,0.544
5298,0.544
5299,0.544
5300,0.544
5301,0.544
5302,0.544
5303,0.544
5304,0.544
5305,0.544
5306,0.544
5307,0.544
5308,0.544
5309,0.544
5310,0.544
5311,0.544
5312,0.544
5313,0.544
5314,0.544
5315,0.544
5316,0.544
5317,0.544
5318,0.544
5319,0.544
5320,0.544
5321,0.544
5322,0.544
5323,0.544
5324,0.544
5325,0.544
5326,0.544
5327,0.544
5328,0.544
5329,0.544
5330,0.544
5331,0.544
5332,0.544
5333,0.544
5334,0.544
5335,0.544
5336,0.544
5337,0.544
5338,0.544
5339,0.544
5340,0.544
5341,0.544
5342,0.544
5343,0.544
5344,0.544
5345,0.544
5346,0.544
5347,0.544
5348,0.544
5349,0.544
5350,0.544
5351,0.544
5352,0.544
5353,0.544
5354,0.544
5355,0.544
5356,0.544
5357,0.544
5358,0.544
5359,0.544
5360,0.544
5361,0.544
5362,0.544
5363,0.544
5364,0.544
5365,0.544
5366,0.544
5367,0.544
5368,0.544
5369,0.544
5370,0.544
5371,0.544
5372,0.544
5373,0.544
5374,0.544
5375,0.544
5376,0.544
5377,0.544
5378,0.544
5379,0.544
5380,0.544
5381,0.544
5382,0.544
5383,0.544
5384,0.544
5385,0.544
5386,0.544
5387,0.544
5388,0.544
5389,0.544
5390,0.544
5391,0.544
5392,0.544
5393,0.544
5394,0.544
5395,0.544
5396,0.544
5397,0.647
5398,0.647
5399,0.647
5400,0.647
5401,0.647
5402,0.647
5403,0.647
5404,0.647
5405,0.647
5406,0.647
5407,0.647
5408,0.647
5409,0.668
5410,0.668
5411,0.668
5412,0.668
5413,0.668
5414,0.668
5415,0.668
5416,0.668
5417,0.668
5418,0.668
5419,0.668
5420,0.668
5421,0.668
5422,0.668
5423,0.668
5424,0.668
5425,0.668
5426,0.668
5427,0.668
5428,0.668
5429,0.668
5430,0.668
5431,0.668
5432,0.668
5433,0.647
5434,0.647
5435,0.647
5436,0.647
5437,0.647
5438,0.647
5439,0.647
5440,0.647
5441,0.647
5442,0.647
5443,0.647
5444,0.647
5445,0.647
5446,0.647
5447,0.647
5448,0.647
5449,0.647
5450,0.647
5451,0.647
5452,0.647
5453,0.647
5454,0.647
5455,0.647
5456,0.647
5457,0.668
5458,0.668
5459,0.668
5460,0.668
5461,0.668
5462,0.668
5463,0.668
5464,0.668
5465,0.668
5466,0.668
5467,0.668
5468,0.668
5469,0.597
5470,0.597
5471,0.597
5472,0.597
5473,0.592
5474,0.597
5475,0.592
5476,0.597
5477,0.592
5478,0.592
5479,0.592
5480,0.592
5481,0.592
5482,0.592
5483,0.592
5484,0.592
5485,0.502
5486,0.592
5487,0.502
5488,0.592
5489,0.502
5490,0.502
5491,0.502
5492,0.502
5493,0.502
5494,0.502
5495,0.474
5496,0.474
5497,0.502
5498,0.592
5499,0.474
5500,0.519
5501,0.592
5502,0.592
5503,0.519
5504,0.519
5505,0.592
5506,0.592
5507,0.592
5508,0.592
5509,0.592
5510,0.597
5511,0.592
5512,0.592
5513,0.597
5514,0.597
5515,0.592
5516,0.592
5517,0.592
5518,0.592
5519,0.592
5520,0.592
5521,0.592
5522,0.592
5523,0.592
5524,0.592
5525,0.592
5526,0.592
5527,0.592
5528,0.592
5529,0.519
5530,0.519
5531,0.519
5532,0.519
5533,0.474
5534,0.519
5535,0.474
5536,0.519
5537,0.474
5538,0.474
5539,0.474
5540,0.474
5541,0.464
5542,0.464
5543,0.464
5544,0.464
5545,0.634
5546,0.634
5547,0.634
5548,0.634
5549,0.635
5550,0.635
5551,0.635
5552,0.635
5553,0.647
5554,0.647
5555,0.647
5556,0.647
5557,0.583
5558,0.583
5559,0.583
5560,0.583
5561,0.523
5562,0.523
5563,0.523
5564,0.523
5565,0.523
5566,0.523
5567,0.523
5568,0.523
5569,0.562
5570,0.562
5571,0.562
5572,0.562
5573,0.577
5574,0.577
5575,0.577
5576,0.577
5577,0.611
5578,0.611
5579,0.611
5580,0.611
5581,0.635
5582,0.635
5583,0.635
5584,0.635
5585,0.46
5586,0.46
5587,0.46
5588,0.46
5589,0.477
5590,0.477
5591,0.477
5592,0.477
5593,0.594
5594,0.594
5595,0.594
5596,0.594
5597,0.568
5598,0.568
5599,0.568
5600,0.568
5601,0.596
5602,0.596
5603,0.596
5604,0.596
5605,0.7
5606,0.7
5607,0.7
5608,0.7
5609,0.485
5610,0.485
5611,0.485
5612,0.485
5613,0.575
5614,0.575
5615,0.575
5616,0.575
5617,0.601
5618,0.601
5619,0.601
5620,0.601
5621,0.524
5622,0.641
5623,0.589
5624,0.588
5625,0.505
5626,0.522
5627,0.492
5628,0.586
5629,0.517
5630,0.517
5631,0.517
5632,0.517
5633,0.625
5634,0.625
5635,0.625
5636,0.625
5637,0.676
5638,0.676
5639,0.676
5640,0.676
5641,0.554
5642,0.462
5643,0.587
5644,0.434
5645,0.586
5646,0.586
5647,0.586
5648,0.586
5649,0.574
5650,0.574
5651,0.574
5652,0.574
5653,0.545
5654,0.545
5655,0.545
5656,0.545
5657,0.544
5658,0.544
5659,0.544
5660,0.544
5661,0.488
5662,0.488
5663,0.488
5664,0.488
5665,0.488
5666,0.488
5667,0.488
5668,0.488
5669,0.49
5670,0.49
5671,0.49
5672,0.49
5673,0.467
5674,0.467
5675,0.467
5676,0.467
5677,0.484
5678,0.484
5679,0.484
5680,0.484
5681,0.668
5682,0.663
5683,0.662
5684,0.657
5685,0.544
5686,0.544
5687,0.544
5688,0.544
5689,0.544
5690,0.544
5691,0.544
5692,0.544
5693,0.544
5694,0.544
5695,0.544
5696,0.544
5697,0.544
5698,0.544
5699,0.544
5700,0.544
5701,0.544
5702,0.544
5703,0.544
5704,0.544
5705,0.544
5706,0.544
5707,0.544
5708,0.544
5709,0.544
5710,0.544
5711,0.544
5712,0.544
5713,0.544
5714,0.544
5715,0.544
5716,0.544
5717,0.544
5718,0.544
5719,0.544
5720,0.544
5721,0.544
5722,0.544
5723,0.544
5724,0.544
5725,0.544
5726,0.544
5727,0.544
5728,0.544
5729,0.544
5730,0.544
5731,0.544
5732,0.544
5733,0.544
5734,0.544
5735,0.544
5736,0.544
5737,0.544
5738,0.544
5739,0.544
5740,0.544
5741,0.544
5742,0.544
5743,0.544
5744,0.544
5745,0.544
5746,0.544
5747,0.544
5748,0.544
5749,0.544
5750,0.544
5751,0.544
5752,0.544
5753,0.544
5754,0.544
5755,0.544
5756,0.544
5757,0.544
5758,0.544
5759,0.544
5760,0.544
5761,0.544
5762,0.544
5763,0.544
5764,0.544
5765,0.544
5766,0.544
5767,0.544
5768,0.544
5769,0.544
5770,0.544
5771,0.544
5772,0.544
5773,0.544
5774,0.544
5775,0.544
5776,0.544
5777,0.544
5778,0.544
5779,0.544
5780,0.544
5781,0.544
5782,0.544
5783,0.544
5784,0.544
5785,0.544
5786,0.544
5787,0.544
5788,0.544
5789,0.544
5790,0.544
5791,0.544
5792,0.544
5793,0.544
5794,0.544
5795,0.544
5796,0.544
5797,0.544
5798,0.544
5799,0.544
5800,0.544
5801,0.544
5802,0.544
5803,0.544
5804,0.544
5805,0.544
5806,0.544
5807,0.544
5808,0.544
5809,0.544
5810,0.544
5811,0.544
5812,0.544
5813,0.544
5814,0.544
5815,0.544
5816,0.544
5817,0.544
5818,0.544
5819,0.544
5820,0.544
5821,0.544
5822,0.544
5823,0.544
5824,0.544
5825,0.544
5826,0.544
5827,0.544
5828,0.544
5829,0.685
5830,0.685
5831,0.685
5832,0.685
5833,0.685
5834,0.685
5835,0.685
5836,0.685
5837,0.685
5838,0.685
5839,0.685
5840,0.685
5841,0.553
5842,0.553
5843,0.553
5844,0.553
5845,0.553
5846,0.553
5847,0.553
5848,0.553
5849,0.553
5850,0.553
5851,0.553
5852,0.553
5853,0.553
5854,0.553
5855,0.553
5856,0.553
5857,0.553
5858,0.553
5859,0.553
5860,0.553
5861,0.553
5862,0.553
5863,0.553
5864,0.553
5865,0.685
5866,0.685
5867,0.685
5868,0.685
5869,0.685
5870,0.685
5871,0.685
5872,0.685
5873,0.685
5874,0.685
5875,0.685
5876,0.685
5877,0.685
5878,0.685
5879,0.685
5880,0.685
5881,0.685
5882,0.685
5883,0.685
5884,0.685
5885,0.685
5886,0.685
5887,0.685
5888,0.685
5889,0.553
5890,0.553
5891,0.553
5892,0.553
5893,0.553
5894,0.553
5895,0.553
5896,0.553
5897,0.553
5898,0.553
5899,0.553
5900,0.553
5901,0.643
5902,0.643
5903,0.643
5904,0.643
5905,0.643
5906,0.643
5907,0.643
5908,0.643
5909,0.643
5910,0.643
5911,0.643
5912,0.643
5913,0.71
5914,0.71
5915,0.71
5916,0.71
5917,0.71
5918,0.71
5919,0.71
5920,0.71
5921,0.71
5922,0.71
5923,0.71
5924,0.71
5925,0.71
5926,0.71
5927,0.71
5928,0.71
5929,0.71
5930,0.71
5931,0.71
5932,0.71
5933,0.71
5934,0.71
5935,0.71
5936,0.71
5937,0.643
5938,0.643
5939,0.643
5940,0.643
5941,0.643
5942,0.643
5943,0.643
5944,0.643
5945,0.643
5946,0.643
5947,0.643
5948,0.643
5949,0.643
5950,0.643
5951,0.643
5952,0.643
5953,0.643
5954,0.643
5955,0.643
5956,0.643
5957,0.643
5958,0.643
5959,0.643
5960,0.643
5961,0.71
5962,0.71
5963,0.71
5964,0.71
5965,0.71
5966,0.71
5967,0.71
5968,0.71
5969,0.71
5970,0.71
5971,0.71
5972,0.71
5973,0.687
5974,0.687
5975,0.687
5976,0.687
5977,0.687
5978,0.687
5979,0.687
5980,0.687
5981,0.617
5982,0.617
5983,0.617
5984,0.617
5985,0.613
5986,0.613
5987,0.613
5988,0.613
5989,0.575
5990,0.575
5991,0.575
5992,0.575
5993,0.575
5994,0.575
5995,0.575
5996,0.575
5997,0.575
5998,0.575
5999,0.575
6000,0.575
6001,0.575
6002,0.575
6003,0.575
6004,0.575
6005,0.6
6006,0.6
6007,0.6
6008,0.6
6009,0.621
6010,0.621
6011,0.621
6012,0.621
6013,0.687
6014,0.687
6015,0.687
6016,0.687
6017,0.687
6018,0.687
6019,0.687
6020,0.687
6021,0.676
6022,0.676
6023,0.676
6024,0.676
6025,0.677
6026,0.677
6027,0.677
6028,0.677
6029,0.571
6030,0.571
6031,0.571
6032,0.571
6033,0.555
6034,0.555
6035,0.555
6036,0.555
6037,0.572
6038,0.572
6039,0.572
6040,0.572
6041,0.572
6042,0.572
6043,0.572
6044,0.572
6045,0.572
6046,0.572
6047,0.572
6048,0.572
6049,0.572
6050,0.572
6051,0.572
6052,0.572
6053,0.509
6054,0.509
6055,0.509
6056,0.509
6057,0.52
6058,0.52
6059,0.52
6060,0.52
6061,0.668
6062,0.668
6063,0.668
6064,0.668
6065,0.665
6066,0.665
6067,0.665
6068,0.665
6069,0.701
6070,0.701
6071,0.701
6072,0.701
6073,0.701
6074,0.701
6075,0.701
6076,0.701
6077,0.57
6078,0.57
6079,0.57
6080,0.57
6081,0.57
6082,0.57
6083,0.57
6084,0.57
6085,0.539
6086,0.539
6087,0.539
6088,0.539
6089,0.539
6090,0.539
6091,0.539
6092,0.539
6093,0.539
6094,0.539
6095,0.539
6096,0.539
6097,0.539
6098,0.539
6099,0.539
6100,0.539
6101,0.57
6102,0.57
6103,0.57
6104,0.57
6105,0.57
6106,0.57
6107,0.57
6108,0.57
6109,0.701
6110,0.701
6111,0.701
6112,0.701
6113,0.701
6114,0.701
6115,0.701
6116,0.701
6117,0.544
6118,0.544
6119,0.544
6120,0.544
6121,0.544
6122,0.544
6123,0.544
6124,0.544
6125,0.544
6126,0.544
6127,0.544
6128,0.544
6129,0.544
6130,0.544
6131,0.544
6132,0.544
6133,0.544
6134,0.544
6135,0.544
6136,0.544
6137,0.544
6138,0.544
6139,0.544
6140,0.544
6141,0.544
6142,0.544
6143,0.544
6144,0.544
6145,0.544
6146,0.544
6147,0.544
6148,0.544
6149,0.544
6150,0.544
6151,0.544
6152,0.544
6153,0.544
6154,0.544
6155,0.544
6156,0.544
6157,0.544
6158,0.544
6159,0.544
6160,0.544
6161,0.544
6162,0.544
6163,0.544
6164,0.544
6165,0.544
6166,0.544
6167,0.544
6168,0.544
6169,0.544
6170,0.544
6171,0.544
6172,0.544
6173,0.544
6174,0.544
6175,0.544
6176,0.544
6177,0.544
6178,0.544
6179,0.544
6180,0.544
6181,0.544
6182,0.544
6183,0.544
6184,0.544
6185,0.544
6186,0.544
6187,0.544
6188,0.544
6189,0.544
6190,0.544
6191,0.544
6192,0.544
6193,0.544
6194,0.544
6195,0.544
6196,0.544
6197,0.544
6198,0.544
6199,0.544
6200,0.544
6201,0.544
6202,0.544
6203,0.544
6204,0.544
6205,0.544
6206,0.544
6207,0.544
6208,0.544
6209,0.544
6210,0.544
6211,0.544
6212,0.544
6213,0.544
6214,0.544
6215,0.544
6216,0.544
6217,0.544
6218,0.544
6219,0.544
6220,0.544
6221,0.544
6222,0.544
6223,0.544
6224,0.544
6225,0.544
6226,0.544
6227,0.544
6228,0.544
6229,0.544
6230,0.544
6231,0.544
6232,0.544
6233,0.544
6234,0.544
6235,0.544
6236,0.544
6237,0.544
6238,0.544
6239,0.544
6240,0.544
6241,0.544
6242,0.544
6243,0.544
6244,0.544
6245,0.544
6246,0.544
6247,0.544
6248,0.544
6249,0.544
6250,0.544
6251,0.544
6252,0.544
6253,0.544
6254,0.544
6255,0.544
6256,0.544
6257,0.544
6258,0.544
6259,0.544
6260,0.544
6261,0.645
6262,0.645
6263,0.645
6264,0.645
6265,0.645
6266,0.645
6267,0.645
6268,0.645
6269,0.645
6270,0.645
6271,0.645
6272,0.645
6273,0.572
6274,0.572
6275,0.572
6276,0.572
6277,0.572
6278,0.572
6279,0.572
6280,0.572
6281,0.572
6282,0.572
6283,0.572
6284,0.572
6285,0.572
6286,0.572
6287,0.572
6288,0.572
6289,0.572
6290,0.572
6291,0.572
6292,0.572
6293,0.572
6294,0.572
6295,0.572
6296,0.572
6297,0.645
6298,0.645
6299,0.645
6300,0.645
6301,0.645
6302,0.645
6303,0.645
6304,0.645
6305,0.645
6306,0.645
6307,0.645
6308,0.645
6309,0.645
6310,0.645
6311,0.645
6312,0.645
6313,0.645
6314,0.645
6315,0.645
6316,0.645
6317,0.645
6318,0.645
6319,0.645
6320,0.645
6321,0.572
6322,0.572
6323,0.572
6324,0.572
6325,0.572
6326,0.572
6327,0.572
6328,0.572
6329,0.572
6330,0.572
6331,0.572
6332,0.572
6333,0.664
6334,0.664
6335,0.664
6336,0.664
6337,0.664
6338,0.664
6339,0.664
6340,0.664
6341,0.664
6342,0.664
6343,0.664
6344,0.664
6345,0.656
6346,0.656
6347,0.656
6348,0.656
6349,0.656
6350,0.656
6351,0.656
6352,0.656
6353,0.656
6354,0.656
6355,0.656
6356,0.656
6357,0.656
6358,0.656
6359,0.656
6360,0.656
6361,0.656
6362,0.656
6363,0.656
6364,0.656
6365,0.656
6366,0.656
6367,0.656
6368,0.656
6369,0.664
6370,0.664
6371,0.664
6372,0.664
6373,0.664
6374,0.664
6375,0.664
6376,0.664
6377,0.664
6378,0.664
6379,0.664
6380,0.664
6381,0.664
6382,0.664
6383,0.664
6384,0.664
6385,0.664
6386,0.664
6387,0.664
6388,0.664
6389,0.664
6390,0.664
6391,0.664
6392,0.664
6393,0.656
6394,0.656
6395,0.656
6396,0.656
6397,0.656
6398,0.656
6399,0.656
6400,0.656
6401,0.656
6402,0.656
6403,0.656
6404,0.656
6405,0.594
6406,0.594
6407,0.594
6408,0.594
6409,0.594
6410,0.594
6411,0.594
6412,0.594
6413,0.682
6414,0.682
6415,0.682
6416,0.682
6417,0.682
6418,0.682
6419,0.682
6420,0.682
6421,0.551
6422,0.551
6423,0.551
6424,0.551
6425,0.551
6426,0.551
6427,0.551
6428,0.551
6429,0.551
6430,0.551
6431,0.551
6432,0.551
6433,0.551
6434,0.551
6435,0.551
6436,0.551
6437,0.682
6438,0.682
6439,0.682
6440,0.682
6441,0.682
6442,0.682
6443,0.682
6444,0.682
6445,0.594
6446,0.594
6447,0.594
6448,0.594
6449,0.594
6450,0.594
6451,0.594
6452,0.594
6453,0.595
6454,0.595
6455,0.595
6456,0.595
6457,0.595
6458,0.595
6459,0.595
6460,0.595
6461,0.673
6462,0.673
6463,0.673
6464,0.673
6465,0.673
6466,0.673
6467,0.673
6468,0.673
6469,0.555
6470,0.555
6471,0.555
6472,0.555
6473,0.555
6474,0.555
6475,0.555
6476,0.555
6477,0.555
6478,0.555
6479,0.555
6480,0.555
6481,0.555
6482,0.555
6483,0.555
6484,0.555
6485,0.673
6486,0.673
6487,0.673
6488,0.673
6489,0.673
6490,0.673
6491,0.673
6492,0.673
6493,0.595
6494,0.595
6495,0.595
6496,0.595
6497,0.595
6498,0.595
6499,0.595
6500,0.595
6501,0.647
6502,0.647
6503,0.647
6504,0.647
6505,0.672
6506,0.672
6507,0.672
6508,0.672
6509,0.631
6510,0.631
6511,0.631
6512,0.631
6513,0.621
6514,0.621
6515,0.621
6516,0.621
6517,0.608
6518,0.608
6519,0.608
6520,0.608
6521,0.608
6522,0.608
6523,0.608
6524,0.608
6525,0.608
6526,0.608
6527,0.608
6528,0.608
6529,0.608
6530,0.608
6531,0.608
6532,0.608
6533,0.561
6534,0.588
6535,0.471
6536,0.497
6537,0.607
6538,0.607
6539,0.607
6540,0.607
6541,0.675
6542,0.675
6543,0.675
6544,0.675
6545,0.675
6546,0.675
6547,0.675
6548,0.675
6549,0.579
6550,0.579
6551,0.579
6552,0.579
6553,0.579
6554,0.579
6555,0.579
6556,0.579
6557,0.579
6558,0.579
6559,0.579
6560,0.579
6561,0.579
6562,0.579
6563,0.579
6564,0.579
6565,0.579
6566,0.579
6567,0.579
6568,0.579
6569,0.579
6570,0.579
6571,0.579
6572,0.579
6573,0.579
6574,0.579
6575,0.579
6576,0.579
6577,0.579
6578,0.579
6579,0.579
6580,0.579
6581,0.579
6582,0.579
6583,0.579
6584,0.579
6585,0.579
6586,0.579
6587,0.579
6588,0.579
6589,0.579
6590,0.579
6591,0.579
6592,0.579
6593,0.579
6594,0.579
6595,0.579
6596,0.579
6597,0.579
6598,0.579
6599,0.579
6600,0.579
6601,0.579
6602,0.579
6603,0.579
6604,0.579
6605,0.579
6606,0.579
6607,0.579
6608,0.579
6609,0.579
6610,0.579
6611,0.579
6612,0.579
6613,0.579
6614,0.579
6615,0.579
6616,0.579
6617,0.579
6618,0.579
6619,0.579
6620,0.579
6621,0.579
6622,0.579
6623,0.579
6624,0.579
6625,0.579
6626,0.579
6627,0.579
6628,0.579
6629,0.579
6630,0.579
6631,0.579
6632,0.579
6633,0.579
6634,0.579
6635,0.579
6636,0.579
6637,0.579
6638,0.579
6639,0.579
6640,0.579
6641,0.579
6642,0.579
6643,0.579
6644,0.579
6645,0.579
6646,0.579
6647,0.579
6648,0.579
6649,0.579
6650,0.579
6651,0.579
6652,0.579
6653,0.579
6654,0.579
6655,0.579
6656,0.579
6657,0.579
6658,0.579
6659,0.579
6660,0.579
6661,0.579
6662,0.579
6663,0.579
6664,0.579
6665,0.579
6666,0.579
6667,0.579
6668,0.579
6669,0.579
6670,0.579
6671,0.579
6672,0.579
6673,0.579
6674,0.579
6675,0.579
6676,0.579
6677,0.579
6678,0.579
6679,0.579
6680,0.579
6681,0.579
6682,0.579
6683,0.579
6684,0.579
6685,0.579
6686,0.579
6687,0.579
6688,0.579
6689,0.579
6690,0.579
6691,0.579
6692,0.579
6693,0.589
6694,0.589
6695,0.589
6696,0.589
6697,0.589
6698,0.589
6699,0.589
6700,0.589
6701,0.589
6702,0.589
6703,0.589
6704,0.589
6705,0.58
6706,0.58
6707,0.58
6708,0.58
6709,0.58
6710,0.58
6711,0.58
6712,0.58
6713,0.58
6714,0.58
6715,0.58
6716,0.58
6717,0.58
6718,0.58
6719,0.58
6720,0.58
6721,0.58
6722,0.58
6723,0.58
6724,0.58
6725,0.58
6726,0.58
6727,0.58
6728,0.58
6729,0.589
6730,0.589
6731,0.589
6732,0.589
6733,0.589
6734,0.589
6735,0.589
6736,0.589
6737,0.589
6738,0.589
6739,0.589
6740,0.589
6741,0.589
6742,0.589
6743,0.589
6744,0.589
6745,0.589
6746,0.589
6747,0.589
6748,0.589
6749,0.589
6750,0.589
6751,0.589
6752,0.589
6753,0.58
6754,0.58
6755,0.58
6756,0.58
6757,0.58
6758,0.58
6759,0.58
6760,0.58
6761,0.58
6762,0.58
6763,0.58
6764,0.58
6765,0.616
6766,0.616
6767,0.616
6768,0.616
6769,0.616
6770,0.616
6771,0.616
6772,0.616
6773,0.616
6774,0.616
6775,0.616
6776,0.616
6777,0.61
6778,0.61
6779,0.61
6780,0.61
6781,0.61
6782,0.61
6783,0.61
6784,0.61
6785,0.61
6786,0.61
6787,0.61
6788,0.61
6789,0.61
6790,0.61
6791,0.61
6792,0.61
6793,0.61
6794,0.61
6795,0.61
6796,0.61
6797,0.61
6798,0.61
6799,0.61
6800,0.61
6801,0.616
6802,0.616
6803,0.616
6804,0.616
6805,0.616
6806,0.616
6807,0.616
6808,0.616
6809,0.616
6810,0.616
6811,0.616
6812,0.616
6813,0.616
6814,0.616
6815,0.616
6816,0.616
6817,0.616
6818,0.616
6819,0.616
6820,0.616
6821,0.616
6822,0.616
6823,0.616
6824,0.616
6825,0.61
6826,0.61
6827,0.61
6828,0.61
6829,0.61
6830,0.61
6831,0.61
6832,0.61
6833,0.61
6834,0.61
6835,0.61
6836,0.61
6837,0.553
6838,0.553
6839,0.571
6840,0.571
6841,0.633
6842,0.633
6843,0.717
6844,0.717
6845,0.717
6846,0.717
6847,0.7
6848,0.7
6849,0.7
6850,0.7
6851,0.7
6852,0.7
6853,0.7
6854,0.7
6855,0.7
6856,0.7
6857,0.7
6858,0.7
6859,0.7
6860,0.7
6861,0.7
6862,0.7
6863,0.663
6864,0.663
6865,0.663
6866,0.663
6867,0.588
6868,0.588
6869,0.588
6870,0.588
6871,0.578
6872,0.578
6873,0.578
6874,0.578
6875,0.488
6876,0.488
6877,0.488
6878,0.488
6879,0.601
6880,0.578
6881,0.643
6882,0.58
6883,0.589
6884,0.514
6885,0.57
6886,0.766
6887,0.594
6888,0.619
6889,0.79
6890,0.66
6891,0.646
6892,0.646
6893,0.646
6894,0.646
6895,0.601
6896,0.601
6897,0.601
6898,0.601
6899,0.601
6900,0.601
6901,0.601
6902,0.601
6903,0.601
6904,0.601
6905,0.601
6906,0.601
6907,0.601
6908,0.601
6909,0.601
6910,0.601
6911,0.58
6912,0.58
6913,0.58
6914,0.58
6915,0.672
6916,0.613
6917,0.672
6918,0.596
6919,0.619
6920,0.619
6921,0.619
6922,0.619
6923,0.592
6924,0.592
6925,0.592
6926,0.592
6927,0.626
6928,0.626
6929,0.626
6930,0.626
6931,0.669
6932,0.669
6933,0.669
6934,0.669
6935,0.641
6936,0.641
6937,0.641
6938,0.641
6939,0.581
6940,0.566
6941,0.501
6942,0.436
6943,0.38
6944,0.38
6945,0.38
6946,0.38
6947,0.38
6948,0.38
6949,0.38
6950,0.38
6951,0.38
6952,0.38
6953,0.38
6954,0.38
6955,0.38
6956,0.38
6957,0.38
6958,0.38
6959,0.489
6960,0.489
6961,0.489
6962,0.489
6963,0.615
6964,0.615
6965,0.615
6966,0.615
6967,0.643
6968,0.643
6969,0.643
6970,0.643
6971,0.637
6972,0.637
6973,0.637
6974,0.637
6975,0.579
6976,0.579
6977,0.579
6978,0.579
6979,0.579
6980,0.579
6981,0.579
6982,0.579
6983,0.579
6984,0.579
6985,0.579
6986,0.579
6987,0.573
6988,0.573
6989,0.573
6990,0.573
6991,0.573
6992,0.573
6993,0.573
6994,0.573
6995,0.573
6996,0.573
6997,0.573
6998,0.573
6999,0.573
7000,0.573
7001,0.573
7002,0.573
7003,0.573
7004,0.573
7005,0.573
7006,0.573
7007,0.573
7008,0.573
7009,0.573
7010,0.573
7011,0.579
7012,0.579
7013,0.579
7014,0.579
7015,0.579
7016,0.579
7017,0.579
7018,0.579
7019,0.579
7020,0.579
7021,0.579
7022,0.579
7023,0.579
7024,0.579
7025,0.579
7026,0.579
7027,0.579
7028,0.579
7029,0.579
7030,0.579
7031,0.579
7032,0.579
7033,0.579
7034,0.579
7035,0.573
7036,0.573
7037,0.573
7038,0.573
7039,0.573
7040,0.573
7041,0.573
7042,0.573
7043,0.573
7044,0.573
7045,0.573
7046,0.573
7047,0.669
7048,0.669
7049,0.669
7050,0.669
7051,0.669
7052,0.669
7053,0.669
7054,0.669
7055,0.669
7056,0.669
7057,0.669
7058,0.669
7059,0.667
7060,0.667
7061,0.667
7062,0.667
7063,0.667
7064,0.667
7065,0.667
7066,0.667
7067,0.667
7068,0.667
7069,0.667
7070,0.667
7071,0.667
7072,0.667
7073,0.667
7074,0.667
7075,0.667
7076,0.667
7077,0.667
7078,0.667
7079,0.667
7080,0.667
7081,0.667
7082,0.667
7083,0.669
7084,0.669
7085,0.669
7086,0.669
7087,0.669
7088,0.669
7089,0.669
7090,0.669
7091,0.669
7092,0.669
7093,0.669
7094,0.669
7095,0.669
7096,0.669
7097,0.669
7098,0.669
7099,0.669
7100,0.669
7101,0.669
7102,0.669
7103,0.669
7104,0.669
7105,0.669
7106,0.669
7107,0.667
7108,0.667
7109,0.667
7110,0.667
7111,0.667
7112,0.667
7113,0.667
7114,0.667
7115,0.667
7116,0.667
7117,0.667
7118,0.667
7119,0.669
7120,0.669
7121,0.669
7122,0.669
7123,0.669
7124,0.669
7125,0.669
7126,0.669
7127,0.669
7128,0.669
7129,0.669
7130,0.669
7131,0.551
7132,0.551
7133,0.551
7134,0.551
7135,0.551
7136,0.551
7137,0.551
7138,0.551
7139,0.551
7140,0.551
7141,0.551
7142,0.551
7143,0.551
7144,0.551
7145,0.551
7146,0.551
7147,0.551
7148,0.551
7149,0.551
7150,0.551
7151,0.551
7152,0.551
7153,0.551
7154,0.551
7155,0.669
7156,0.669
7157,0.669
7158,0.669
7159,0.669
7160,0.669
7161,0.669
7162,0.669
7163,0.669
7164,0.669
7165,0.669
7166,0.669
7167,0.669
7168,0.669
7169,0.669
7170,0.669
7171,0.669
7172,0.669
7173,0.669
7174,0.669
7175,0.669
7176,0.669
7177,0.669
7178,0.669
7179,0.551
7180,0.551
7181,0.551
7182,0.551
7183,0.551
7184,0.551
7185,0.551
7186,0.551
7187,0.551
7188,0.551
7189,0.551
7190,0.551
7191,0.64
7192,0.64
7193,0.64
7194,0.64
7195,0.64
7196,0.64
7197,0.64
7198,0.64
7199,0.64
7200,0.64
7201,0.64
7202,0.64
7203,0.688
7204,0.688
7205,0.688
7206,0.688
7207,0.688
7208,0.688
7209,0.688
7210,0.688
7211,0.688
7212,0.688
7213,0.688
7214,0.688
7215,0.688
7216,0.688
7217,0.688
7218,0.688
7219,0.688
7220,0.688
7221,0.688
7222,0.688
7223,0.688
7224,0.688
7225,0.688
7226,0.688
7227,0.64
7228,0.64
7229,0.64
7230,0.64
7231,0.64
7232,0.64
7233,0.64
7234,0.64
7235,0.64
7236,0.64
7237,0.64
7238,0.64
7239,0.64
7240,0.64
7241,0.64
7242,0.64
7243,0.64
7244,0.64
7245,0.64
7246,0.64
7247,0.64
7248,0.64
7249,0.64
7250,0.64
7251,0.688
7252,0.688
7253,0.688
7254,0.688
7255,0.688
7256,0.688
7257,0.688
7258,0.688
7259,0.688
7260,0.688
7261,0.688
7262,0.688
7263,0.662
7264,0.662
7265,0.662
7266,0.662
7267,0.659
7268,0.659
7269,0.659
7270,0.659
7271,0.479
7272,0.479
7273,0.479
7274,0.479
7275,0.479
7276,0.479
7277,0.479
7278,0.479
7279,0.548
7280,0.548
7281,0.548
7282,0.548
7283,0.548
7284,0.548
7285,0.548
7286,0.548
7287,0.548
7288,0.548
7289,0.548
7290,0.548
7291,0.548
7292,0.548
7293,0.548
7294,0.548
7295,0.479
7296,0.479
7297,0.479
7298,0.479
7299,0.479
7300,0.479
7301,0.479
7302,0.479
7303,0.492
7304,0.492
7305,0.492
7306,0.492
7307,0.688
7308,0.688
7309,0.688
7310,0.688
7311,0.704
7312,0.704
7313,0.704
7314,0.704
7315,0.587
7316,0.587
7317,0.587
7318,0.587
7319,0.579
7320,0.579
7321,0.579
7322,0.579
7323,0.464
7324,0.464
7325,0.464
7326,0.464
7327,0.518
7328,0.518
7329,0.518
7330,0.518
7331,0.518
7332,0.518
7333,0.518
7334,0.518
7335,0.518
7336,0.518
7337,0.518
7338,0.518
7339,0.518
7340,0.518
7341,0.518
7342,0.518
7343,0.542
7344,0.542
7345,0.542
7346,0.542
7347,0.546
7348,0.546
7349,0.546
7350,0.546
7351,0.56
7352,0.56
7353,0.56
7354,0.56
7355,0.589
7356,0.589
7357,0.589
7358,0.589
7359,0.532
7360,0.532
7361,0.532
7362,0.532
7363,0.532
7364,0.532
7365,0.532
7366,0.532
7367,0.626
7368,0.626
7369,0.626
7370,0.626
7371,0.683
7372,0.683
7373,0.683
7374,0.683
7375,0.683
7376,0.683
7377,0.683
7378,0.683
7379,0.683
7380,0.683
7381,0.683
7382,0.683
7383,0.683
7384,0.683
7385,0.683
7386,0.683
7387,0.683
7388,0.683
7389,0.683
7390,0.683
7391,0.683
7392,0.683
7393,0.683
7394,0.683
7395,0.613
7396,0.613
7397,0.613
7398,0.613
7399,0.532
7400,0.532
7401,0.532
7402,0.532
7403,0.532
7404,0.532
7405,0.532
7406,0.532
7407,0.572
7408,0.572
7409,0.572
7410,0.572
7411,0.572
7412,0.572
7413,0.572
7414,0.572
7415,0.572
7416,0.572
7417,0.572
7418,0.572
7419,0.572
7420,0.572
7421,0.572
7422,0.572
7423,0.572
7424,0.572
7425,0.572
7426,0.572
7427,0.572
7428,0.572
7429,0.572
7430,0.572
7431,0.572
7432,0.572
7433,0.572
7434,0.572
7435,0.572
7436,0.572
7437,0.572
7438,0.572
7439,0.572
7440,0.572
7441,0.572
7442,0.572
7443,0.572
7444,0.572
7445,0.572
7446,0.572
7447,0.572
7448,0.572
7449,0.572
7450,0.572
7451,0.572
7452,0.572
7453,0.572
7454,0.572
7455,0.572
7456,0.572
7457,0.572
7458,0.572
7459,0.572
7460,0.572
7461,0.572
7462,0.572
7463,0.572
7464,0.572
7465,0.572
7466,0.572
7467,0.572
7468,0.572
7469,0.572
7470,0.572
7471,0.572
7472,0.572
7473,0.572
7474,0.572
7475,0.572
7476,0.572
7477,0.572
7478,0.572
7479,0.572
7480,0.572
7481,0.572
7482,0.572
7483,0.572
7484,0.572
7485,0.572
7486,0.572
7487,0.572
7488,0.572
7489,0.572
7490,0.572
7491,0.572
7492,0.572
7493,0.572
7494,0.572
7495,0.572
7496,0.572
7497,0.572
7498,0.572
7499,0.572
7500,0.572
7501,0.572
7502,0.572
7503,0.572
7504,0.572
7505,0.572
7506,0.572
7507,0.572
7508,0.572
7509,0.572
7510,0.572
7511,0.572
7512,0.572
7513,0.572
7514,0.572
7515,0.572
7516,0.572
7517,0.572
7518,0.572
7519,0.572
7520,0.572
7521,0.572
7522,0.572
7523,0.572
7524,0.572
7525,0.572
7526,0.572
7527,0.572
7528,0.572
7529,0.572
7530,0.572
7531,0.572
7532,0.572
7533,0.572
7534,0.572
7535,0.572
7536,0.572
7537,0.572
7538,0.572
7539,0.572
7540,0.572
7541,0.572
7542,0.572
7543,0.572
7544,0.572
7545,0.572
7546,0.572
7547,0.572
7548,0.572
7549,0.572
7550,0.572
7551,0.572
7552,0.572
7553,0.572
7554,0.572
7555,0.572
7556,0.572
7557,0.572
7558,0.572
7559,0.572
7560,0.572
7561,0.572
7562,0.572
7563,0.572
7564,0.572
7565,0.572
7566,0.572
7567,0.572
7568,0.572
7569,0.572
7570,0.572
7571,0.572
7572,0.572
7573,0.572
7574,0.572
7575,0.572
7576,0.572
7577,0.572
7578,0.572
7579,0.572
7580,0.572
7581,0.572
7582,0.572
7583,0.572
7584,0.572
7585,0.572
7586,0.572
7587,0.572
7588,0.572
7589,0.572
7590,0.572
7591,0.572
7592,0.572
7593,0.572
7594,0.572
7595,0.572
7596,0.572
7597,0.572
7598,0.572
7599,0.572
7600,0.572
7601,0.572
7602,0.572
7603,0.572
7604,0.572
7605,0.572
7606,0.572
7607,0.572
7608,0.572
7609,0.572
7610,0.572
7611,0.572
7612,0.572
7613,0.572
7614,0.572
7615,0.572
7616,0.572
7617,0.572
7618,0.572
7619,0.572
7620,0.572
7621,0.572
7622,0.572
7623,0.572
7624,0.572
7625,0.572
7626,0.572
7627,0.572
7628,0.572
7629,0.572
7630,0.572
7631,0.572
7632,0.572
7633,0.572
7634,0.572
7635,0.572
7636,0.572
7637,0.572
7638,0.572
7639,0.572
7640,0.572
7641,0.572
7642,0.572
7643,0.572
7644,0.572
7645,0.572
7646,0.572
7647,0.572
7648,0.572
7649,0.572
7650,0.572
7651,0.572
7652,0.572
7653,0.572
7654,0.572
7655,0.572
7656,0.572
7657,0.572
7658,0.572
7659,0.572
7660,0.572
7661,0.572
7662,0.572
7663,0.572
7664,0.572
7665,0.572
7666,0.572
7667,0.572
7668,0.572
7669,0.572
7670,0.572
7671,0.572
7672,0.572
7673,0.572
7674,0.572
7675,0.572
7676,0.572
7677,0.572
7678,0.572
7679,0.572
7680,0.572
7681,0.572
7682,0.572
7683,0.572
7684,0.572
7685,0.572
7686,0.572
7687,0.572
7688,0.572
7689,0.572
7690,0.572
7691,0.572
7692,0.572
7693,0.572
7694,0.572
7695,0.569
7696,0.569
7697,0.569
7698,0.569
7699,0.569
7700,0.569
7701,0.569
7702,0.569
7703,0.569
7704,0.569
7705,0.569
7706,0.569
7707,0.569
7708,0.569
7709,0.569
7710,0.569
7711,0.569
7712,0.569
7713,0.569
7714,0.569
7715,0.569
7716,0.569
7717,0.569
7718,0.569
7719,0.569
7720,0.569
7721,0.569
7722,0.569
7723,0.569
7724,0.569
7725,0.569
7726,0.569
7727,0.569
7728,0.569
7729,0.569
7730,0.569
7731,0.569
7732,0.569
7733,0.569
7734,0.569
7735,0.569
7736,0.569
7737,0.569
7738,0.569
7739,0.569
7740,0.569
7741,0.569
7742,0.569
7743,0.569
7744,0.569
7745,0.569
7746,0.569
7747,0.569
7748,0.569
7749,0.569
7750,0.569
7751,0.569
7752,0.569
7753,0.569
7754,0.569
7755,0.569
7756,0.569
7757,0.569
7758,0.569
7759,0.569
7760,0.569
7761,0.569
7762,0.569
7763,0.569
7764,0.569
7765,0.569
7766,0.569
7767,0.569
7768,0.569
7769,0.569
7770,0.569
7771,0.569
7772,0.569
7773,0.569
7774,0.569
7775,0.569
7776,0.569
7777,0.569
7778,0.569
7779,0.569
7780,0.569
7781,0.569
7782,0.569
7783,0.569
7784,0.569
7785,0.569
7786,0.569
7787,0.569
7788,0.569
7789,0.569
7790,0.569
7791,0.569
7792,0.569
7793,0.569
7794,0.569
7795,0.569
7796,0.569
7797,0.569
7798,0.569
7799,0.569
7800,0.569
7801,0.569
7802,0.569
7803,0.569
7804,0.569
7805,0.569
7806,0.569
7807,0.569
7808,0.569
7809,0.569
7810,0.569
7811,0.569
7812,0.569
7813,0.569
7814,0.569
7815,0.569
7816,0.569
7817,0.569
7818,0.569
7819,0.569
7820,0.569
7821,0.569
7822,0.569
7823,0.569
7824,0.569
7825,0.569
7826,0.569
7827,0.569
7828,0.569
7829,0.569
7830,0.569
7831,0.569
7832,0.569
7833,0.569
7834,0.569
7835,0.569
7836,0.569
7837,0.569
7838,0.569
7839,0.463
7840,0.463
7841,0.463
7842,0.463
7843,0.463
7844,0.463
7845,0.463
7846,0.463
7847,0.463
7848,0.463
7849,0.463
7850,0.463
7851,0.463
7852,0.463
7853,0.463
7854,0.463
7855,0.463
7856,0.463
7857,0.463
7858,0.463
7859,0.463
7860,0.463
7861,0.463
7862,0.463
7863,0.463
7864,0.463
7865,0.463
7866,0.463
7867,0.463
7868,0.463
7869,0.463
7870,0.463
7871,0.463
7872,0.463
7873,0.463
7874,0.463
7875,0.463
7876,0.463
7877,0.463
7878,0.463
7879,0.463
7880,0.463
7881,0.463
7882,0.463
7883,0.463
7884,0.463
7885,0.463
7886,0.463
7887,0.463
7888,0.463
7889,0.463
7890,0.463
7891,0.463
7892,0.463
7893,0.463
7894,0.463
7895,0.463
7896,0.463
7897,0.463
7898,0.463
7899,0.463
7900,0.463
7901,0.463
7902,0.463
7903,0.463
7904,0.463
7905,0.463
7906,0.463
7907,0.463
7908,0.463
7909,0.463
7910,0.463
7911,0.463
7912,0.463
7913,0.463
7914,0.463
7915,0.463
7916,0.463
7917,0.463
7918,0.463
7919,0.463
7920,0.463
7921,0.463
7922,0.463
7923,0.463
7924,0.463
7925,0.463
7926,0.463
7927,0.463
7928,0.463
7929,0.463
7930,0.463
7931,0.463
7932,0.463
7933,0.463
7934,0.463
7935,0.463
7936,0.463
7937,0.463
7938,0.463
7939,0.463
7940,0.463
7941,0.463
7942,0.463
7943,0.463
7944,0.463
7945,0.463
7946,0.463
7947,0.463
7948,0.463
7949,0.463
7950,0.463
7951,0.463
7952,0.463
7953,0.463
7954,0.463
7955,0.463
7956,0.463
7957,0.463
7958,0.463
7959,0.463
7960,0.463
7961,0.463
7962,0.463
7963,0.463
7964,0.463
7965,0.463
7966,0.463
7967,0.463
7968,0.463
7969,0.463
7970,0.463
7971,0.463
7972,0.463
7973,0.463
7974,0.463
7975,0.463
7976,0.463
7977,0.463
7978,0.463
7979,0.463
7980,0.463
7981,0.463
7982,0.463
7983,0.535
7984,0.535
7985,0.535
7986,0.535
7987,0.535
7988,0.535
7989,0.535
7990,0.535
7991,0.535
7992,0.535
7993,0.535
7994,0.535
7995,0.535
7996,0.535
7997,0.535
7998,0.535
7999,0.535
8000,0.535
8001,0.535
8002,0.535
8003,0.535
8004,0.535
8005,0.535
8006,0.535
8007,0.535
8008,0.535
8009,0.535
8010,0.535
8011,0.535
8012,0.535
8013,0.535
8014,0.535
8015,0.535
8016,0.535
8017,0.535
8018,0.535
8019,0.535
8020,0.535
8021,0.535
8022,0.535
8023,0.535
8024,0.535
8025,0.535
8026,0.535
8027,0.535
8028,0.535
8029,0.535
8030,0.535
8031,0.535
8032,0.535
8033,0.535
8034,0.535
8035,0.535
8036,0.535
8037,0.535
8038,0.535
8039,0.535
8040,0.535
8041,0.535
8042,0.535
8043,0.535
8044,0.535
8045,0.535
8046,0.535
8047,0.535
8048,0.535
8049,0.535
8050,0.535
8051,0.535
8052,0.535
8053,0.535
8054,0.535
8055,0.535
8056,0.535
8057,0.535
8058,0.535
8059,0.535
8060,0.535
8061,0.535
8062,0.535
8063,0.535
8064,0.535
8065,0.535
8066,0.535
8067,0.535
8068,0.535
8069,0.535
8070,0.535
8071,0.535
8072,0.535
8073,0.535
8074,0.535
8075,0.535
8076,0.535
8077,0.535
8078,0.535
8079,0.535
8080,0.535
8081,0.535
8082,0.535
8083,0.535
8084,0.535
8085,0.535
8086,0.535
8087,0.535
8088,0.535
8089,0.535
8090,0.535
8091,0.535
8092,0.535
8093,0.535
8094,0.535
8095,0.535
8096,0.535
8097,0.535
8098,0.535
8099,0.535
8100,0.535
8101,0.535
8102,0.535
8103,0.535
8104,0.535
8105,0.535
8106,0.535
8107,0.535
8108,0.535
8109,0.535
8110,0.535
8111,0.535
8112,0.535
8113,0.535
8114,0.535
8115,0.535
8116,0.535
8117,0.535
8118,0.535
8119,0.535
8120,0.535
8121,0.535
8122,0.535
8123,0.535
8124,0.535
8125,0.535
8126,0.535
8127,0.583
8128,0.583
8129,0.583
8130,0.583
8131,0.583
8132,0.583
8133,0.583
8134,0.583
8135,0.583
8136,0.583
8137,0.583
8138,0.583
8139,0.583
8140,0.583
8141,0.583
8142,0.583
8143,0.583
8144,0.583
8145,0.583
8146,0.583
8147,0.583
8148,0.583
8149,0.583
8150,0.583
8151,0.583
8152,0.583
8153,0.583
8154,0.583
8155,0.583
8156,0.583
8157,0.583
8158,0.583
8159,0.583
8160,0.583
8161,0.583
8162,0.583
8163,0.583
8164,0.583
8165,0.583
8166,0.583
8167,0.583
8168,0.583
8169,0.583
8170,0.583
8171,0.583
8172,0.583
8173,0.583
8174,0.583
8175,0.583
8176,0.583
8177,0.583
8178,0.583
8179,0.583
8180,0.583
8181,0.583
8182,0.583
8183,0.583
8184,0.583
8185,0.583
8186,0.583
8187,0.583
8188,0.583
8189,0.583
8190,0.583
8191,0.583
8192,0.583
8193,0.583
8194,0.583
8195,0.583
8196,0.583
8197,0.583
8198,0.583
8199,0.583
8200,0.583
8201,0.583
8202,0.583
8203,0.583
8204,0.583
8205,0.583
8206,0.583
8207,0.583
8208,0.583
8209,0.583
8210,0.583
8211,0.583
8212,0.583
8213,0.583
8214,0.583
8215,0.583
8216,0.583
8217,0.583
8218,0.583
8219,0.583
8220,0.583
8221,0.583
8222,0.583
8223,0.583
8224,0.583
8225,0.583
8226,0.583
8227,0.583
8228,0.583
8229,0.583
8230,0.583
8231,0.583
8232,0.583
8233,0.583
8234,0.583
8235,0.583
8236,0.583
8237,0.583
8238,0.583
8239,0.583
8240,0.583
8241,0.583
8242,0.583
8243,0.583
8244,0.583
8245,0.583
8246,0.583
8247,0.583
8248,0.583
8249,0.583
8250,0.583
8251,0.583
8252,0.583
8253,0.583
8254,0.583
8255,0.583
8256,0.583
8257,0.583
8258,0.583
8259,0.583
8260,0.583
8261,0.583
8262,0.583
8263,0.583
8264,0.583
8265,0.583
8266,0.583
8267,0.583
8268,0.583
8269,0.583
8270,0.583
8271,0.485
8272,0.485
8273,0.485
8274,0.485
8275,0.485
8276,0.485
8277,0.485
8278,0.485
8279,0.485
8280,0.485
8281,0.485
8282,0.485
8283,0.672
8284,0.672
8285,0.672
8286,0.672
8287,0.672
8288,0.672
8289,0.672
8290,0.672
8291,0.672
8292,0.672
8293,0.672
8294,0.672
8295,0.672
8296,0.672
8297,0.672
8298,0.672
8299,0.672
8300,0.672
8301,0.672
8302,0.672
8303,0.672
8304,0.672
8305,0.672
8306,0.672
8307,0.485
8308,0.485
8309,0.485
8310,0.485
8311,0.485
8312,0.485
8313,0.485
8314,0.485
8315,0.485
8316,0.485
8317,0.485
8318,0.485
8319,0.485
8320,0.485
8321,0.485
8322,0.485
8323,0.485
8324,0.485
8325,0.485
8326,0.485
8327,0.485
8328,0.485
8329,0.485
8330,0.485
8331,0.672
8332,0.672
8333,0.672
8334,0.672
8335,0.672
8336,0.672
8337,0.672
8338,0.672
8339,0.672
8340,0.672
8341,0.672
8342,0.672
8343,0.546
8344,0.546
8345,0.546
8346,0.546
8347,0.546
8348,0.546
8349,0.546
8350,0.546
8351,0.546
8352,0.546
8353,0.546
8354,0.546
8355,0.48
8356,0.48
8357,0.48
8358,0.48
8359,0.48
8360,0.48
8361,0.48
8362,0.48
8363,0.48
8364,0.48
8365,0.48
8366,0.48
8367,0.48
8368,0.48
8369,0.48
8370,0.48
8371,0.48
8372,0.48
8373,0.48
8374,0.48
8375,0.48
8376,0.48
8377,0.48
8378,0.48
8379,0.546
8380,0.546
8381,0.546
8382,0.546
8383,0.546
8384,0.546
8385,0.546
8386,0.546
8387,0.546
8388,0.546
8389,0.546
8390,0.546
8391,0.546
8392,0.546
8393,0.546
8394,0.546
8395,0.546
8396,0.546
8397,0.546
8398,0.546
8399,0.546
8400,0.546
8401,0.546
8402,0.546
8403,0.48
8404,0.48
8405,0.48
8406,0.48
8407,0.48
8408,0.48
8409,0.48
8410,0.48
8411,0.48
8412,0.48
8413,0.48
8414,0.48
8415,0.475
8416,0.475
8417,0.475
8418,0.475
8419,0.475
8420,0.475
8421,0.475
8422,0.475
8423,0.475
8424,0.475
8425,0.475
8426,0.475
8427,0.484
8428,0.484
8429,0.484
8430,0.484
8431,0.484
8432,0.484
8433,0.484
8434,0.484
8435,0.484
8436,0.484
8437,0.484
8438,0.484
8439,0.484
8440,0.484
8441,0.484
8442,0.484
8443,0.484
8444,0.484
8445,0.484
8446,0.484
8447,0.484
8448,0.484
8449,0.484
8450,0.484
8451,0.475
8452,0.475
8453,0.475
8454,0.475
8455,0.475
8456,0.475
8457,0.475
8458,0.475
8459,0.475
8460,0.475
8461,0.475
8462,0.475
8463,0.475
8464,0.475
8465,0.475
8466,0.475
8467,0.475
8468,0.475
8469,0.475
8470,0.475
8471,0.475
8472,0.475
8473,0.475
8474,0.475
8475,0.484
8476,0.484
8477,0.484
8478,0.484
8479,0.484
8480,0.484
8481,0.484
8482,0.484
8483,0.484
8484,0.484
8485,0.484
8486,0.484
8487,0.502
8488,0.502
8489,0.502
8490,0.502
8491,0.502
8492,0.502
8493,0.502
8494,0.502
8495,0.502
8496,0.502
8497,0.502
8498,0.502
8499,0.589
8500,0.589
8501,0.589
8502,0.589
8503,0.589
8504,0.589
8505,0.589
8506,0.589
8507,0.589
8508,0.589
8509,0.589
8510,0.589
8511,0.589
8512,0.589
8513,0.589
8514,0.589
8515,0.589
8516,0.589
8517,0.589
8518,0.589
8519,0.589
8520,0.589
8521,0.589
8522,0.589
8523,0.502
8524,0.502
8525,0.502
8526,0.502
8527,0.502
8528,0.502
8529,0.502
8530,0.502
8531,0.502
8532,0.502
8533,0.502
8534,0.502
8535,0.502
8536,0.502
8537,0.502
8538,0.502
8539,0.502
8540,0.502
8541,0.502
8542,0.502
8543,0.502
8544,0.502
8545,0.502
8546,0.502
8547,0.589
8548,0.589
8549,0.589
8550,0.589
8551,0.589
8552,0.589
8553,0.589
8554,0.589
8555,0.589
8556,0.589
8557,0.589
8558,0.589
8559,0.443
8560,0.443
8561,0.443
8562,0.443
8563,0.443
8564,0.443
8565,0.443
8566,0.443
8567,0.443
8568,0.443
8569,0.443
8570,0.443
8571,0.644
8572,0.644
8573,0.644
8574,0.644
8575,0.644
8576,0.707
8577,0.644
8578,0.707
8579,0.707
8580,0.707
8581,0.707
8582,0.707
8583,0.707
8584,0.707
8585,0.67
8586,0.67
8587,0.644
8588,0.707
8589,0.63
8590,0.67
8591,0.644
8592,0.644
8593,0.63
8594,0.63
8595,0.443
8596,0.443
8597,0.443
8598,0.443
8599,0.443
8600,0.443
8601,0.443
8602,0.443
8603,0.443
8604,0.443
8605,0.443
8606,0.443
8607,0.443
8608,0.443
8609,0.443
8610,0.443
8611,0.443
8612,0.443
8613,0.443
8614,0.443
8615,0.443
8616,0.443
8617,0.443
8618,0.443
8619,0.63
8620,0.63
8621,0.63
8622,0.63
8623,0.63
8624,0.67
8625,0.63
8626,0.67
8627,0.67
8628,0.67
8629,0.67
8630,0.67
8631,0.668
8632,0.668
8633,0.668
8634,0.668
8635,0.668
8636,0.668
8637,0.668
8638,0.668
8639,0.668
8640,0.668
8641,0.668
8642,0.668
8643,0.614
8644,0.614
8645,0.614
8646,0.614
8647,0.614
8648,0.614
8649,0.614
8650,0.614
8651,0.614
8652,0.614
8653,0.614
8654,0.614
8655,0.614
8656,0.614
8657,0.614
8658,0.614
8659,0.614
8660,0.614
8661,0.614
8662,0.614
8663,0.614
8664,0.614
8665,0.614
8666,0.614
8667,0.668
8668,0.668
8669,0.668
8670,0.668
8671,0.668
8672,0.668
8673,0.668
8674,0.668
8675,0.668
8676,0.668
8677,0.668
8678,0.668
8679,0.668
8680,0.668
8681,0.668
8682,0.668
8683,0.668
8684,0.668
8685,0.668
8686,0.668
8687,0.668
8688,0.668
8689,0.668
8690,0.668
8691,0.614
8692,0.614
8693,0.614
8694,0.614
8695,0.614
8696,0.614
8697,0.614
8698,0.614
8699,0.614
8700,0.614
8701,0.614
8702,0.614
8703,0.637
8704,0.637
8705,0.637
8706,0.637
8707,0.637
8708,0.637
8709,0.637
8710,0.637
8711,0.563
8712,0.563
8713,0.563
8714,0.563
8715,0.563
8716,0.563
8717,0.563
8718,0.563
8719,0.563
8720,0.563
8721,0.563
8722,0.563
8723,0.563
8724,0.563
8725,0.563
8726,0.563
8727,0.637
8728,0.637
8729,0.637
8730,0.637
8731,0.637
8732,0.637
8733,0.637
8734,0.637
8735,0.704
8736,0.704
8737,0.704
8738,0.704
8739,0.704
8740,0.704
8741,0.704
8742,0.704
8743,0.68
8744,0.68
8745,0.68
8746,0.68
8747,0.68
8748,0.68
8749,0.68
8750,0.68
8751,0.68
8752,0.68
8753,0.68
8754,0.68
8755,0.68
8756,0.68
8757,0.68
8758,0.68
8759,0.704
8760,0.704
8761,0.704
8762,0.704
8763,0.704
8764,0.704
8765,0.704
8766,0.704
8767,0.643
8768,0.643
8769,0.643
8770,0.643
8771,0.643
8772,0.643
8773,0.643
8774,0.643
8775,0.611
8776,0.611
8777,0.611
8778,0.611
8779,0.611
8780,0.611
8781,0.611
8782,0.611
8783,0.611
8784,0.611
8785,0.611
8786,0.611
8787,0.611
8788,0.611
8789,0.611
8790,0.611
8791,0.643
8792,0.643
8793,0.643
8794,0.643
8795,0.643
8796,0.643
8797,0.643
8798,0.643
8799,0.783
8800,0.783
8801,0.783
8802,0.783
8803,0.783
8804,0.783
8805,0.783
8806,0.783
8807,0.688
8808,0.688
8809,0.688
8810,0.688
8811,0.688
8812,0.688
8813,0.688
8814,0.688
8815,0.64
8816,0.64
8817,0.64
8818,0.64
8819,0.64
8820,0.64
8821,0.64
8822,0.64
8823,0.64
8824,0.64
8825,0.64
8826,0.64
8827,0.64
8828,0.64
8829,0.64
8830,0.64
8831,0.688
8832,0.688
8833,0.688
8834,0.688
8835,0.688
8836,0.688
8837,0.688
8838,0.688
8839,0.783
8840,0.783
8841,0.783
8842,0.783
8843,0.783
8844,0.783
8845,0.783
8846,0.783
8847,0.722
8848,0.722
8849,0.722
8850,0.722
8851,0.722
8852,0.722
8853,0.722
8854,0.722
8855,0.604
8856,0.604
8857,0.604
8858,0.604
8859,0.604
8860,0.604
8861,0.604
8862,0.604
8863,0.578
8864,0.578
8865,0.578
8866,0.578
8867,0.578
8868,0.578
8869,0.578
8870,0.578
8871,0.578
8872,0.578
8873,0.578
8874,0.578
8875,0.578
8876,0.578
8877,0.578
8878,0.578
8879,0.604
8880,0.604
8881,0.604
8882,0.604
8883,0.604
8884,0.604
8885,0.604
8886,0.604
8887,0.722
8888,0.722
8889,0.722
8890,0.722
8891,0.722
8892,0.722
8893,0.722
8894,0.722
8895,0.662
8896,0.662
8897,0.662
8898,0.662
8899,0.662
8900,0.662
8901,0.662
8902,0.662
8903,0.618
8904,0.618
8905,0.618
8906,0.618
8907,0.618
8908,0.618
8909,0.618
8910,0.618
8911,0.595
8912,0.595
8913,0.595
8914,0.595
8915,0.595
8916,0.595
8917,0.595
8918,0.595
8919,0.595
8920,0.595
8921,0.595
8922,0.595
8923,0.595
8924,0.595
8925,0.595
8926,0.595
8927,0.618
8928,0.618
8929,0.618
8930,0.618
8931,0.618
8932,0.618
8933,0.618
8934,0.618
8935,0.662
8936,0.662
8937,0.662
8938,0.662
8939,0.662
8940,0.662
8941,0.662
8942,0.662
8943,0.742
8944,0.742
8945,0.742
8946,0.742
8947,0.742
8948,0.742
8949,0.742
8950,0.742
8951,0.736
8952,0.736
8953,0.736
8954,0.736
8955,0.715
8956,0.715
8957,0.715
8958,0.715
8959,0.711
8960,0.711
8961,0.711
8962,0.711
8963,0.71
8964,0.71
8965,0.71
8966,0.71
8967,0.693
8968,0.693
8969,0.693
8970,0.693
8971,0.677
8972,0.677
8973,0.677
8974,0.677
8975,0.712
8976,0.712
8977,0.712
8978,0.712
8979,0.724
8980,0.724
8981,0.724
8982,0.724
8983,0.742
8984,0.742
8985,0.742
8986,0.742
8987,0.742
8988,0.742
8989,0.742
8990,0.742
8991,0.787
8992,0.787
8993,0.787
8994,0.787
8995,0.787
8996,0.787
8997,0.787
8998,0.787
8999,0.71
9000,0.71
9001,0.71
9002,0.71
9003,0.656
9004,0.656
9005,0.656
9006,0.656
9007,0.664
9008,0.664
9009,0.664
9010,0.664
9011,0.664
9012,0.664
9013,0.664
9014,0.664
9015,0.664
9016,0.664
9017,0.664
9018,0.664
9019,0.664
9020,0.664
9021,0.664
9022,0.664
9023,0.762
9024,0.762
9025,0.762
9026,0.762
9027,0.793
9028,0.793
9029,0.793
9030,0.793
9031,0.787
9032,0.787
9033,0.787
9034,0.787
9035,0.787
9036,0.787
9037,0.787
9038,0.787
9039,0.773
9040,0.773
9041,0.773
9042,0.773
9043,0.759
9044,0.759
9045,0.759
9046,0.759
9047,0.76
9048,0.76
9049,0.76
9050,0.76
9051,0.67
9052,0.67
9053,0.67
9054,0.67
9055,0.646
9056,0.646
9057,0.646
9058,0.646
9059,0.646
9060,0.646
9061,0.646
9062,0.646
9063,0.646
9064,0.646
9065,0.646
9066,0.646
9067,0.646
9068,0.646
9069,0.646
9070,0.646
9071,0.608
9072,0.608
9073,0.608
9074,0.608
9075,0.664
9076,0.664
9077,0.664
9078,0.664
9079,0.7
9080,0.7
9081,0.7
9082,0.7
9083,0.759
9084,0.759
9085,0.759
9086,0.759
9087,0.789
9088,0.789
9089,0.789
9090,0.789
9091,0.757
9092,0.757
9093,0.757
9094,0.757
9095,0.702
9096,0.702
9097,0.702
9098,0.702
9099,0.572
9100,0.572
9101,0.572
9102,0.572
9103,0.573
9104,0.573
9105,0.573
9106,0.573
9107,0.623
9108,0.623
9109,0.623
9110,0.623
9111,0.743
9112,0.743
9113,0.743
9114,0.743
9115,0.71
9116,0.71
9117,0.71
9118,0.71
9119,0.71
9120,0.71
9121,0.721
9122,0.721
9123,0.721
9124,0.612
9125,0.732
9126,0.614
9127,0.639
9128,0.688
9129,0.688
9130,0.688
9131,0.688
9132,0.646
9133,0.646
9134,0.646
9135,0.646
9136,0.65
9137,0.65
9138,0.65
9139,0.65
9140,0.785
9141,0.785
9142,0.785
9143,0.785
9144,0.644
9145,0.644
9146,0.644
9147,0.644
9148,0.638
9149,0.638
9150,0.638
9151,0.638
9152,0.623
9153,0.623
9154,0.623
9155,0.623
9156,0.573
9157,0.573
9158,0.573
9159,0.573
9160,0.573
9161,0.573
9162,0.528
9163,0.528
9164,0.528
9165,0.528
9166,0.571
9167,0.571
9168,0.571
9169,0.571
9170,0.537
9171,0.537
9172,0.537
9173,0.537
9174,0.57
9175,0.57
9176,0.57
9177,0.57
9178,0.646
9179,0.646
9180,0.646
9181,0.646
9182,0.845
9183,0.845
9184,0.845
9185,0.845
9186,0.845
9187,0.845
9188,0.845
9189,0.845
9190,0.714
9191,0.714
9192,0.714
9193,0.714
9194,0.714
9195,0.714
9196,0.714
9197,0.714
9198,0.609
9199,0.609
9200,0.609
9201,0.609
9202,0.52
9203,0.52
9204,0.52
9205,0.52
9206,0.564
9207,0.564
9208,0.564
9209,0.564
9210,0.564
9211,0.564
9212,0.732
9213,0.732
9214,0.732
9215,0.732
9216,0.732
9217,0.732
9218,0.732
9219,0.732
9220,0.631
9221,0.631
9222,0.631
9223,0.631
9224,0.631
9225,0.631
9226,0.631
9227,0.631
9228,0.631
9229,0.631
9230,0.631
9231,0.631
9232,0.631
9233,0.631
9234,0.631
9235,0.631
9236,0.732
9237,0.732
9238,0.732
9239,0.732
9240,0.732
9241,0.732
9242,0.732
9243,0.732
9244,0.736
9245,0.736
9246,0.736
9247,0.736
9248,0.736
9249,0.736
9250,0.736
9251,0.736
9252,0.602
9253,0.602
9254,0.602
9255,0.602
9256,0.602
9257,0.602
9258,0.602
9259,0.602
9260,0.602
9261,0.602
9262,0.602
9263,0.602
9264,0.602
9265,0.602
9266,0.602
9267,0.602
9268,0.736
9269,0.736
9270,0.736
9271,0.736
9272,0.736
9273,0.736
9274,0.736
9275,0.736
9276,0.625
9277,0.625
9278,0.625
9279,0.625
9280,0.625
9281,0.625
9282,0.625
9283,0.625
9284,0.614
9285,0.614
9286,0.614
9287,0.614
9288,0.614
9289,0.614
9290,0.614
9291,0.614
9292,0.614
9293,0.614
9294,0.614
9295,0.614
9296,0.614
9297,0.614
9298,0.614
9299,0.614
9300,0.625
9301,0.625
9302,0.625
9303,0.625
9304,0.625
9305,0.625
9306,0.625
9307,0.625
9308,0.621
9309,0.621
9310,0.621
9311,0.621
9312,0.621
9313,0.621
9314,0.621
9315,0.621
9316,0.574
9317,0.574
9318,0.574
9319,0.574
9320,0.574
9321,0.574
9322,0.574
9323,0.574
9324,0.585
9325,0.585
9326,0.585
9327,0.585
9328,0.585
9329,0.585
9330,0.585
9331,0.585
9332,0.585
9333,0.585
9334,0.585
9335,0.585
9336,0.585
9337,0.585
9338,0.585
9339,0.585
9340,0.574
9341,0.574
9342,0.574
9343,0.574
9344,0.574
9345,0.574
9346,0.574
9347,0.574
9348,0.621
9349,0.621
9350,0.621
9351,0.621
9352,0.621
9353,0.621
9354,0.621
9355,0.621
9356,0.682
9357,0.682
9358,0.682
9359,0.682
9360,0.682
9361,0.682
9362,0.682
9363,0.682
9364,0.605
9365,0.605
9366,0.605
9367,0.605
9368,0.605
9369,0.605
9370,0.605
9371,0.605
9372,0.629
9373,0.629
9374,0.629
9375,0.629
9376,0.629
9377,0.629
9378,0.629
9379,0.629
9380,0.629
9381,0.629
9382,0.629
9383,0.629
9384,0.629
9385,0.629
9386,0.629
9387,0.629
9388,0.605
9389,0.605
9390,0.605
9391,0.605
9392,0.605
9393,0.605
9394,0.605
9395,0.605
9396,0.682
9397,0.682
9398,0.682
9399,0.682
9400,0.682
9401,0.682
9402,0.682
9403,0.682
9404,0.73
9405,0.73
9406,0.73
9407,0.73
9408,0.73
9409,0.73
9410,0.73
9411,0.73
9412,0.708
9413,0.708
9414,0.708
9415,0.708
9416,0.708
9417,0.708
9418,0.708
9419,0.708
9420,0.629
9421,0.629
9422,0.629
9423,0.629
9424,0.629
9425,0.629
9426,0.629
9427,0.629
9428,0.629
9429,0.629
9430,0.629
9431,0.629
9432,0.629
9433,0.629
9434,0.629
9435,0.629
9436,0.708
9437,0.708
9438,0.708
9439,0.708
9440,0.708
9441,0.708
9442,0.708
9443,0.708
9444,0.73
9445,0.73
9446,0.73
9447,0.73
9448,0.73
9449,0.73
9450,0.73
9451,0.73
9452,0.799
9453,0.799
9454,0.799
9455,0.799
9456,0.799
9457,0.799
9458,0.799
9459,0.799
9460,0.606
9461,0.606
9462,0.606
9463,0.606
9464,0.606
9465,0.606
9466,0.606
9467,0.606
9468,0.682
9469,0.682
9470,0.682
9471,0.682
9472,0.682
9473,0.682
9474,0.682
9475,0.682
9476,0.682
9477,0.682
9478,0.682
9479,0.682
9480,0.682
9481,0.682
9482,0.682
9483,0.682
9484,0.606
9485,0.606
9486,0.606
9487,0.606
9488,0.606
9489,0.606
9490,0.606
9491,0.606
9492,0.799
9493,0.799
9494,0.799
9495,0.799
9496,0.799
9497,0.799
9498,0.799
9499,0.799
9500,0.828
9501,0.828
9502,0.828
9503,0.828
9504,0.828
9505,0.828
9506,0.828
9507,0.828
9508,0.535
9509,0.535
9510,0.535
9511,0.535
9512,0.531
9513,0.645
9514,0.532
9515,0.567
9516,0.617
9517,0.617
9518,0.617
9519,0.617
9520,0.684
9521,0.684
9522,0.684
9523,0.684
9524,0.606
9525,0.606
9526,0.606
9527,0.606
9528,0.657
9529,0.657
9530,0.657
9531,0.657
9532,0.664
9533,0.664
9534,0.664
9535,0.664
9536,0.626
9537,0.626
9538,0.626
9539,0.626
9540,0.828
9541,0.828
9542,0.828
9543,0.828
9544,0.828
9545,0.828
9546,0.828
9547,0.828
9548,0.742
9549,0.742
9550,0.742
9551,0.742
9552,0.742
9553,0.742
9554,0.742
9555,0.742
9556,0.644
9557,0.644
9558,0.644
9559,0.644
9560,0.631
9561,0.631
9562,0.631
9563,0.631
9564,0.618
9565,0.618
9566,0.618
9567,0.618
9568,0.582
9569,0.582
9570,0.582
9571,0.582
9572,0.573
9573,0.573
9574,0.573
9575,0.573
9576,0.527
9577,0.527
9578,0.527
9579,0.527
9580,0.488
9581,0.488
9582,0.488
9583,0.488
9584,0.645
9585,0.645
9586,0.645
9587,0.645
9588,0.742
9589,0.742
9590,0.742
9591,0.742
9592,0.742
9593,0.742
9594,0.742
9595,0.742
9596,0.313
9597,0.313
9598,0.313
9599,0.313
9600,0.625
9601,0.625
9602,0.625
9603,0.625
9604,0.662
9605,0.662
9606,0.662
9607,0.662
9608,0.695
9609,0.695
9610,0.695
9611,0.695
9612,0.567
9613,0.643
9614,0.52
9615,0.643
9616,0.29
9617,0.29
9618,0.29
9619,0.29
9620,0.467
9621,0.467
9622,0.467
9623,0.467
9624,0.726
9625,0.726
9626,0.726
9627,0.726
9628,0.743
9629,0.743
9630,0.743
9631,0.743
9632,0.72
9633,0.72
9634,0.72
9635,0.72
9636,0.766
9637,0.766
9638,0.766
9639,0.766
9640,0.52
9641,0.52
9642,0.52
9643,0.52
9644,0.588
9645,0.588
9646,0.588
9647,0.588
9648,0.588
9649,0.588
9650,0.565
9651,0.565
9652,0.565
9653,0.565
9654,0.565
9655,0.565
9656,0.565
9657,0.565
9658,0.565
9659,0.565
9660,0.565
9661,0.565
9662,0.565
9663,0.565
9664,0.565
9665,0.565
9666,0.579
9667,0.579
9668,0.579
9669,0.579
9670,0.597
9671,0.597
9672,0.597
9673,0.61
9674,0.61
9675,0.61
9676,0.61
9677,0.61
9678,0.61
9679,0.61
9680,0.61
9681,0.6
9682,0.6
9683,0.6
9684,0.6
9685,0.6
9686,0.6
9687,0.6
9688,0.6
9689,0.6
9690,0.6
9691,0.6
9692,0.6
9693,0.6
9694,0.6
9695,0.6
9696,0.6
9697,0.61
9698,0.61
9699,0.61
9700,0.61
9701,0.61
9702,0.61
9703,0.61
9704,0.61
9705,0.69
9706,0.69
9707,0.69
9708,0.69
9709,0.69
9710,0.69
9711,0.69
9712,0.69
9713,0.634
9714,0.634
9715,0.634
9716,0.634
9717,0.634
9718,0.634
9719,0.634
9720,0.634
9721,0.634
9722,0.634
9723,0.634
9724,0.634
9725,0.634
9726,0.634
9727,0.634
9728,0.634
9729,0.69
9730,0.69
9731,0.69
9732,0.69
9733,0.69
9734,0.69
9735,0.69
9736,0.69
9737,0.774
9738,0.774
9739,0.774
9740,0.774
9741,0.774
9742,0.774
9743,0.774
9744,0.774
9745,0.699
9746,0.699
9747,0.699
9748,0.699
9749,0.699
9750,0.699
9751,0.699
9752,0.699
9753,0.699
9754,0.699
9755,0.699
9756,0.699
9757,0.699
9758,0.699
9759,0.699
9760,0.699
9761,0.774
9762,0.774
9763,0.774
9764,0.774
9765,0.774
9766,0.774
9767,0.774
9768,0.774
9769,0.63
9770,0.63
9771,0.63
9772,0.63
9773,0.63
9774,0.63
9775,0.63
9776,0.63
9777,0.611
9778,0.611
9779,0.611
9780,0.611
9781,0.611
9782,0.611
9783,0.611
9784,0.611
9785,0.713
9786,0.713
9787,0.713
9788,0.713
9789,0.713
9790,0.713
9791,0.713
9792,0.713
9793,0.713
9794,0.713
9795,0.713
9796,0.713
9797,0.713
9798,0.713
9799,0.713
9800,0.713
9801,0.611
9802,0.611
9803,0.611
9804,0.611
9805,0.611
9806,0.611
9807,0.611
9808,0.611
9809,0.63
9810,0.63
9811,0.63
9812,0.63
9813,0.63
9814,0.63
9815,0.63
9816,0.63
9817,0.582
9818,0.582
9819,0.582
9820,0.582
9821,0.582
9822,0.582
9823,0.582
9824,0.582
9825,0.258
9826,0.258
9827,0.258
9828,0.258
9829,0.332
9830,0.332
9831,0.332
9832,0.332
9833,0.502
9834,0.502
9835,0.502
9836,0.502
9837,0.457
9838,0.457
9839,0.457
9840,0.457
9841,0.63
9842,0.63
9843,0.63
9844,0.63
9845,0.661
9846,0.661
9847,0.661
9848,0.661
9849,0.574
9850,0.574
9851,0.574
9852,0.574
9853,0.667
9854,0.667
9855,0.667
9856,0.667
9857,0.582
9858,0.582
9859,0.582
9860,0.582
9861,0.582
9862,0.582
9863,0.582
9864,0.582
9865,0.626
9866,0.626
9867,0.626
9868,0.626
9869,0.63
9870,0.63
9871,0.63
9872,0.63
9873,0.609
9874,0.609
9875,0.609
9876,0.609
9877,0.609
9878,0.609
9879,0.609
9880,0.609
9881,0.693
9882,0.693
9883,0.693
9884,0.693
9885,0.693
9886,0.693
9887,0.693
9888,0.693
9889,0.693
9890,0.693
9891,0.693
9892,0.693
9893,0.693
9894,0.693
9895,0.693
9896,0.693
9897,0.609
9898,0.609
9899,0.609
9900,0.609
9901,0.609
9902,0.609
9903,0.609
9904,0.609
9905,0.561
9906,0.561
9907,0.561
9908,0.561
9909,0.625
9910,0.625
9911,0.625
9912,0.625
9913,0.65
9914,0.65
9915,0.65
9916,0.65
9917,0.65
9918,0.65
9919,0.65
9920,0.65
9921,0.506
9922,0.506
9923,0.506
9924,0.506
9925,0.506
9926,0.506
9927,0.506
9928,0.506
9929,0.369
9930,0.369
9931,0.369
9932,0.369
9933,0.369
9934,0.369
9935,0.369
9936,0.369
9937,0.369
9938,0.369
9939,0.369
9940,0.369
9941,0.369
9942,0.369
9943,0.369
9944,0.369
9945,0.506
9946,0.506
9947,0.506
9948,0.506
9949,0.506
9950,0.506
9951,0.506
9952,0.506
9953,0.65
9954,0.65
9955,0.65
9956,0.65
9957,0.65
9958,0.65
9959,0.65
9960,0.65
9961,0.644
9962,0.644
9963,0.644
9964,0.644
9965,0.494
9966,0.494
9967,0.494
9968,0.494
9969,0.484
9970,0.484
9971,0.484
9972,0.484
9973,0.522
9974,0.522
9975,0.522
9976,0.522
9977,0.399
9978,0.399
9979,0.399
9980,0.399
9981,0.386
9982,0.386
9983,0.386
9984,0.386
9985,0.601
9986,0.601
9987,0.601
9988,0.601
9989,0.618
9990,0.618
9991,0.618
9992,0.618
9993,0.564
9994,0.564
9995,0.564
9996,0.564
9997,0.48
9998,0.48
9999,0.48
10000,0.48
10001,0.508
10002,0.508
10003,0.508
10004,0.508
10005,0.631
10006,0.631
10007,0.631
10008,0.631
10009,0.62
10010,0.62
10011,0.62
10012,0.62
10013,0.565
10014,0.565
10015,0.565
10016,0.565
10017,0.555
10018,0.555
10019,0.555
10020,0.555
10021,0.555
10022,0.555
10023,0.555
10024,0.555
10025,0.586
10026,0.586
10027,0.586
10028,0.586
10029,0.586
10030,0.586
10031,0.586
10032,0.586
10033,0.586
10034,0.586
10035,0.586
10036,0.586
10037,0.586
10038,0.586
10039,0.586
10040,0.586
10041,0.555
10042,0.555
10043,0.555
10044,0.555
10045,0.555
10046,0.555
10047,0.555
10048,0.555
10049,0.604
10050,0.604
10051,0.604
10052,0.604
10053,0.62
10054,0.62
10055,0.62
10056,0.62
10057,0.609
10058,0.609
10059,0.609
10060,0.609
10061,0.609
10062,0.609
10063,0.622
10064,0.622
10065,0.622
10066,0.622
10067,0.437
10068,0.437
10069,0.437
10070,0.437
10071,0.369
10072,0.369
10073,0.369
10074,0.369
10075,0.615
10076,0.615
10077,0.615
10078,0.615
10079,0.437
10080,0.437
10081,0.526
10082,0.453
10083,0.679
10084,0.679
10085,0.679
10086,0.679
10087,0.683
10088,0.683
10089,0.683
10090,0.683
10091,0.683
10092,0.683
10093,0.773
10094,0.773
10095,0.773
10096,0.773
10097,0.687
10098,0.453
10099,0.774
10100,0.462
10101,0.528
10102,0.454
10103,0.398
10104,0.394
10105,0.647
10106,0.649
10107,0.646
10108,0.649
10109,0.491
10110,0.491
10111,0.495
10112,0.495
10113,0.448
10114,0.448
10115,0.448
10116,0.448
10117,0.702
10118,0.702
10119,0.702
10120,0.702
10121,0.773
10122,0.773
10123,0.773
10124,0.692
10125,0.562
10126,0.695
10127,0.471
10128,0.557
10129,0.482
10130,0.688
10131,0.417
10132,0.49
10133,0.498
10134,0.414
10135,0.414
10136,0.596
10137,0.596
10138,0.596
10139,0.596
10140,0.713
10141,0.418
10142,0.361
10143,0.591
10144,0.778
10145,0.778
10146,0.763
10147,0.713
10148,0.551
10149,0.551
10150,0.551
10151,0.551
10152,0.593
10153,0.593
10154,0.593
10155,0.593
10156,0.593
10157,0.593
10158,0.593
10159,0.593
10160,0.593
10161,0.593
10162,0.593
10163,0.593
10164,0.551
10165,0.551
10166,0.551
10167,0.551
10168,0.551
10169,0.551
10170,0.551
10171,0.551
10172,0.461
10173,0.461
10174,0.461
10175,0.461
10176,0.461
10177,0.461
10178,0.461
10179,0.461
10180,0.757
10181,0.757
10182,0.757
10183,0.757
10184,0.757
10185,0.757
10186,0.757
10187,0.757
10188,0.757
10189,0.757
10190,0.757
10191,0.757
10192,0.757
10193,0.757
10194,0.757
10195,0.757
10196,0.461
10197,0.461
10198,0.461
10199,0.461
10200,0.461
10201,0.461
10202,0.461
10203,0.461
10204,0.626
10205,0.626
10206,0.626
10207,0.626
10208,0.626
10209,0.626
10210,0.626
10211,0.626
10212,0.749
10213,0.749
10214,0.749
10215,0.749
10216,0.749
10217,0.749
10218,0.749
10219,0.749
10220,0.749
10221,0.749
10222,0.749
10223,0.749
10224,0.749
10225,0.749
10226,0.749
10227,0.749
10228,0.626
10229,0.626
10230,0.626
10231,0.626
10232,0.626
10233,0.626
10234,0.626
10235,0.626
10236,0.564
10237,0.564
10238,0.564
10239,0.564
10240,0.658
10241,0.658
10242,0.658
10243,0.658
10244,0.6
10245,0.6
10246,0.6
10247,0.6
10248,0.6
10249,0.6
10250,0.6
10251,0.6
10252,0.6
10253,0.6
10254,0.6
10255,0.6
10256,0.658
10257,0.658
10258,0.658
10259,0.658
10260,0.658
10261,0.658
10262,0.658
10263,0.658
10264,0.564
10265,0.564
10266,0.564
10267,0.564
10268,0.564
10269,0.564
10270,0.564
10271,0.564
10272,0.497
10273,0.497
10274,0.497
10275,0.497
10276,0.497
10277,0.497
10278,0.497
10279,0.497
10280,0.497
10281,0.497
10282,0.497
10283,0.497
10284,0.497
10285,0.497
10286,0.497
10287,0.497
10288,0.435
10289,0.435
10290,0.435
10291,0.435
10292,0.435
10293,0.435
10294,0.435
10295,0.435
10296,0.435
10297,0.435
10298,0.435
10299,0.435
10300,0.435
10301,0.435
10302,0.435
10303,0.435
10304,0.497
10305,0.497
10306,0.497
10307,0.497
10308,0.497
10309,0.497
10310,0.497
10311,0.497
10312,0.497
10313,0.497
10314,0.497
10315,0.497
10316,0.497
10317,0.497
10318,0.497
10319,0.497
10320,0.657
10321,0.657
10322,0.657
10323,0.657
10324,0.657
10325,0.657
10326,0.657
10327,0.657
10328,0.623
10329,0.623
10330,0.623
10331,0.623
10332,0.623
10333,0.623
10334,0.623
10335,0.623
10336,0.569
10337,0.569
10338,0.569
10339,0.569
10340,0.569
10341,0.569
10342,0.569
10343,0.569
10344,0.569
10345,0.569
10346,0.569
10347,0.569
10348,0.569
10349,0.569
10350,0.569
10351,0.569
10352,0.623
10353,0.623
10354,0.623
10355,0.623
10356,0.623
10357,0.623
10358,0.623
10359,0.623
10360,0.657
10361,0.657
10362,0.657
10363,0.657
10364,0.657
10365,0.657
10366,0.657
10367,0.657
10368,0.528
10369,0.528
10370,0.528
10371,0.528
10372,0.528
10373,0.528
10374,0.53
10375,0.53
10376,0.53
10377,0.53
10378,0.53
10379,0.53
10380,0.53
10381,0.53
10382,0.53
10383,0.53
10384,0.53
10385,0.53
10386,0.53
10387,0.53
10388,0.53
10389,0.53
10390,0.53
10391,0.53
10392,0.528
10393,0.528
10394,0.528
10395,0.528
10396,0.528
10397,0.528
10398,0.528
10399,0.528
10400,0.528
10401,0.528
10402,0.528
10403,0.528
10404,0.528
10405,0.528
10406,0.528
10407,0.528
10408,0.528
10409,0.528
10410,0.528
10411,0.528
10412,0.528
10413,0.528
10414,0.528
10415,0.528
10416,0.53
10417,0.53
10418,0.53
10419,0.53
10420,0.53
10421,0.53
10422,0.53
10423,0.53
10424,0.53
10425,0.53
10426,0.53
10427,0.53
10428,0.524
10429,0.524
10430,0.524
10431,0.524
10432,0.524
10433,0.524
10434,0.524
10435,0.524
10436,0.524
10437,0.524
10438,0.524
10439,0.524
10440,0.531
10441,0.531
10442,0.531
10443,0.531
10444,0.531
10445,0.531
10446,0.531
10447,0.531
10448,0.531
10449,0.531
10450,0.531
10451,0.531
10452,0.531
10453,0.531
10454,0.531
10455,0.531
10456,0.531
10457,0.531
10458,0.531
10459,0.531
10460,0.531
10461,0.531
10462,0.531
10463,0.531
10464,0.524
10465,0.524
10466,0.524
10467,0.524
10468,0.524
10469,0.524
10470,0.524
10471,0.524
10472,0.524
10473,0.524
10474,0.524
10475,0.524
10476,0.524
10477,0.524
10478,0.524
10479,0.524
10480,0.524
10481,0.524
10482,0.524
10483,0.524
10484,0.524
10485,0.524
10486,0.524
10487,0.524
10488,0.531
10489,0.531
10490,0.531
10491,0.531
10492,0.531
10493,0.531
10494,0.531
10495,0.531
10496,0.531
10497,0.531
10498,0.531
10499,0.531
10500,0.527
10501,0.527
10502,0.527
10503,0.527
10504,0.527
10505,0.553
10506,0.553
10507,0.553
10508,0.553
10509,0.553
10510,0.553
10511,0.553
10512,0.553
10513,0.553
10514,0.553
10515,0.553
10516,0.553
10517,0.527
10518,0.527
10519,0.527
10520,0.527
10521,0.527
10522,0.527
10523,0.527
10524,0.527
10525,0.527
10526,0.527
10527,0.554
10528,0.554
10529,0.554
10530,0.554
10531,0.554
10532,0.554
10533,0.554
10534,0.554
10535,0.554
10536,0.554
10537,0.651
10538,0.651
10539,0.651
10540,0.651
10541,0.574
10542,0.574
10543,0.574
10544,0.574
10545,0.619
10546,0.619
10547,0.619
10548,0.619
10549,0.724
10550,0.724
10551,0.724
10552,0.724
10553,0.554
10554,0.554
10555,0.554
10556,0.554
10557,0.554
10558,0.554
10559,0.554
10560,0.554
10561,0.554
10562,0.554
10563,0.531
10564,0.531
10565,0.531
10566,0.531
10567,0.531
10568,0.531
10569,0.531
10570,0.531
10571,0.531
10572,0.531
10573,0.758
10574,0.758
10575,0.758
10576,0.758
10577,0.758
10578,0.758
10579,0.758
10580,0.758
10581,0.758
10582,0.758
10583,0.758
10584,0.758
10585,0.758
10586,0.758
10587,0.758
10588,0.758
10589,0.531
10590,0.531
10591,0.531
10592,0.531
10593,0.531
10594,0.531
10595,0.531
10596,0.531
10597,0.531
10598,0.531
10599,0.523
10600,0.523
10601,0.523
10602,0.523
10603,0.523
10604,0.523
10605,0.523
10606,0.523
10607,0.523
10608,0.523
10609,0.523
10610,0.523
10611,0.523
10612,0.523
10613,0.523
10614,0.523
10615,0.523
10616,0.523
10617,0.523
10618,0.523
10619,0.523
10620,0.523
10621,0.523
10622,0.523
10623,0.523
10624,0.523
10625,0.523
10626,0.523
10627,0.523
10628,0.523
10629,0.523
10630,0.523
10631,0.523
10632,0.523
10633,0.523
10634,0.523
10635,0.523
10636,0.523
10637,0.523
10638,0.523
10639,0.523
10640,0.523
10641,0.523
10642,0.523
10643,0.523
10644,0.523
10645,0.523
10646,0.523
10647,0.523
10648,0.523
10649,0.523
10650,0.523
10651,0.523
10652,0.523
10653,0.523
10654,0.523
10655,0.523
10656,0.523
10657,0.523
10658,0.523
10659,0.523
10660,0.523
10661,0.523
10662,0.523
10663,0.523
10664,0.523
10665,0.523
10666,0.523
10667,0.523
10668,0.523
10669,0.523
10670,0.523
10671,0.523
10672,0.523
10673,0.523
10674,0.523
10675,0.523
10676,0.523
10677,0.523
10678,0.523
10679,0.523
10680,0.523
10681,0.523
10682,0.523
10683,0.552
10684,0.552
10685,0.552
10686,0.552
10687,0.552
10688,0.552
10689,0.552
10690,0.552
10691,0.552
10692,0.552
10693,0.552
10694,0.552
10695,0.552
10696,0.552
10697,0.552
10698,0.552
10699,0.552
10700,0.552
10701,0.552
10702,0.552
10703,0.552
10704,0.552
10705,0.552
10706,0.552
10707,0.523
10708,0.523
10709,0.523
10710,0.523
10711,0.523
10712,0.523
10713,0.523
10714,0.523
10715,0.523
10716,0.523
10717,0.523
10718,0.523
10719,0.523
10720,0.523
10721,0.523
10722,0.523
10723,0.523
10724,0.523
10725,0.523
10726,0.523
10727,0.523
10728,0.523
10729,0.523
10730,0.523
10731,0.552
10732,0.552
10733,0.552
10734,0.552
10735,0.552
10736,0.552
10737,0.552
10738,0.552
10739,0.552
10740,0.552
10741,0.552
10742,0.552
10743,0.613
10744,0.613
10745,0.613
10746,0.613
10747,0.613
10748,0.613
10749,0.613
10750,0.613
10751,0.613
10752,0.613
10753,0.613
10754,0.613
10755,0.601
10756,0.601
10757,0.601
10758,0.601
10759,0.601
10760,0.601
10761,0.601
10762,0.601
10763,0.601
10764,0.601
10765,0.601
10766,0.601
10767,0.601
10768,0.601
10769,0.601
10770,0.601
10771,0.601
10772,0.601
10773,0.601
10774,0.601
10775,0.601
10776,0.601
10777,0.601
10778,0.601
10779,0.613
10780,0.613
10781,0.613
10782,0.613
10783,0.613
10784,0.613
10785,0.613
10786,0.613
10787,0.613
10788,0.613
10789,0.613
10790,0.613
10791,0.613
10792,0.613
10793,0.613
10794,0.613
10795,0.613
10796,0.613
10797,0.613
10798,0.613
10799,0.613
10800,0.613
10801,0.613
10802,0.613
10803,0.601
10804,0.601
10805,0.601
10806,0.601
10807,0.601
10808,0.601
10809,0.601
10810,0.601
10811,0.601
10812,0.601
10813,0.601
10814,0.601
10815,0.764
10816,0.764
10817,0.764
10818,0.764
10819,0.764
10820,0.764
10821,0.764
10822,0.764
10823,0.764
10824,0.764
10825,0.764
10826,0.764
10827,0.744
10828,0.744
10829,0.744
10830,0.744
10831,0.744
10832,0.744
10833,0.744
10834,0.744
10835,0.744
10836,0.744
10837,0.744
10838,0.744
10839,0.744
10840,0.744
10841,0.744
10842,0.744
10843,0.744
10844,0.744
10845,0.744
10846,0.744
10847,0.744
10848,0.744
10849,0.744
10850,0.744
10851,0.764
10852,0.764
10853,0.764
10854,0.764
10855,0.764
10856,0.764
10857,0.764
10858,0.764
10859,0.764
10860,0.764
10861,0.764
10862,0.764
10863,0.764
10864,0.764
10865,0.764
10866,0.764
10867,0.764
10868,0.764
10869,0.764
10870,0.764
10871,0.764
10872,0.764
10873,0.764
10874,0.764
10875,0.744
10876,0.744
10877,0.744
10878,0.744
10879,0.744
10880,0.744
10881,0.744
10882,0.744
10883,0.744
10884,0.744
10885,0.744
10886,0.744
10887,0.774
10888,0.774
10889,0.774
10890,0.774
10891,0.774
10892,0.774
10893,0.774
10894,0.774
10895,0.74
10896,0.74
10897,0.74
10898,0.74
10899,0.74
10900,0.74
10901,0.74
10902,0.74
10903,0.612
10904,0.612
10905,0.612
10906,0.612
10907,0.612
10908,0.612
10909,0.612
10910,0.612
10911,0.612
10912,0.612
10913,0.612
10914,0.612
10915,0.612
10916,0.612
10917,0.612
10918,0.612
10919,0.74
10920,0.74
10921,0.74
10922,0.74
10923,0.74
10924,0.74
10925,0.74
10926,0.74
10927,0.774
10928,0.774
10929,0.774
10930,0.774
10931,0.774
10932,0.774
10933,0.774
10934,0.774
10935,0.581
10936,0.581
10937,0.581
10938,0.581
10939,0.581
10940,0.581
10941,0.581
10942,0.581
10943,0.665
10944,0.665
10945,0.665
10946,0.665
10947,0.665
10948,0.665
10949,0.665
10950,0.665
10951,0.612
10952,0.612
10953,0.612
10954,0.612
10955,0.612
10956,0.612
10957,0.612
10958,0.612
10959,0.612
10960,0.612
10961,0.612
10962,0.612
10963,0.612
10964,0.612
10965,0.612
10966,0.612
10967,0.665
10968,0.665
10969,0.665
10970,0.665
10971,0.665
10972,0.665
10973,0.665
10974,0.665
10975,0.581
10976,0.581
10977,0.581
10978,0.581
10979,0.581
10980,0.581
10981,0.581
10982,0.581
10983,0.53
10984,0.53
10985,0.53
10986,0.53
10987,0.53
10988,0.53
10989,0.53
10990,0.53
10991,0.611
10992,0.611
10993,0.611
10994,0.611
10995,0.611
10996,0.611
10997,0.611
10998,0.611
10999,0.677
11000,0.677
11001,0.677
11002,0.677
11003,0.677
11004,0.677
11005,0.677
11006,0.677
11007,0.677
11008,0.677
11009,0.677
11010,0.677
11011,0.677
11012,0.677
11013,0.677
11014,0.677
11015,0.611
11016,0.611
11017,0.611
11018,0.611
11019,0.611
11020,0.611
11021,0.611
11022,0.611
11023,0.53
11024,0.53
11025,0.53
11026,0.53
11027,0.53
11028,0.53
11029,0.53
11030,0.53
11031,0.629
11032,0.629
11033,0.629
11034,0.629
11035,0.629
11036,0.629
11037,0.629
11038,0.629
11039,0.511
11040,0.511
11041,0.511
11042,0.511
11043,0.477
11044,0.477
11045,0.477
11046,0.477
11047,0.482
11048,0.482
11049,0.482
11050,0.482
11051,0.593
11052,0.593
11053,0.593
11054,0.593
11055,0.617
11056,0.617
11057,0.617
11058,0.617
11059,0.546
11060,0.564
11061,0.566
11062,0.566
11063,0.541
11064,0.541
11065,0.541
11066,0.541
11067,0.54
11068,0.54
11069,0.54
11070,0.54
11071,0.629
11072,0.629
11073,0.629
11074,0.629
11075,0.629
11076,0.629
11077,0.629
11078,0.629
11079,0.727
11080,0.727
11081,0.727
11082,0.727
11083,0.727
11084,0.727
11085,0.727
11086,0.727
11087,0.611
11088,0.611
11089,0.611
11090,0.611
11091,0.611
11092,0.611
11093,0.611
11094,0.611
11095,0.636
11096,0.636
11097,0.636
11098,0.636
11099,0.636
11100,0.636
11101,0.636
11102,0.636
11103,0.636
11104,0.636
11105,0.636
11106,0.636
11107,0.636
11108,0.636
11109,0.636
11110,0.636
11111,0.611
11112,0.611
11113,0.611
11114,0.611
11115,0.611
11116,0.611
11117,0.611
11118,0.611
11119,0.727
11120,0.727
11121,0.727
11122,0.727
11123,0.727
11124,0.727
11125,0.727
11126,0.727
11127,0.574
11128,0.574
11129,0.574
11130,0.574
11131,0.574
11132,0.574
11133,0.574
11134,0.574
11135,0.583
11136,0.583
11137,0.583
11138,0.583
11139,0.583
11140,0.583
11141,0.583
11142,0.583
11143,0.424
11144,0.424
11145,0.424
11146,0.424
11147,0.461
11148,0.461
11149,0.461
11150,0.461
11151,0.384
11152,0.384
11153,0.384
11154,0.384
11155,0.384
11156,0.384
11157,0.384
11158,0.384
11159,0.583
11160,0.583
11161,0.583
11162,0.583
11163,0.583
11164,0.583
11165,0.583
11166,0.583
11167,0.574
11168,0.574
11169,0.574
11170,0.574
11171,0.574
11172,0.574
11173,0.574
11174,0.574
11175,0.682
11176,0.682
11177,0.682
11178,0.682
11179,0.682
11180,0.682
11181,0.682
11182,0.682
11183,0.682
11184,0.682
11185,0.682
11186,0.682
11187,0.682
11188,0.682
11189,0.682
11190,0.682
11191,0.728
11192,0.728
11193,0.728
11194,0.728
11195,0.728
11196,0.728
11197,0.728
11198,0.728
11199,0.728
11200,0.728
11201,0.728
11202,0.728
11203,0.728
11204,0.728
11205,0.728
11206,0.728
11207,0.679
11208,0.679
11209,0.679
11210,0.679
11211,0.679
11212,0.679
11213,0.679
11214,0.679
11215,0.679
11216,0.679
11217,0.679
11218,0.679
11219,0.679
11220,0.679
11221,0.679
11222,0.679
11223,0.692
11224,0.692
11225,0.692
11226,0.692
11227,0.692
11228,0.692
11229,0.692
11230,0.692
11231,0.692
11232,0.692
11233,0.692
11234,0.692
11235,0.692
11236,0.692
11237,0.692
11238,0.692
11239,0.692
11240,0.692
11241,0.692
11242,0.692
11243,0.692
11244,0.692
11245,0.692
11246,0.692
11247,0.692
11248,0.692
11249,0.692
11250,0.692
11251,0.692
11252,0.692
11253,0.692
11254,0.692
11255,0.692
11256,0.692
11257,0.692
11258,0.692
11259,0.692
11260,0.692
11261,0.692
11262,0.692
11263,0.692
11264,0.692
11265,0.692
11266,0.692
11267,0.692
11268,0.692
11269,0.692
11270,0.692
11271,0.692
11272,0.692
11273,0.692
11274,0.692
11275,0.692
11276,0.692
11277,0.692
11278,0.692
11279,0.692
11280,0.692
11281,0.692
11282,0.692
11283,0.692
11284,0.692
11285,0.692
11286,0.692
11287,0.692
11288,0.692
11289,0.692
11290,0.692
11291,0.692
11292,0.692
11293,0.692
11294,0.692
11295,0.66
11296,0.66
11297,0.66
11298,0.66
11299,0.66
11300,0.66
11301,0.66
11302,0.66
11303,0.66
11304,0.66
11305,0.66
11306,0.66
11307,0.667
11308,0.667
11309,0.667
11310,0.667
11311,0.667
11312,0.667
11313,0.667
11314,0.667
11315,0.667
11316,0.667
11317,0.667
11318,0.667
11319,0.667
11320,0.667
11321,0.667
11322,0.667
11323,0.667
11324,0.667
11325,0.667
11326,0.667
11327,0.667
11328,0.667
11329,0.667
11330,0.667
11331,0.66
11332,0.66
11333,0.66
11334,0.66
11335,0.66
11336,0.66
11337,0.66
11338,0.66
11339,0.66
11340,0.66
11341,0.66
11342,0.66
11343,0.66
11344,0.66
11345,0.66
11346,0.66
11347,0.66
11348,0.66
11349,0.66
11350,0.66
11351,0.66
11352,0.66
11353,0.66
11354,0.66
11355,0.667
11356,0.667
11357,0.667
11358,0.667
11359,0.667
11360,0.667
11361,0.667
11362,0.667
11363,0.667
11364,0.667
11365,0.667
11366,0.667
11367,0.612
11368,0.612
11369,0.612
11370,0.612
11371,0.612
11372,0.612
11373,0.612
11374,0.612
11375,0.612
11376,0.612
11377,0.612
11378,0.612
11379,0.612
11380,0.612
11381,0.612
11382,0.612
11383,0.612
11384,0.612
11385,0.612
11386,0.612
11387,0.612
11388,0.612
11389,0.612
11390,0.612
11391,0.612
11392,0.612
11393,0.612
11394,0.612
11395,0.612
11396,0.612
11397,0.612
11398,0.612
11399,0.612
11400,0.612
11401,0.612
11402,0.612
11403,0.612
11404,0.612
11405,0.612
11406,0.612
11407,0.612
11408,0.612
11409,0.612
11410,0.612
11411,0.612
11412,0.612
11413,0.612
11414,0.612
11415,0.612
11416,0.612
11417,0.612
11418,0.612
11419,0.612
11420,0.612
11421,0.612
11422,0.612
11423,0.612
11424,0.612
11425,0.612
11426,0.612
11427,0.612
11428,0.612
11429,0.612
11430,0.612
11431,0.612
11432,0.612
11433,0.612
11434,0.612
11435,0.612
11436,0.612
11437,0.612
11438,0.612
11439,0.623
11440,0.623
11441,0.623
11442,0.623
11443,0.623
11444,0.623
11445,0.623
11446,0.623
11447,0.623
11448,0.623
11449,0.623
11450,0.623
11451,0.612
11452,0.612
11453,0.612
11454,0.612
11455,0.612
11456,0.612
11457,0.612
11458,0.612
11459,0.612
11460,0.612
11461,0.612
11462,0.612
11463,0.612
11464,0.612
11465,0.612
11466,0.612
11467,0.612
11468,0.612
11469,0.612
11470,0.612
11471,0.612
11472,0.612
11473,0.612
11474,0.612
11475,0.623
11476,0.623
11477,0.623
11478,0.623
11479,0.623
11480,0.623
11481,0.623
11482,0.623
11483,0.623
11484,0.623
11485,0.623
11486,0.623
11487,0.623
11488,0.623
11489,0.623
11490,0.623
11491,0.623
11492,0.623
11493,0.623
11494,0.623
11495,0.623
11496,0.623
11497,0.623
11498,0.623
11499,0.612
11500,0.612
11501,0.612
11502,0.612
11503,0.612
11504,0.612
11505,0.612
11506,0.612
11507,0.612
11508,0.612
11509,0.612
11510,0.612
11511,0.518
11512,0.518
11513,0.518
11514,0.518
11515,0.518
11516,0.518
11517,0.518
11518,0.518
11519,0.506
11520,0.506
11521,0.506
11522,0.506
11523,0.506
11524,0.506
11525,0.506
11526,0.506
11527,0.502
11528,0.502
11529,0.502
11530,0.502
11531,0.609
11532,0.609
11533,0.609
11534,0.609
11535,0.609
11536,0.609
11537,0.609
11538,0.609
11539,0.455
11540,0.455
11541,0.455
11542,0.455
11543,0.506
11544,0.506
11545,0.506
11546,0.506
11547,0.506
11548,0.506
11549,0.506
11550,0.506
11551,0.518
11552,0.518
11553,0.518
11554,0.518
11555,0.518
11556,0.518
11557,0.518
11558,0.518
11559,0.605
11560,0.605
11561,0.605
11562,0.605
11563,0.605
11564,0.605
11565,0.605
11566,0.605
11567,0.591
11568,0.591
11569,0.591
11570,0.591
11571,0.591
11572,0.591
11573,0.591
11574,0.591
11575,0.602
11576,0.602
11577,0.602
11578,0.602
11579,0.602
11580,0.602
11581,0.602
11582,0.602
11583,0.602
11584,0.602
11585,0.602
11586,0.602
11587,0.602
11588,0.602
11589,0.602
11590,0.602
11591,0.591
11592,0.591
11593,0.591
11594,0.591
11595,0.591
11596,0.591
11597,0.591
11598,0.591
11599,0.605
11600,0.605
11601,0.605
11602,0.605
11603,0.605
11604,0.605
11605,0.605
11606,0.605
11607,0.649
11608,0.649
11609,0.649
11610,0.649
11611,0.649
11612,0.649
11613,0.649
11614,0.649
11615,0.649
11616,0.649
11617,0.649
11618,0.649
11619,0.649
11620,0.649
11621,0.649
11622,0.649
11623,0.649
11624,0.649
11625,0.649
11626,0.649
11627,0.649
11628,0.649
11629,0.649
11630,0.649
11631,0.649
11632,0.649
11633,0.649
11634,0.649
11635,0.649
11636,0.649
11637,0.649
11638,0.649
11639,0.649
11640,0.649
11641,0.649
11642,0.649
11643,0.649
11644,0.649
11645,0.649
11646,0.649
11647,0.649
11648,0.649
11649,0.649
11650,0.649
11651,0.649
11652,0.649
11653,0.649
11654,0.649
11655,0.692
11656,0.692
11657,0.692
11658,0.692
11659,0.692
11660,0.692
11661,0.692
11662,0.692
11663,0.673
11664,0.673
11665,0.673
11666,0.673
11667,0.653
11668,0.653
11669,0.653
11670,0.653
11671,0.549
11672,0.549
11673,0.549
11674,0.549
11675,0.549
11676,0.549
11677,0.549
11678,0.549
11679,0.549
11680,0.549
11681,0.549
11682,0.549
11683,0.549
11684,0.549
11685,0.549
11686,0.549
11687,0.673
11688,0.673
11689,0.673
11690,0.673
11691,0.678
11692,0.678
11693,0.678
11694,0.678
11695,0.692
11696,0.692
11697,0.692
11698,0.692
11699,0.692
11700,0.692
11701,0.692
11702,0.692
11703,0.668
11704,0.668
11705,0.668
11706,0.668
11707,0.668
11708,0.668
11709,0.668
11710,0.668
11711,0.676
11712,0.676
11713,0.676
11714,0.676
11715,0.676
11716,0.676
11717,0.676
11718,0.676
11719,0.622
11720,0.622
11721,0.622
11722,0.622
11723,0.622
11724,0.622
11725,0.622
11726,0.622
11727,0.622
11728,0.622
11729,0.622
11730,0.622
11731,0.622
11732,0.622
11733,0.622
11734,0.622
11735,0.676
11736,0.676
11737,0.676
11738,0.676
11739,0.676
11740,0.676
11741,0.676
11742,0.676
11743,0.668
11744,0.668
11745,0.668
11746,0.668
11747,0.668
11748,0.668
11749,0.668
11750,0.668
11751,0.682
11752,0.682
11753,0.682
11754,0.682
11755,0.682
11756,0.682
11757,0.682
11758,0.682
11759,0.625
11760,0.625
11761,0.625
11762,0.625
11763,0.625
11764,0.625
11765,0.625
11766,0.625
11767,0.635
11768,0.635
11769,0.635
11770,0.635
11771,0.635
11772,0.635
11773,0.635
11774,0.635
11775,0.635
11776,0.635
11777,0.635
11778,0.635
11779,0.635
11780,0.635
11781,0.635
11782,0.635
11783,0.625
11784,0.625
11785,0.625
11786,0.625
11787,0.625
11788,0.625
11789,0.625
11790,0.625
11791,0.682
11792,0.682
11793,0.682
11794,0.682
11795,0.682
11796,0.682
11797,0.682
11798,0.682
11799,0.681
11800,0.681
11801,0.681
11802,0.681
11803,0.681
11804,0.681
11805,0.681
11806,0.681
11807,0.681
11808,0.681
11809,0.681
11810,0.681
11811,0.681
11812,0.681
11813,0.681
11814,0.681
11815,0.658
11816,0.658
11817,0.658
11818,0.658
11819,0.658
11820,0.658
11821,0.658
11822,0.658
11823,0.658
11824,0.658
11825,0.658
11826,0.658
11827,0.658
11828,0.658
11829,0.658
11830,0.658
11831,0.644
11832,0.644
11833,0.644
11834,0.644
11835,0.644
11836,0.644
11837,0.644
11838,0.644
11839,0.644
11840,0.644
11841,0.644
11842,0.644
11843,0.644
11844,0.644
11845,0.644
11846,0.644
11847,0.482
11848,0.482
11849,0.482
11850,0.482
11851,0.482
11852,0.482
11853,0.482
11854,0.482
11855,0.482
11856,0.482
11857,0.482
11858,0.482
11859,0.481
11860,0.481
11861,0.481
11862,0.481
11863,0.481
11864,0.481
11865,0.481
11866,0.481
11867,0.481
11868,0.481
11869,0.481
11870,0.481
11871,0.481
11872,0.481
11873,0.481
11874,0.481
11875,0.481
11876,0.481
11877,0.481
11878,0.481
11879,0.481
11880,0.481
11881,0.481
11882,0.481
11883,0.482
11884,0.482
11885,0.482
11886,0.482
11887,0.482
11888,0.482
11889,0.482
11890,0.482
11891,0.482
11892,0.482
11893,0.482
11894,0.482
11895,0.482
11896,0.482
11897,0.482
11898,0.482
11899,0.482
11900,0.482
11901,0.482
11902,0.482
11903,0.482
11904,0.482
11905,0.482
11906,0.482
11907,0.481
11908,0.481
11909,0.481
11910,0.481
11911,0.481
11912,0.481
11913,0.481
11914,0.481
11915,0.481
11916,0.481
11917,0.481
11918,0.481
11919,0.482
11920,0.482
11921,0.482
11922,0.482
11923,0.482
11924,0.482
11925,0.482
11926,0.482
11927,0.482
11928,0.482
11929,0.482
11930,0.482
11931,0.483
11932,0.483
11933,0.483
11934,0.483
11935,0.483
11936,0.483
11937,0.483
11938,0.483
11939,0.483
11940,0.483
11941,0.483
11942,0.483
11943,0.483
11944,0.483
11945,0.483
11946,0.483
11947,0.483
11948,0.483
11949,0.483
11950,0.483
11951,0.483
11952,0.483
11953,0.483
11954,0.483
11955,0.482
11956,0.482
11957,0.482
11958,0.482
11959,0.482
11960,0.482
11961,0.482
11962,0.482
11963,0.482
11964,0.482
11965,0.482
11966,0.482
11967,0.482
11968,0.482
11969,0.482
11970,0.482
11971,0.482
11972,0.482
11973,0.482
11974,0.482
11975,0.482
11976,0.482
11977,0.482
11978,0.482
11979,0.483
11980,0.483
11981,0.483
11982,0.483
11983,0.483
11984,0.483
11985,0.483
11986,0.483
11987,0.483
11988,0.483
11989,0.483
11990,0.483
11991,0.481
11992,0.481
11993,0.481
11994,0.481
11995,0.481
11996,0.481
11997,0.481
11998,0.481
11999,0.481
12000,0.481
12001,0.481
12002,0.481
12003,0.481
12004,0.481
12005,0.481
12006,0.481
12007,0.481
12008,0.481
12009,0.481
12010,0.481
12011,0.481
12012,0.481
12013,0.481
12014,0.481
12015,0.481
12016,0.481
12017,0.481
12018,0.481
12019,0.481
12020,0.481
12021,0.481
12022,0.481
12023,0.481
12024,0.481
12025,0.481
12026,0.481
12027,0.481
12028,0.481
12029,0.481
12030,0.481
12031,0.481
12032,0.481
12033,0.481
12034,0.481
12035,0.481
12036,0.481
12037,0.481
12038,0.481
12039,0.481
12040,0.481
12041,0.481
12042,0.481
12043,0.481
12044,0.481
12045,0.481
12046,0.481
12047,0.481
12048,0.481
12049,0.481
12050,0.481
12051,0.481
12052,0.481
12053,0.481
12054,0.481
12055,0.481
12056,0.481
12057,0.481
12058,0.481
12059,0.481
12060,0.481
12061,0.481
12062,0.481
12063,0.482
12064,0.482
12065,0.482
12066,0.482
12067,0.482
12068,0.482
12069,0.482
12070,0.482
12071,0.482
12072,0.482
12073,0.482
12074,0.482
12075,0.482
12076,0.482
12077,0.482
12078,0.482
12079,0.482
12080,0.482
12081,0.482
12082,0.482
12083,0.482
12084,0.482
12085,0.482
12086,0.482
12087,0.482
12088,0.482
12089,0.482
12090,0.482
12091,0.482
12092,0.482
12093,0.482
12094,0.482
12095,0.482
12096,0.482
12097,0.482
12098,0.482
12099,0.482
12100,0.482
12101,0.482
12102,0.482
12103,0.482
12104,0.482
12105,0.482
12106,0.482
12107,0.482
12108,0.482
12109,0.482
12110,0.482
12111,0.482
12112,0.482
12113,0.482
12114,0.482
12115,0.482
12116,0.482
12117,0.482
12118,0.482
12119,0.482
12120,0.482
12121,0.482
12122,0.482
12123,0.482
12124,0.482
12125,0.482
12126,0.482
12127,0.482
12128,0.482
12129,0.482
12130,0.482
12131,0.482
12132,0.482
12133,0.482
12134,0.482
12135,0.656
12136,0.656
12137,0.656
12138,0.656
12139,0.656
12140,0.656
12141,0.656
12142,0.656
12143,0.656
12144,0.656
12145,0.656
12146,0.656
12147,0.699
12148,0.699
12149,0.699
12150,0.699
12151,0.699
12152,0.699
12153,0.699
12154,0.699
12155,0.699
12156,0.699
12157,0.699
12158,0.699
12159,0.699
12160,0.699
12161,0.699
12162,0.699
12163,0.699
12164,0.699
12165,0.699
12166,0.699
12167,0.699
12168,0.699
12169,0.699
12170,0.699
12171,0.656
12172,0.656
12173,0.656
12174,0.656
12175,0.656
12176,0.656
12177,0.656
12178,0.656
12179,0.656
12180,0.656
12181,0.656
12182,0.656
12183,0.656
12184,0.656
12185,0.656
12186,0.656
12187,0.656
12188,0.656
12189,0.656
12190,0.656
12191,0.656
12192,0.656
12193,0.656
12194,0.656
12195,0.699
12196,0.699
12197,0.699
12198,0.699
12199,0.699
12200,0.699
12201,0.699
12202,0.699
12203,0.699
12204,0.699
12205,0.699
12206,0.699
12207,0.748
12208,0.748
12209,0.748
12210,0.748
12211,0.748
12212,0.748
12213,0.748
12214,0.748
12215,0.748
12216,0.748
12217,0.748
12218,0.748
12219,0.569
12220,0.569
12221,0.569
12222,0.569
12223,0.569
12224,0.569
12225,0.569
12226,0.569
12227,0.569
12228,0.569
12229,0.569
12230,0.569
12231,0.569
12232,0.569
12233,0.569
12234,0.569
12235,0.569
12236,0.569
12237,0.569
12238,0.569
12239,0.569
12240,0.569
12241,0.569
12242,0.569
12243,0.748
12244,0.748
12245,0.748
12246,0.748
12247,0.748
12248,0.748
12249,0.748
12250,0.748
12251,0.748
12252,0.748
12253,0.748
12254,0.748
12255,0.748
12256,0.748
12257,0.748
12258,0.748
12259,0.748
12260,0.748
12261,0.748
12262,0.748
12263,0.748
12264,0.748
12265,0.748
12266,0.748
12267,0.569
12268,0.569
12269,0.569
12270,0.569
12271,0.569
12272,0.569
12273,0.569
12274,0.569
12275,0.569
12276,0.569
12277,0.569
12278,0.569
12279,0.652
12280,0.652
12281,0.652
12282,0.652
12283,0.652
12284,0.652
12285,0.652
12286,0.652
12287,0.598
12288,0.598
12289,0.598
12290,0.598
12291,0.598
12292,0.598
12293,0.598
12294,0.598
12295,0.595
12296,0.595
12297,0.595
12298,0.595
12299,0.595
12300,0.595
12301,0.595
12302,0.595
12303,0.595
12304,0.595
12305,0.595
12306,0.595
12307,0.595
12308,0.595
12309,0.595
12310,0.595
12311,0.598
12312,0.598
12313,0.598
12314,0.598
12315,0.598
12316,0.598
12317,0.598
12318,0.598
12319,0.652
12320,0.652
12321,0.652
12322,0.652
12323,0.652
12324,0.652
12325,0.652
12326,0.652
12327,0.442
12328,0.442
12329,0.442
12330,0.442
12331,0.442
12332,0.442
12333,0.442
12334,0.442
12335,0.463
12336,0.463
12337,0.463
12338,0.463
12339,0.463
12340,0.463
12341,0.463
12342,0.463
12343,0.587
12344,0.587
12345,0.587
12346,0.587
12347,0.587
12348,0.587
12349,0.587
12350,0.587
12351,0.587
12352,0.587
12353,0.587
12354,0.587
12355,0.587
12356,0.587
12357,0.587
12358,0.587
12359,0.463
12360,0.463
12361,0.463
12362,0.463
12363,0.463
12364,0.463
12365,0.463
12366,0.463
12367,0.442
12368,0.442
12369,0.442
12370,0.442
12371,0.442
12372,0.442
12373,0.442
12374,0.442
12375,0.569
12376,0.569
12377,0.569
12378,0.569
12379,0.569
12380,0.569
12381,0.569
12382,0.569
12383,0.474
12384,0.474
12385,0.474
12386,0.474
12387,0.474
12388,0.474
12389,0.474
12390,0.474
12391,0.599
12392,0.599
12393,0.599
12394,0.599
12395,0.599
12396,0.599
12397,0.599
12398,0.599
12399,0.599
12400,0.599
12401,0.599
12402,0.599
12403,0.599
12404,0.599
12405,0.599
12406,0.599
12407,0.474
12408,0.474
12409,0.474
12410,0.474
12411,0.474
12412,0.474
12413,0.474
12414,0.474
12415,0.569
12416,0.569
12417,0.569
12418,0.569
12419,0.569
12420,0.569
12421,0.569
12422,0.569
12423,0.674
12424,0.674
12425,0.674
12426,0.674
12427,0.674
12428,0.674
12429,0.674
12430,0.674
12431,0.674
12432,0.674
12433,0.674
12434,0.674
12435,0.674
12436,0.674
12437,0.674
12438,0.674
12439,0.68
12440,0.68
12441,0.68
12442,0.68
12443,0.68
12444,0.68
12445,0.68
12446,0.68
12447,0.68
12448,0.68
12449,0.68
12450,0.68
12451,0.68
12452,0.68
12453,0.68
12454,0.68
12455,0.682
12456,0.682
12457,0.682
12458,0.682
12459,0.682
12460,0.682
12461,0.682
12462,0.682
12463,0.682
12464,0.682
12465,0.682
12466,0.682
12467,0.682
12468,0.682
12469,0.682
12470,0.682
12471,0.65
12472,0.65
12473,0.65
12474,0.65
12475,0.65
12476,0.65
12477,0.703
12478,0.703
12479,0.703
12480,0.703
12481,0.703
12482,0.703
12483,0.703
12484,0.703
12485,0.703
12486,0.703
12487,0.703
12488,0.703
12489,0.703
12490,0.703
12491,0.703
12492,0.703
12493,0.703
12494,0.703
12495,0.65
12496,0.65
12497,0.65
12498,0.65
12499,0.65
12500,0.65
12501,0.65
12502,0.65
12503,0.65
12504,0.65
12505,0.65
12506,0.65
12507,0.65
12508,0.65
12509,0.65
12510,0.65
12511,0.65
12512,0.65
12513,0.65
12514,0.65
12515,0.65
12516,0.65
12517,0.65
12518,0.65
12519,0.703
12520,0.703
12521,0.703
12522,0.703
12523,0.703
12524,0.703
12525,0.703
12526,0.703
12527,0.703
12528,0.703
12529,0.703
12530,0.703
12531,0.702
12532,0.702
12533,0.702
12534,0.702
12535,0.702
12536,0.702
12537,0.702
12538,0.702
12539,0.702
12540,0.702
12541,0.702
12542,0.702
12543,0.631
12544,0.631
12545,0.631
12546,0.631
12547,0.631
12548,0.631
12549,0.631
12550,0.631
12551,0.631
12552,0.631
12553,0.631
12554,0.631
12555,0.631
12556,0.631
12557,0.631
12558,0.631
12559,0.631
12560,0.631
12561,0.631
12562,0.631
12563,0.631
12564,0.631
12565,0.631
12566,0.631
12567,0.702
12568,0.702
12569,0.702
12570,0.702
12571,0.702
12572,0.702
12573,0.702
12574,0.702
12575,0.702
12576,0.702
12577,0.702
12578,0.702
12579,0.702
12580,0.702
12581,0.702
12582,0.702
12583,0.702
12584,0.702
12585,0.702
12586,0.702
12587,0.702
12588,0.702
12589,0.702
12590,0.702
12591,0.631
12592,0.631
12593,0.631
12594,0.631
12595,0.631
12596,0.631
12597,0.631
12598,0.631
12599,0.631
12600,0.631
12601,0.631
12602,0.631
12603,0.481
12604,0.481
12605,0.481
12606,0.481
12607,0.481
12608,0.481
12609,0.481
12610,0.481
12611,0.481
12612,0.481
12613,0.481
12614,0.481
12615,0.481
12616,0.481
12617,0.481
12618,0.481
12619,0.481
12620,0.481
12621,0.481
12622,0.481
12623,0.481
12624,0.481
12625,0.481
12626,0.481
12627,0.481
12628,0.481
12629,0.481
12630,0.481
12631,0.481
12632,0.481
12633,0.481
12634,0.481
12635,0.481
12636,0.481
12637,0.481
12638,0.481
12639,0.481
12640,0.481
12641,0.481
12642,0.481
12643,0.481
12644,0.481
12645,0.481
12646,0.481
12647,0.481
12648,0.481
12649,0.481
12650,0.481
12651,0.481
12652,0.481
12653,0.481
12654,0.481
12655,0.481
12656,0.481
12657,0.481
12658,0.481
12659,0.481
12660,0.481
12661,0.481
12662,0.481
12663,0.481
12664,0.481
12665,0.481
12666,0.481
12667,0.481
12668,0.481
12669,0.481
12670,0.481
12671,0.481
12672,0.481
12673,0.481
12674,0.481
12675,0.481
12676,0.481
12677,0.481
12678,0.481
12679,0.481
12680,0.481
12681,0.481
12682,0.481
12683,0.481
12684,0.481
12685,0.481
12686,0.481
12687,0.481
12688,0.481
12689,0.481
12690,0.481
12691,0.481
12692,0.481
12693,0.481
12694,0.481
12695,0.481
12696,0.481
12697,0.481
12698,0.481
12699,0.481
12700,0.481
12701,0.481
12702,0.481
12703,0.481
12704,0.481
12705,0.481
12706,0.481
12707,0.481
12708,0.481
12709,0.481
12710,0.481
12711,0.481
12712,0.481
12713,0.481
12714,0.481
12715,0.481
12716,0.481
12717,0.481
12718,0.481
12719,0.481
12720,0.481
12721,0.481
12722,0.481
12723,0.481
12724,0.481
12725,0.481
12726,0.481
12727,0.481
12728,0.481
12729,0.481
12730,0.481
12731,0.481
12732,0.481
12733,0.481
12734,0.481
12735,0.463
12736,0.463
12737,0.463
12738,0.463
12739,0.463
12740,0.463
12741,0.464
12742,0.464
12743,0.464
12744,0.464
12745,0.464
12746,0.464
12747,0.464
12748,0.464
12749,0.464
12750,0.464
12751,0.464
12752,0.464
12753,0.464
12754,0.464
12755,0.464
12756,0.464
12757,0.464
12758,0.464
12759,0.463
12760,0.463
12761,0.463
12762,0.463
12763,0.463
12764,0.463
12765,0.463
12766,0.463
12767,0.463
12768,0.463
12769,0.463
12770,0.463
12771,0.463
12772,0.463
12773,0.463
12774,0.463
12775,0.463
12776,0.463
12777,0.463
12778,0.463
12779,0.463
12780,0.463
12781,0.463
12782,0.463
12783,0.464
12784,0.464
12785,0.464
12786,0.464
12787,0.464
12788,0.464
12789,0.464
12790,0.464
12791,0.464
12792,0.464
12793,0.464
12794,0.464
12795,0.463
12796,0.463
12797,0.463
12798,0.463
12799,0.463
12800,0.463
12801,0.463
12802,0.463
12803,0.463
12804,0.463
12805,0.463
12806,0.463
12807,0.463
12808,0.463
12809,0.463
12810,0.463
12811,0.463
12812,0.463
12813,0.463
12814,0.463
12815,0.463
12816,0.463
12817,0.463
12818,0.463
12819,0.463
12820,0.463
12821,0.463
12822,0.463
12823,0.463
12824,0.463
12825,0.463
12826,0.463
12827,0.463
12828,0.463
12829,0.463
12830,0.463
12831,0.463
12832,0.463
12833,0.463
12834,0.463
12835,0.463
12836,0.463
12837,0.463
12838,0.463
12839,0.463
12840,0.463
12841,0.463
12842,0.463
12843,0.463
12844,0.463
12845,0.463
12846,0.463
12847,0.463
12848,0.463
12849,0.463
12850,0.463
12851,0.463
12852,0.463
12853,0.463
12854,0.463
12855,0.463
12856,0.463
12857,0.463
12858,0.463
12859,0.463
12860,0.463
12861,0.463
12862,0.463
12863,0.463
12864,0.463
12865,0.463
12866,0.463
12867,0.686
12868,0.686
12869,0.686
12870,0.686
12871,0.686
12872,0.686
12873,0.682
12874,0.682
12875,0.682
12876,0.682
12877,0.682
12878,0.682
12879,0.682
12880,0.682
12881,0.682
12882,0.682
12883,0.682
12884,0.682
12885,0.682
12886,0.682
12887,0.682
12888,0.682
12889,0.682
12890,0.682
12891,0.686
12892,0.686
12893,0.686
12894,0.686
12895,0.686
12896,0.686
12897,0.686
12898,0.686
12899,0.686
12900,0.686
12901,0.686
12902,0.686
12903,0.686
12904,0.686
12905,0.686
12906,0.686
12907,0.686
12908,0.686
12909,0.686
12910,0.686
12911,0.686
12912,0.686
12913,0.686
12914,0.686
12915,0.682
12916,0.682
12917,0.682
12918,0.682
12919,0.682
12920,0.682
12921,0.682
12922,0.682
12923,0.682
12924,0.682
12925,0.682
12926,0.682
12927,0.687
12928,0.687
12929,0.687
12930,0.687
12931,0.687
12932,0.687
12933,0.687
12934,0.687
12935,0.687
12936,0.687
12937,0.687
12938,0.687
12939,0.614
12940,0.614
12941,0.614
12942,0.614
12943,0.614
12944,0.614
12945,0.614
12946,0.614
12947,0.614
12948,0.614
12949,0.614
12950,0.614
12951,0.614
12952,0.614
12953,0.614
12954,0.614
12955,0.614
12956,0.614
12957,0.614
12958,0.614
12959,0.614
12960,0.614
12961,0.614
12962,0.614
12963,0.687
12964,0.687
12965,0.687
12966,0.687
12967,0.687
12968,0.687
12969,0.687
12970,0.687
12971,0.687
12972,0.687
12973,0.687
12974,0.687
12975,0.687
12976,0.687
12977,0.687
12978,0.687
12979,0.687
12980,0.687
12981,0.687
12982,0.687
12983,0.687
12984,0.687
12985,0.687
12986,0.687
12987,0.614
12988,0.614
12989,0.614
12990,0.614
12991,0.614
12992,0.614
12993,0.614
12994,0.614
12995,0.614
12996,0.614
12997,0.614
12998,0.614
12999,0.547
13000,0.547
13001,0.547
13002,0.547
13003,0.547
13004,0.547
13005,0.547
13006,0.547
13007,0.547
13008,0.547
13009,0.547
13010,0.547
13011,0.54
13012,0.54
13013,0.54
13014,0.54
13015,0.54
13016,0.54
13017,0.54
13018,0.54
13019,0.54
13020,0.54
13021,0.54
13022,0.54
13023,0.54
13024,0.54
13025,0.54
13026,0.54
13027,0.562
13028,0.562
13029,0.562
13030,0.562
13031,0.562
13032,0.562
13033,0.562
13034,0.562
13035,0.562
13036,0.562
13037,0.562
13038,0.562
13039,0.562
13040,0.562
13041,0.562
13042,0.562
13043,0.72
13044,0.72
13045,0.72
13046,0.72
13047,0.72
13048,0.72
13049,0.72
13050,0.72
13051,0.72
13052,0.72
13053,0.72
13054,0.72
13055,0.7
13056,0.7
13057,0.7
13058,0.7
13059,0.7
13060,0.7
13061,0.7
13062,0.7
13063,0.7
13064,0.7
13065,0.7
13066,0.7
13067,0.7
13068,0.7
13069,0.7
13070,0.7
13071,0.7
13072,0.7
13073,0.7
13074,0.7
13075,0.7
13076,0.7
13077,0.7
13078,0.7
13079,0.72
13080,0.72
13081,0.72
13082,0.72
13083,0.72
13084,0.72
13085,0.72
13086,0.72
13087,0.72
13088,0.72
13089,0.72
13090,0.72
13091,0.72
13092,0.72
13093,0.72
13094,0.72
13095,0.72
13096,0.72
13097,0.72
13098,0.72
13099,0.72
13100,0.72
13101,0.72
13102,0.72
13103,0.7
13104,0.7
13105,0.7
13106,0.7
13107,0.7
13108,0.7
13109,0.7
13110,0.7
13111,0.7
13112,0.7
13113,0.7
13114,0.7
13115,0.761
13116,0.761
13117,0.761
13118,0.761
13119,0.761
13120,0.761
13121,0.761
13122,0.761
13123,0.761
13124,0.761
13125,0.761
13126,0.761
13127,0.753
13128,0.753
13129,0.753
13130,0.753
13131,0.753
13132,0.753
13133,0.753
13134,0.753
13135,0.753
13136,0.753
13137,0.753
13138,0.753
13139,0.753
13140,0.753
13141,0.753
13142,0.753
13143,0.753
13144,0.753
13145,0.753
13146,0.753
13147,0.753
13148,0.753
13149,0.753
13150,0.753
13151,0.761
13152,0.761
13153,0.761
13154,0.761
13155,0.761
13156,0.761
13157,0.761
13158,0.761
13159,0.761
13160,0.761
13161,0.761
13162,0.761
13163,0.761
13164,0.761
13165,0.761
13166,0.761
13167,0.761
13168,0.761
13169,0.761
13170,0.761
13171,0.761
13172,0.761
13173,0.761
13174,0.761
13175,0.753
13176,0.753
13177,0.753
13178,0.753
13179,0.753
13180,0.753
13181,0.753
13182,0.753
13183,0.753
13184,0.753
13185,0.753
13186,0.753
13187,0.649
13188,0.649
13189,0.649
13190,0.649
13191,0.649
13192,0.649
13193,0.649
13194,0.649
13195,0.649
13196,0.649
13197,0.649
13198,0.649
13199,0.649
13200,0.649
13201,0.649
13202,0.649
13203,0.649
13204,0.649
13205,0.649
13206,0.649
13207,0.649
13208,0.649
13209,0.649
13210,0.649
13211,0.649
13212,0.649
13213,0.649
13214,0.649
13215,0.649
13216,0.649
13217,0.649
13218,0.649
13219,0.649
13220,0.649
13221,0.649
13222,0.649
13223,0.649
13224,0.649
13225,0.649
13226,0.649
13227,0.649
13228,0.649
13229,0.649
13230,0.649
13231,0.649
13232,0.649
13233,0.649
13234,0.649
13235,0.649
13236,0.649
13237,0.649
13238,0.649
13239,0.649
13240,0.649
13241,0.649
13242,0.649
13243,0.649
13244,0.649
13245,0.649
13246,0.649
13247,0.649
13248,0.649
13249,0.649
13250,0.649
13251,0.649
13252,0.649
13253,0.649
13254,0.649
13255,0.649
13256,0.649
13257,0.649
13258,0.649
13259,0.722
13260,0.722
13261,0.722
13262,0.722
13263,0.722
13264,0.722
13265,0.722
13266,0.722
13267,0.722
13268,0.722
13269,0.722
13270,0.722
13271,0.673
13272,0.673
13273,0.673
13274,0.673
13275,0.673
13276,0.673
13277,0.673
13278,0.673
13279,0.673
13280,0.673
13281,0.673
13282,0.673
13283,0.673
13284,0.673
13285,0.673
13286,0.673
13287,0.673
13288,0.673
13289,0.673
13290,0.673
13291,0.673
13292,0.673
13293,0.673
13294,0.673
13295,0.722
13296,0.722
13297,0.722
13298,0.722
13299,0.722
13300,0.722
13301,0.722
13302,0.722
13303,0.722
13304,0.722
13305,0.722
13306,0.722
13307,0.722
13308,0.722
13309,0.722
13310,0.722
13311,0.722
13312,0.722
13313,0.722
13314,0.722
13315,0.722
13316,0.722
13317,0.722
13318,0.722
13319,0.673
13320,0.673
13321,0.673
13322,0.673
13323,0.673
13324,0.673
13325,0.673
13326,0.673
13327,0.673
13328,0.673
13329,0.673
13330,0.673
13331,0.583
13332,0.583
13333,0.583
13334,0.583
13335,0.583
13336,0.583
13337,0.583
13338,0.583
13339,0.583
13340,0.583
13341,0.583
13342,0.583
13343,0.57
13344,0.57
13345,0.57
13346,0.57
13347,0.57
13348,0.57
13349,0.57
13350,0.57
13351,0.57
13352,0.57
13353,0.57
13354,0.57
13355,0.57
13356,0.57
13357,0.57
13358,0.57
13359,0.57
13360,0.57
13361,0.57
13362,0.57
13363,0.57
13364,0.57
13365,0.57
13366,0.57
13367,0.583
13368,0.583
13369,0.583
13370,0.583
13371,0.583
13372,0.583
13373,0.583
13374,0.583
13375,0.583
13376,0.583
13377,0.583
13378,0.583
13379,0.583
13380,0.583
13381,0.583
13382,0.583
13383,0.583
13384,0.583
13385,0.583
13386,0.583
13387,0.583
13388,0.583
13389,0.583
13390,0.583
13391,0.57
13392,0.57
13393,0.57
13394,0.57
13395,0.57
13396,0.57
13397,0.57
13398,0.57
13399,0.57
13400,0.57
13401,0.57
13402,0.57
13403,0.57
13404,0.57
13405,0.57
13406,0.57
13407,0.57
13408,0.57
13409,0.57
13410,0.57
13411,0.57
13412,0.57
13413,0.57
13414,0.57
13415,0.495
13416,0.495
13417,0.495
13418,0.495
13419,0.495
13420,0.495
13421,0.495
13422,0.495
13423,0.495
13424,0.495
13425,0.495
13426,0.495
13427,0.495
13428,0.495
13429,0.495
13430,0.495
13431,0.495
13432,0.495
13433,0.495
13434,0.495
13435,0.495
13436,0.495
13437,0.495
13438,0.495
13439,0.57
13440,0.57
13441,0.57
13442,0.57
13443,0.57
13444,0.57
13445,0.57
13446,0.57
13447,0.57
13448,0.57
13449,0.57
13450,0.57
13451,0.57
13452,0.57
13453,0.57
13454,0.57
13455,0.57
13456,0.57
13457,0.57
13458,0.57
13459,0.57
13460,0.57
13461,0.57
13462,0.57
13463,0.495
13464,0.495
13465,0.495
13466,0.495
13467,0.495
13468,0.495
13469,0.495
13470,0.495
13471,0.495
13472,0.495
13473,0.495
13474,0.495
13475,0.716
13476,0.716
13477,0.716
13478,0.716
13479,0.716
13480,0.716
13481,0.716
13482,0.716
13483,0.716
13484,0.716
13485,0.716
13486,0.716
13487,0.722
13488,0.722
13489,0.722
13490,0.722
13491,0.722
13492,0.722
13493,0.722
13494,0.722
13495,0.722
13496,0.722
13497,0.722
13498,0.722
13499,0.722
13500,0.722
13501,0.722
13502,0.722
13503,0.722
13504,0.722
13505,0.722
13506,0.722
13507,0.722
13508,0.722
13509,0.722
13510,0.722
13511,0.716
13512,0.716
13513,0.716
13514,0.716
13515,0.716
13516,0.716
13517,0.716
13518,0.716
13519,0.716
13520,0.716
13521,0.716
13522,0.716
13523,0.716
13524,0.716
13525,0.716
13526,0.716
13527,0.716
13528,0.716
13529,0.716
13530,0.716
13531,0.716
13532,0.716
13533,0.716
13534,0.716
13535,0.722
13536,0.722
13537,0.722
13538,0.722
13539,0.722
13540,0.722
13541,0.722
13542,0.722
13543,0.722
13544,0.722
13545,0.722
13546,0.722
13547,0.739
13548,0.739
13549,0.739
13550,0.739
13551,0.739
13552,0.739
13553,0.739
13554,0.739
13555,0.739
13556,0.739
13557,0.739
13558,0.739
13559,0.739
13560,0.739
13561,0.739
13562,0.739
13563,0.739
13564,0.739
13565,0.739
13566,0.739
13567,0.739
13568,0.739
13569,0.739
13570,0.739
13571,0.739
13572,0.739
13573,0.739
13574,0.739
13575,0.739
13576,0.739
13577,0.739
13578,0.739
13579,0.739
13580,0.739
13581,0.739
13582,0.739
13583,0.739
13584,0.739
13585,0.739
13586,0.739
13587,0.739
13588,0.739
13589,0.739
13590,0.739
13591,0.739
13592,0.739
13593,0.739
13594,0.739
13595,0.739
13596,0.739
13597,0.739
13598,0.739
13599,0.739
13600,0.739
13601,0.739
13602,0.739
13603,0.739
13604,0.739
13605,0.739
13606,0.739
13607,0.739
13608,0.739
13609,0.739
13610,0.739
13611,0.739
13612,0.739
13613,0.739
13614,0.739
13615,0.739
13616,0.739
13617,0.739
13618,0.739
13619,0.738
13620,0.738
13621,0.738
13622,0.738
13623,0.738
13624,0.738
13625,0.738
13626,0.738
13627,0.738
13628,0.738
13629,0.738
13630,0.738
13631,0.739
13632,0.739
13633,0.739
13634,0.739
13635,0.739
13636,0.739
13637,0.739
13638,0.739
13639,0.739
13640,0.739
13641,0.739
13642,0.739
13643,0.739
13644,0.739
13645,0.739
13646,0.739
13647,0.739
13648,0.739
13649,0.739
13650,0.739
13651,0.739
13652,0.739
13653,0.739
13654,0.739
13655,0.738
13656,0.738
13657,0.738
13658,0.738
13659,0.738
13660,0.738
13661,0.738
13662,0.738
13663,0.738
13664,0.738
13665,0.738
13666,0.738
13667,0.738
13668,0.738
13669,0.738
13670,0.738
13671,0.738
13672,0.738
13673,0.738
13674,0.738
13675,0.738
13676,0.738
13677,0.738
13678,0.738
13679,0.739
13680,0.739
13681,0.739
13682,0.739
13683,0.739
13684,0.739
13685,0.739
13686,0.739
13687,0.739
13688,0.739
13689,0.739
13690,0.739
13691,0.739
13692,0.739
13693,0.739
13694,0.739
13695,0.739
13696,0.739
13697,0.739
13698,0.739
13699,0.739
13700,0.739
13701,0.739
13702,0.739
13703,0.739
13704,0.739
13705,0.739
13706,0.739
13707,0.739
13708,0.739
13709,0.739
13710,0.739
13711,0.739
13712,0.739
13713,0.739
13714,0.739
13715,0.739
13716,0.739
13717,0.739
13718,0.739
13719,0.739
13720,0.739
13721,0.739
13722,0.739
13723,0.739
13724,0.739
13725,0.739
13726,0.739
13727,0.739
13728,0.739
13729,0.739
13730,0.739
13731,0.739
13732,0.739
13733,0.739
13734,0.739
13735,0.739
13736,0.739
13737,0.739
13738,0.739
13739,0.739
13740,0.739
13741,0.739
13742,0.739
13743,0.739
13744,0.739
13745,0.739
13746,0.739
13747,0.739
13748,0.739
13749,0.739
13750,0.739
13751,0.739
13752,0.739
13753,0.739
13754,0.739
13755,0.739
13756,0.739
13757,0.739
13758,0.739
13759,0.739
13760,0.739
13761,0.739
13762,0.739
13763,0.521
13764,0.521
13765,0.521
13766,0.521
13767,0.521
13768,0.521
13769,0.521
13770,0.521
13771,0.521
13772,0.521
13773,0.521
13774,0.521
13775,0.521
13776,0.521
13777,0.521
13778,0.521
13779,0.521
13780,0.521
13781,0.521
13782,0.521
13783,0.521
13784,0.521
13785,0.521
13786,0.521
13787,0.521
13788,0.521
13789,0.521
13790,0.521
13791,0.521
13792,0.521
13793,0.521
13794,0.521
13795,0.521
13796,0.521
13797,0.521
13798,0.521
13799,0.521
13800,0.521
13801,0.521
13802,0.521
13803,0.521
13804,0.521
13805,0.521
13806,0.521
13807,0.521
13808,0.521
13809,0.521
13810,0.521
13811,0.521
13812,0.521
13813,0.521
13814,0.521
13815,0.521
13816,0.521
13817,0.521
13818,0.521
13819,0.521
13820,0.521
13821,0.521
13822,0.521
13823,0.521
13824,0.521
13825,0.521
13826,0.521
13827,0.521
13828,0.521
13829,0.521
13830,0.521
13831,0.521
13832,0.521
13833,0.521
13834,0.521
13835,0.521
13836,0.521
13837,0.521
13838,0.521
13839,0.521
13840,0.521
13841,0.521
13842,0.521
13843,0.521
13844,0.521
13845,0.521
13846,0.521
13847,0.521
13848,0.521
13849,0.521
13850,0.521
13851,0.521
13852,0.521
13853,0.521
13854,0.521
13855,0.521
13856,0.521
13857,0.521
13858,0.521
13859,0.521
13860,0.521
13861,0.521
13862,0.521
13863,0.521
13864,0.521
13865,0.521
13866,0.521
13867,0.521
13868,0.521
13869,0.521
13870,0.521
13871,0.521
13872,0.521
13873,0.521
13874,0.521
13875,0.521
13876,0.521
13877,0.521
13878,0.521
13879,0.521
13880,0.521
13881,0.521
13882,0.521
13883,0.521
13884,0.521
13885,0.521
13886,0.521
13887,0.521
13888,0.521
13889,0.521
13890,0.521
13891,0.521
13892,0.521
13893,0.521
13894,0.521
13895,0.521
13896,0.521
13897,0.521
13898,0.521
13899,0.521
13900,0.521
13901,0.521
13902,0.521
13903,0.521
13904,0.521
13905,0.521
13906,0.521
13907,0.823
13908,0.823
13909,0.823
13910,0.823
13911,0.823
13912,0.823
13913,0.823
13914,0.823
13915,0.823
13916,0.823
13917,0.823
13918,0.823
13919,0.811
13920,0.811
13921,0.811
13922,0.811
13923,0.811
13924,0.811
13925,0.811
13926,0.811
13927,0.811
13928,0.811
13929,0.811
13930,0.811
13931,0.811
13932,0.811
13933,0.811
13934,0.811
13935,0.811
13936,0.811
13937,0.811
13938,0.811
13939,0.811
13940,0.811
13941,0.811
13942,0.811
13943,0.823
13944,0.823
13945,0.823
13946,0.823
13947,0.823
13948,0.823
13949,0.823
13950,0.823
13951,0.823
13952,0.823
13953,0.823
13954,0.823
13955,0.823
13956,0.823
13957,0.823
13958,0.823
13959,0.823
13960,0.823
13961,0.823
13962,0.823
13963,0.823
13964,0.823
13965,0.823
13966,0.823
13967,0.811
13968,0.811
13969,0.811
13970,0.811
13971,0.811
13972,0.811
13973,0.811
13974,0.811
13975,0.811
13976,0.811
13977,0.811
13978,0.811
13979,0.823
13980,0.823
13981,0.823
13982,0.823
13983,0.823
13984,0.823
13985,0.823
13986,0.823
13987,0.823
13988,0.823
13989,0.823
13990,0.823
13991,0.822
13992,0.822
13993,0.822
13994,0.822
13995,0.822
13996,0.822
13997,0.822
13998,0.822
13999,0.822
14000,0.822
14001,0.822
14002,0.822
14003,0.822
14004,0.822
14005,0.822
14006,0.822
14007,0.822
14008,0.822
14009,0.822
14010,0.822
14011,0.822
14012,0.822
14013,0.822
14014,0.822
14015,0.823
14016,0.823
14017,0.823
14018,0.823
14019,0.823
14020,0.823
14021,0.823
14022,0.823
14023,0.823
14024,0.823
14025,0.823
14026,0.823
14027,0.823
14028,0.823
14029,0.823
14030,0.823
14031,0.823
14032,0.823
14033,0.823
14034,0.823
14035,0.823
14036,0.823
14037,0.823
14038,0.823
14039,0.822
14040,0.822
14041,0.822
14042,0.822
14043,0.822
14044,0.822
14045,0.822
14046,0.822
14047,0.822
14048,0.822
14049,0.822
14050,0.822
14051,0.37
14052,0.37
14053,0.37
14054,0.37
14055,0.37
14056,0.37
14057,0.37
14058,0.37
14059,0.37
14060,0.37
14061,0.37
14062,0.37
14063,0.37
14064,0.37
14065,0.37
14066,0.37
14067,0.37
14068,0.37
14069,0.37
14070,0.37
14071,0.37
14072,0.37
14073,0.37
14074,0.37
14075,0.37
14076,0.37
14077,0.37
14078,0.37
14079,0.37
14080,0.37
14081,0.37
14082,0.37
14083,0.37
14084,0.37
14085,0.37
14086,0.37
14087,0.37
14088,0.37
14089,0.37
14090,0.37
14091,0.37
14092,0.37
14093,0.37
14094,0.37
14095,0.37
14096,0.37
14097,0.37
14098,0.37
14099,0.37
14100,0.37
14101,0.37
14102,0.37
14103,0.37
14104,0.37
14105,0.37
14106,0.37
14107,0.37
14108,0.37
14109,0.37
14110,0.37
14111,0.37
14112,0.37
14113,0.37
14114,0.37
14115,0.37
14116,0.37
14117,0.37
14118,0.37
14119,0.37
14120,0.37
14121,0.37
14122,0.37
14123,0.37
14124,0.37
14125,0.37
14126,0.37
14127,0.37
14128,0.37
14129,0.37
14130,0.37
14131,0.37
14132,0.37
14133,0.37
14134,0.37
14135,0.37
14136,0.37
14137,0.37
14138,0.37
14139,0.37
14140,0.37
14141,0.37
14142,0.37
14143,0.37
14144,0.37
14145,0.37
14146,0.37
14147,0.37
14148,0.37
14149,0.37
14150,0.37
14151,0.37
14152,0.37
14153,0.37
14154,0.37
14155,0.37
14156,0.37
14157,0.37
14158,0.37
14159,0.37
14160,0.37
14161,0.37
14162,0.37
14163,0.37
14164,0.37
14165,0.37
14166,0.37
14167,0.37
14168,0.37
14169,0.37
14170,0.37
14171,0.37
14172,0.37
14173,0.37
14174,0.37
14175,0.37
14176,0.37
14177,0.37
14178,0.37
14179,0.37
14180,0.37
14181,0.37
14182,0.37
14183,0.37
14184,0.37
14185,0.37
14186,0.37
14187,0.37
14188,0.37
14189,0.37
14190,0.37
14191,0.37
14192,0.37
14193,0.37
14194,0.37
14195,0.37
14196,0.37
14197,0.37
14198,0.37
14199,0.37
14200,0.37
14201,0.37
14202,0.37
14203,0.37
14204,0.37
14205,0.37
14206,0.37
14207,0.37
14208,0.37
14209,0.37
14210,0.37
14211,0.37
14212,0.37
14213,0.371
14214,0.371
14215,0.371
14216,0.371
14217,0.371
14218,0.371
14219,0.371
14220,0.371
14221,0.371
14222,0.371
14223,0.371
14224,0.371
14225,0.371
14226,0.371
14227,0.371
14228,0.371
14229,0.371
14230,0.371
14231,0.769
14232,0.769
14233,0.769
14234,0.769
14235,0.769
14236,0.769
14237,0.769
14238,0.769
14239,0.769
14240,0.769
14241,0.769
14242,0.769
14243,0.61
14244,0.61
14245,0.61
14246,0.61
14247,0.61
14248,0.61
14249,0.61
14250,0.61
14251,0.61
14252,0.61
14253,0.61
14254,0.61
14255,0.61
14256,0.61
14257,0.61
14258,0.61
14259,0.61
14260,0.61
14261,0.61
14262,0.61
14263,0.61
14264,0.61
14265,0.61
14266,0.61
14267,0.769
14268,0.769
14269,0.769
14270,0.769
14271,0.769
14272,0.769
14273,0.769
14274,0.769
14275,0.769
14276,0.769
14277,0.769
14278,0.769
14279,0.769
14280,0.769
14281,0.769
14282,0.769
14283,0.769
14284,0.769
14285,0.769
14286,0.769
14287,0.769
14288,0.769
14289,0.769
14290,0.769
14291,0.61
14292,0.61
14293,0.61
14294,0.61
14295,0.61
14296,0.61
14297,0.61
14298,0.61
14299,0.61
14300,0.61
14301,0.61
14302,0.61
14303,0.77
14304,0.77
14305,0.77
14306,0.77
14307,0.77
14308,0.77
14309,0.77
14310,0.77
14311,0.77
14312,0.77
14313,0.77
14314,0.77
14315,0.77
14316,0.77
14317,0.77
14318,0.77
14319,0.77
14320,0.77
14321,0.77
14322,0.77
14323,0.77
14324,0.77
14325,0.77
14326,0.77
14327,0.77
14328,0.77
14329,0.77
14330,0.77
14331,0.77
14332,0.77
14333,0.77
14334,0.77
14335,0.77
14336,0.77
14337,0.77
14338,0.77
14339,0.77
14340,0.77
14341,0.77
14342,0.77
14343,0.77
14344,0.77
14345,0.77
14346,0.77
14347,0.77
14348,0.77
14349,0.77
14350,0.77
14351,0.77
14352,0.77
14353,0.77
14354,0.77
14355,0.77
14356,0.77
14357,0.77
14358,0.77
14359,0.77
14360,0.77
14361,0.77
14362,0.77
14363,0.77
14364,0.77
14365,0.77
14366,0.77
14367,0.77
14368,0.77
14369,0.77
14370,0.77
14371,0.77
14372,0.77
14373,0.77
14374,0.77
14375,0.66
14376,0.66
14377,0.66
14378,0.66
14379,0.66
14380,0.66
14381,0.66
14382,0.66
14383,0.66
14384,0.66
14385,0.66
14386,0.66
14387,0.66
14388,0.66
14389,0.66
14390,0.66
14391,0.66
14392,0.66
14393,0.66
14394,0.66
14395,0.66
14396,0.66
14397,0.66
14398,0.66
14399,0.66
14400,0.66
14401,0.66
14402,0.66
14403,0.66
14404,0.66
14405,0.66
14406,0.66
14407,0.66
14408,0.66
14409,0.66
14410,0.66
14411,0.66
14412,0.66
14413,0.66
14414,0.66
14415,0.66
14416,0.66
14417,0.66
14418,0.66
14419,0.66
14420,0.66
14421,0.66
14422,0.66
14423,0.66
14424,0.66
14425,0.66
14426,0.66
14427,0.66
14428,0.66
14429,0.66
14430,0.66
14431,0.66
14432,0.66
14433,0.66
14434,0.66
14435,0.66
14436,0.66
14437,0.66
14438,0.66
14439,0.66
14440,0.66
14441,0.66
14442,0.66
14443,0.66
14444,0.66
14445,0.66
14446,0.66
14447,0.662
14448,0.662
14449,0.662
14450,0.662
14451,0.662
14452,0.662
14453,0.662
14454,0.662
14455,0.662
14456,0.662
14457,0.662
14458,0.662
14459,0.661
14460,0.661
14461,0.661
14462,0.661
14463,0.661
14464,0.661
14465,0.661
14466,0.661
14467,0.661
14468,0.661
14469,0.661
14470,0.661
14471,0.661
14472,0.661
14473,0.661
14474,0.661
14475,0.661
14476,0.661
14477,0.661
14478,0.661
14479,0.661
14480,0.661
14481,0.661
14482,0.661
14483,0.662
14484,0.662
14485,0.662
14486,0.662
14487,0.662
14488,0.662
14489,0.662
14490,0.662
14491,0.662
14492,0.662
14493,0.662
14494,0.662
14495,0.662
14496,0.662
14497,0.662
14498,0.662
14499,0.662
14500,0.662
14501,0.662
14502,0.662
14503,0.662
14504,0.662
14505,0.662
14506,0.662
14507,0.661
14508,0.661
14509,0.661
14510,0.661
14511,0.661
14512,0.661
14513,0.661
14514,0.661
14515,0.661
14516,0.661
14517,0.661
14518,0.661
14519,0.591
14520,0.591
14521,0.591
14522,0.591
14523,0.591
14524,0.591
14525,0.591
14526,0.591
14527,0.591
14528,0.591
14529,0.591
14530,0.591
14531,0.591
14532,0.591
14533,0.591
14534,0.591
14535,0.591
14536,0.591
14537,0.591
14538,0.591
14539,0.591
14540,0.591
14541,0.591
14542,0.591
14543,0.591
14544,0.591
14545,0.591
14546,0.591
14547,0.591
14548,0.591
14549,0.591
14550,0.591
14551,0.591
14552,0.591
14553,0.591
14554,0.591
14555,0.591
14556,0.591
14557,0.591
14558,0.591
14559,0.591
14560,0.591
14561,0.591
14562,0.591
14563,0.591
14564,0.591
14565,0.591
14566,0.591
14567,0.658
14568,0.658
14569,0.658
14570,0.658
14571,0.658
14572,0.658
14573,0.658
14574,0.658
14575,0.664
14576,0.664
14577,0.664
14578,0.664
14579,0.664
14580,0.664
14581,0.664
14582,0.664
14583,0.683
14584,0.683
14585,0.683
14586,0.683
14587,0.683
14588,0.683
14589,0.683
14590,0.683
14591,0.683
14592,0.683
14593,0.683
14594,0.683
14595,0.683
14596,0.683
14597,0.683
14598,0.683
14599,0.664
14600,0.664
14601,0.664
14602,0.664
14603,0.664
14604,0.664
14605,0.664
14606,0.664
14607,0.658
14608,0.658
14609,0.658
14610,0.658
14611,0.658
14612,0.658
14613,0.658
14614,0.658
14615,0.716
14616,0.716
14617,0.716
14618,0.716
14619,0.716
14620,0.716
14621,0.716
14622,0.716
14623,0.716
14624,0.716
14625,0.716
14626,0.716
14627,0.716
14628,0.716
14629,0.716
14630,0.716
14631,0.716
14632,0.716
14633,0.716
14634,0.716
14635,0.716
14636,0.716
14637,0.716
14638,0.716
14639,0.716
14640,0.716
14641,0.716
14642,0.716
14643,0.716
14644,0.716
14645,0.716
14646,0.716
14647,0.716
14648,0.716
14649,0.716
14650,0.716
14651,0.716
14652,0.716
14653,0.716
14654,0.716
14655,0.716
14656,0.716
14657,0.716
14658,0.716
14659,0.716
14660,0.716
14661,0.716
14662,0.716
14663,0.328
14664,0.328
14665,0.328
14666,0.328
14667,0.328
14668,0.328
14669,0.328
14670,0.328
14671,0.324
14672,0.324
14673,0.324
14674,0.324
14675,0.324
14676,0.324
14677,0.324
14678,0.324
14679,0.326
14680,0.326
14681,0.326
14682,0.326
14683,0.326
14684,0.326
14685,0.326
14686,0.326
14687,0.326
14688,0.326
14689,0.326
14690,0.326
14691,0.326
14692,0.326
14693,0.326
14694,0.326
14695,0.324
14696,0.324
14697,0.324
14698,0.324
14699,0.324
14700,0.324
14701,0.324
14702,0.324
14703,0.328
14704,0.328
14705,0.328
14706,0.328
14707,0.328
14708,0.328
14709,0.328
14710,0.328
14711,0.33
14712,0.33
14713,0.33
14714,0.33
14715,0.33
14716,0.33
14717,0.33
14718,0.33
14719,0.324
14720,0.324
14721,0.324
14722,0.324
14723,0.324
14724,0.324
14725,0.324
14726,0.324
14727,0.324
14728,0.324
14729,0.324
14730,0.324
14731,0.324
14732,0.324
14733,0.324
14734,0.324
14735,0.324
14736,0.324
14737,0.324
14738,0.324
14739,0.324
14740,0.324
14741,0.324
14742,0.324
14743,0.324
14744,0.324
14745,0.324
14746,0.324
14747,0.324
14748,0.324
14749,0.324
14750,0.324
14751,0.33
14752,0.33
14753,0.33
14754,0.33
14755,0.33
14756,0.33
14757,0.33
14758,0.33
14759,0.327
14760,0.327
14761,0.327
14762,0.327
14763,0.327
14764,0.327
14765,0.327
14766,0.327
14767,0.324
14768,0.324
14769,0.324
14770,0.324
14771,0.324
14772,0.324
14773,0.324
14774,0.324
14775,0.324
14776,0.324
14777,0.324
14778,0.324
14779,0.324
14780,0.324
14781,0.324
14782,0.324
14783,0.324
14784,0.324
14785,0.324
14786,0.324
14787,0.324
14788,0.324
14789,0.324
14790,0.324
14791,0.324
14792,0.324
14793,0.324
14794,0.324
14795,0.324
14796,0.324
14797,0.324
14798,0.324
14799,0.327
14800,0.327
14801,0.327
14802,0.327
14803,0.327
14804,0.327
14805,0.327
14806,0.327
14807,0.735
14808,0.735
14809,0.735
14810,0.735
14811,0.735
14812,0.735
14813,0.735
14814,0.735
14815,0.692
14816,0.692
14817,0.692
14818,0.692
14819,0.692
14820,0.692
14821,0.692
14822,0.692
14823,0.556
14824,0.556
14825,0.556
14826,0.556
14827,0.556
14828,0.556
14829,0.556
14830,0.556
14831,0.556
14832,0.556
14833,0.556
14834,0.556
14835,0.556
14836,0.556
14837,0.556
14838,0.556
14839,0.692
14840,0.692
14841,0.692
14842,0.692
14843,0.692
14844,0.692
14845,0.692
14846,0.692
14847,0.735
14848,0.735
14849,0.735
14850,0.735
14851,0.735
14852,0.735
14853,0.735
14854,0.735
14855,0.653
14856,0.653
14857,0.653
14858,0.653
14859,0.653
14860,0.653
14861,0.653
14862,0.653
14863,0.618
14864,0.618
14865,0.618
14866,0.618
14867,0.618
14868,0.618
14869,0.618
14870,0.618
14871,0.556
14872,0.556
14873,0.556
14874,0.556
14875,0.556
14876,0.556
14877,0.556
14878,0.556
14879,0.556
14880,0.556
14881,0.556
14882,0.556
14883,0.556
14884,0.556
14885,0.556
14886,0.556
14887,0.618
14888,0.618
14889,0.618
14890,0.618
14891,0.618
14892,0.618
14893,0.618
14894,0.618
14895,0.653
14896,0.653
14897,0.653
14898,0.653
14899,0.653
14900,0.653
14901,0.653
14902,0.653
14903,0.556
14904,0.556
14905,0.556
14906,0.556
14907,0.556
14908,0.556
14909,0.556
14910,0.556
14911,0.556
14912,0.556
14913,0.556
14914,0.556
14915,0.556
14916,0.556
14917,0.556
14918,0.556
14919,0.556
14920,0.556
14921,0.556
14922,0.556
14923,0.556
14924,0.556
14925,0.556
14926,0.556
14927,0.556
14928,0.556
14929,0.556
14930,0.556
14931,0.556
14932,0.556
14933,0.556
14934,0.556
14935,0.556
14936,0.556
14937,0.556
14938,0.556
14939,0.556
14940,0.556
14941,0.556
14942,0.556
14943,0.556
14944,0.556
14945,0.556
14946,0.556
14947,0.556
14948,0.556
14949,0.556
14950,0.556
14951,0.511
14952,0.511
14953,0.511
14954,0.511
14955,0.511
14956,0.511
14957,0.511
14958,0.511
14959,0.596
14960,0.596
14961,0.596
14962,0.596
14963,0.596
14964,0.596
14965,0.596
14966,0.596
14967,0.695
14968,0.695
14969,0.695
14970,0.695
14971,0.695
14972,0.695
14973,0.695
14974,0.695
14975,0.695
14976,0.695
14977,0.695
14978,0.695
14979,0.695
14980,0.695
14981,0.695
14982,0.695
14983,0.596
14984,0.596
14985,0.596
14986,0.596
14987,0.596
14988,0.596
14989,0.596
14990,0.596
14991,0.511
14992,0.511
14993,0.511
14994,0.511
14995,0.511
14996,0.511
14997,0.511
14998,0.511
14999,0.386
15000,0.386
15001,0.386
15002,0.386
15003,0.386
15004,0.386
15005,0.386
15006,0.386
15007,0.404
15008,0.404
15009,0.404
15010,0.404
15011,0.404
15012,0.404
15013,0.404
15014,0.404
15015,0.683
15016,0.683
15017,0.683
15018,0.683
15019,0.683
15020,0.683
15021,0.683
15022,0.683
15023,0.683
15024,0.683
15025,0.683
15026,0.683
15027,0.683
15028,0.683
15029,0.683
15030,0.683
15031,0.404
15032,0.404
15033,0.404
15034,0.404
15035,0.404
15036,0.404
15037,0.404
15038,0.404
15039,0.386
15040,0.386
15041,0.386
15042,0.386
15043,0.386
15044,0.386
15045,0.386
15046,0.386
15047,0.388
15048,0.388
15049,0.388
15050,0.388
15051,0.388
15052,0.388
15053,0.388
15054,0.388
15055,0.477
15056,0.477
15057,0.477
15058,0.477
15059,0.477
15060,0.477
15061,0.477
15062,0.477
15063,0.681
15064,0.681
15065,0.681
15066,0.681
15067,0.681
15068,0.681
15069,0.681
15070,0.681
15071,0.681
15072,0.681
15073,0.681
15074,0.681
15075,0.681
15076,0.681
15077,0.681
15078,0.681
15079,0.477
15080,0.477
15081,0.477
15082,0.477
15083,0.477
15084,0.477
15085,0.477
15086,0.477
15087,0.388
15088,0.388
15089,0.388
15090,0.388
15091,0.388
15092,0.388
15093,0.388
15094,0.388
15095,0.38
15096,0.38
15097,0.38
15098,0.38
15099,0.38
15100,0.38
15101,0.38
15102,0.38
15103,0.38
15104,0.38
15105,0.38
15106,0.38
15107,0.38
15108,0.38
15109,0.38
15110,0.38
15111,0.38
15112,0.38
15113,0.38
15114,0.38
15115,0.38
15116,0.38
15117,0.38
15118,0.38
15119,0.38
15120,0.38
15121,0.38
15122,0.38
15123,0.38
15124,0.38
15125,0.38
15126,0.38
15127,0.38
15128,0.38
15129,0.38
15130,0.38
15131,0.51
15132,0.51
15133,0.51
15134,0.51
15135,0.51
15136,0.51
15137,0.51
15138,0.51
15139,0.432
15140,0.432
15141,0.432
15142,0.432
15143,0.432
15144,0.432
15145,0.432
15146,0.432
15147,0.393
15148,0.393
15149,0.393
15150,0.393
15151,0.393
15152,0.393
15153,0.393
15154,0.393
15155,0.393
15156,0.393
15157,0.393
15158,0.393
15159,0.393
15160,0.393
15161,0.393
15162,0.393
15163,0.432
15164,0.432
15165,0.432
15166,0.432
15167,0.432
15168,0.432
15169,0.432
15170,0.432
15171,0.51
15172,0.51
15173,0.51
15174,0.51
15175,0.51
15176,0.51
15177,0.51
15178,0.51
15179,0.589
15180,0.589
15181,0.589
15182,0.589
15183,0.623
15184,0.623
15185,0.623
15186,0.623
15187,0.669
15188,0.669
15189,0.669
15190,0.669
15191,0.669
15192,0.669
15193,0.669
15194,0.669
15195,0.667
15196,0.667
15197,0.667
15198,0.667
15199,0.667
15200,0.667
15201,0.667
15202,0.667
15203,0.667
15204,0.667
15205,0.667
15206,0.667
15207,0.667
15208,0.667
15209,0.667
15210,0.667
15211,0.669
15212,0.669
15213,0.669
15214,0.669
15215,0.669
15216,0.669
15217,0.669
15218,0.669
15219,0.666
15220,0.666
15221,0.666
15222,0.666
15223,0.666
15224,0.666
15225,0.666
15226,0.666
15227,0.666
15228,0.666
15229,0.666
15230,0.666
15231,0.666
15232,0.666
15233,0.666
15234,0.666
15235,0.684
15236,0.684
15237,0.684
15238,0.684
15239,0.684
15240,0.684
15241,0.684
15242,0.684
15243,0.785
15244,0.785
15245,0.785
15246,0.785
15247,0.785
15248,0.785
15249,0.785
15250,0.785
15251,0.785
15252,0.785
15253,0.785
15254,0.785
15255,0.785
15256,0.785
15257,0.785
15258,0.785
15259,0.684
15260,0.684
15261,0.684
15262,0.684
15263,0.684
15264,0.684
15265,0.684
15266,0.684
15267,0.666
15268,0.666
15269,0.666
15270,0.666
15271,0.666
15272,0.666
15273,0.666
15274,0.666
15275,0.463
15276,0.463
15277,0.463
15278,0.463
15279,0.559
15280,0.559
15281,0.559
15282,0.559
15283,0.489
15284,0.489
15285,0.489
15286,0.489
15287,0.37
15288,0.37
15289,0.37
15290,0.37
15291,0.55
15292,0.55
15293,0.55
15294,0.55
15295,0.502
15296,0.419
15297,0.588
15298,0.613
15299,0.711
15300,0.759
15301,0.465
15302,0.485
15303,0.447
15304,0.447
15305,0.447
15306,0.447
15307,0.58
15308,0.44
15309,0.682
15310,0.527
15311,0.489
15312,0.64
15313,0.491
15314,0.698
15315,0.667
15316,0.51
15317,0.655
15318,0.662
15319,0.512
15320,0.512
15321,0.512
15322,0.512
15323,0.415
15324,0.415
15325,0.415
15326,0.415
15327,0.57
15328,0.57
15329,0.57
15330,0.57
15331,0.671
15332,0.671
15333,0.671
15334,0.671
15335,0.66
15336,0.66
15337,0.66
15338,0.66
15339,0.46
15340,0.46
15341,0.46
15342,0.46
15343,0.483
15344,0.483
15345,0.483
15346,0.483
15347,0.614
15348,0.614
15349,0.614
15350,0.614
15351,0.602
15352,0.602
15353,0.602
15354,0.602
15355,0.541
15356,0.541
15357,0.541
15358,0.541
15359,0.531
15360,0.531
15361,0.531
15362,0.531
15363,0.529
15364,0.529
15365,0.529
15366,0.529
15367,0.529
15368,0.529
15369,0.529
15370,0.529
15371,0.534
15372,0.534
15373,0.534
15374,0.534
15375,0.534
15376,0.534
15377,0.534
15378,0.534
15379,0.534
15380,0.534
15381,0.534
15382,0.534
15383,0.534
15384,0.534
15385,0.534
15386,0.534
15387,0.534
15388,0.534
15389,0.534
15390,0.534
15391,0.584
15392,0.584
15393,0.584
15394,0.584
15395,0.534
15396,0.534
15397,0.534
15398,0.534
15399,0.534
15400,0.534
15401,0.534
15402,0.534
15403,0.534
15404,0.534
15405,0.534
15406,0.534
15407,0.534
15408,0.534
15409,0.534
15410,0.534
15411,0.534
15412,0.534
15413,0.534
15414,0.534
15415,0.534
15416,0.534
15417,0.534
15418,0.534
15419,0.573
15420,0.573
15421,0.573
15422,0.573
15423,0.573
15424,0.573
15425,0.573
15426,0.573
15427,0.638
15428,0.638
15429,0.638
15430,0.638
15431,0.638
15432,0.638
15433,0.638
15434,0.638
15435,0.654
15436,0.654
15437,0.654
15438,0.654
15439,0.654
15440,0.654
15441,0.654
15442,0.654
15443,0.654
15444,0.654
15445,0.654
15446,0.654
15447,0.654
15448,0.654
15449,0.654
15450,0.654
15451,0.638
15452,0.638
15453,0.638
15454,0.638
15455,0.638
15456,0.638
15457,0.638
15458,0.638
15459,0.573
15460,0.573
15461,0.573
15462,0.573
15463,0.573
15464,0.573
15465,0.573
15466,0.573
15467,0.494
15468,0.494
15469,0.494
15470,0.494
15471,0.494
15472,0.494
15473,0.494
15474,0.494
15475,0.461
15476,0.461
15477,0.461
15478,0.461
15479,0.461
15480,0.461
15481,0.461
15482,0.461
15483,0.59
15484,0.59
15485,0.59
15486,0.59
15487,0.59
15488,0.59
15489,0.59
15490,0.59
15491,0.59
15492,0.59
15493,0.59
15494,0.59
15495,0.59
15496,0.59
15497,0.59
15498,0.59
15499,0.461
15500,0.461
15501,0.461
15502,0.461
15503,0.461
15504,0.461
15505,0.461
15506,0.461
15507,0.494
15508,0.494
15509,0.494
15510,0.494
15511,0.494
15512,0.494
15513,0.494
15514,0.494
15515,0.552
15516,0.552
15517,0.552
15518,0.552
15519,0.552
15520,0.552
15521,0.552
15522,0.552
15523,0.617
15524,0.617
15525,0.617
15526,0.617
15527,0.617
15528,0.617
15529,0.617
15530,0.617
15531,0.65
15532,0.65
15533,0.65
15534,0.65
15535,0.65
15536,0.65
15537,0.65
15538,0.65
15539,0.65
15540,0.65
15541,0.65
15542,0.65
15543,0.65
15544,0.65
15545,0.65
15546,0.65
15547,0.617
15548,0.617
15549,0.617
15550,0.617
15551,0.617
15552,0.617
15553,0.617
15554,0.617
15555,0.552
15556,0.552
15557,0.552
15558,0.552
15559,0.552
15560,0.552
15561,0.552
15562,0.552
15563,0.648
15564,0.648
15565,0.648
15566,0.648
15567,0.648
15568,0.648
15569,0.648
15570,0.648
15571,0.648
15572,0.648
15573,0.648
15574,0.648
15575,0.619
15576,0.619
15577,0.619
15578,0.619
15579,0.605
15580,0.605
15581,0.605
15582,0.605
15583,0.605
15584,0.605
15585,0.605
15586,0.605
15587,0.605
15588,0.605
15589,0.605
15590,0.605
15591,0.605
15592,0.605
15593,0.605
15594,0.605
15595,0.621
15596,0.621
15597,0.621
15598,0.621
15599,0.657
15600,0.657
15601,0.657
15602,0.657
15603,0.648
15604,0.648
15605,0.648
15606,0.648
15607,0.637
15608,0.637
15609,0.637
15610,0.637
15611,0.585
15612,0.585
15613,0.585
15614,0.585
15615,0.585
15616,0.585
15617,0.585
15618,0.585
15619,0.551
15620,0.551
15621,0.551
15622,0.551
15623,0.551
15624,0.551
15625,0.551
15626,0.551
15627,0.496
15628,0.496
15629,0.496
15630,0.496
15631,0.496
15632,0.496
15633,0.496
15634,0.496
15635,0.496
15636,0.496
15637,0.496
15638,0.496
15639,0.496
15640,0.496
15641,0.496
15642,0.496
15643,0.551
15644,0.551
15645,0.551
15646,0.551
15647,0.551
15648,0.551
15649,0.551
15650,0.551
15651,0.585
15652,0.585
15653,0.585
15654,0.585
15655,0.585
15656,0.585
15657,0.585
15658,0.585
15659,0.534
15660,0.534
15661,0.534
15662,0.534
15663,0.534
15664,0.534
15665,0.534
15666,0.534
15667,0.557
15668,0.557
15669,0.557
15670,0.557
15671,0.557
15672,0.557
15673,0.557
15674,0.557
15675,0.645
15676,0.645
15677,0.645
15678,0.645
15679,0.645
15680,0.645
15681,0.645
15682,0.645
15683,0.645
15684,0.645
15685,0.645
15686,0.645
15687,0.645
15688,0.645
15689,0.645
15690,0.645
15691,0.557
15692,0.557
15693,0.557
15694,0.557
15695,0.557
15696,0.557
15697,0.557
15698,0.557
15699,0.534
15700,0.534
15701,0.534
15702,0.534
15703,0.534
15704,0.534
15705,0.534
15706,0.534
15707,0.627
15708,0.627
15709,0.627
15710,0.627
15711,0.627
15712,0.627
15713,0.627
15714,0.627
15715,0.536
15716,0.536
15717,0.536
15718,0.536
15719,0.536
15720,0.536
15721,0.536
15722,0.536
15723,0.529
15724,0.529
15725,0.529
15726,0.529
15727,0.529
15728,0.529
15729,0.529
15730,0.529
15731,0.529
15732,0.529
15733,0.529
15734,0.529
15735,0.529
15736,0.529
15737,0.529
15738,0.529
15739,0.536
15740,0.536
15741,0.536
15742,0.536
15743,0.536
15744,0.536
15745,0.536
15746,0.536
15747,0.627
15748,0.627
15749,0.627
15750,0.627
15751,0.627
15752,0.627
15753,0.627
15754,0.627
15755,0.544
15756,0.544
15757,0.544
15758,0.544
15759,0.544
15760,0.544
15761,0.544
15762,0.544
15763,0.603
15764,0.603
15765,0.603
15766,0.603
15767,0.603
15768,0.603
15769,0.603
15770,0.603
15771,0.594
15772,0.594
15773,0.594
15774,0.594
15775,0.594
15776,0.594
15777,0.594
15778,0.594
15779,0.594
15780,0.594
15781,0.594
15782,0.594
15783,0.594
15784,0.594
15785,0.594
15786,0.594
15787,0.603
15788,0.603
15789,0.603
15790,0.603
15791,0.603
15792,0.603
15793,0.603
15794,0.603
15795,0.544
15796,0.544
15797,0.544
15798,0.544
15799,0.544
15800,0.544
15801,0.544
15802,0.544
15803,0.367
15804,0.367
15805,0.367
15806,0.367
15807,0.367
15808,0.367
15809,0.367
15810,0.367
15811,0.675
15812,0.675
15813,0.675
15814,0.675
15815,0.675
15816,0.675
15817,0.675
15818,0.675
15819,0.502
15820,0.502
15821,0.502
15822,0.502
15823,0.502
15824,0.502
15825,0.502
15826,0.502
15827,0.502
15828,0.502
15829,0.502
15830,0.502
15831,0.502
15832,0.502
15833,0.502
15834,0.502
15835,0.675
15836,0.675
15837,0.675
15838,0.675
15839,0.675
15840,0.675
15841,0.675
15842,0.675
15843,0.367
15844,0.367
15845,0.367
15846,0.367
15847,0.367
15848,0.367
15849,0.367
15850,0.367
15851,0.582
15852,0.582
15853,0.582
15854,0.582
15855,0.582
15856,0.582
15857,0.582
15858,0.582
15859,0.528
15860,0.528
15861,0.528
15862,0.528
15863,0.528
15864,0.528
15865,0.528
15866,0.528
15867,0.507
15868,0.507
15869,0.507
15870,0.507
15871,0.507
15872,0.507
15873,0.507
15874,0.507
15875,0.507
15876,0.507
15877,0.507
15878,0.507
15879,0.507
15880,0.507
15881,0.507
15882,0.507
15883,0.528
15884,0.528
15885,0.528
15886,0.528
15887,0.528
15888,0.528
15889,0.528
15890,0.528
15891,0.582
15892,0.582
15893,0.582
15894,0.582
15895,0.582
15896,0.582
15897,0.582
15898,0.582
15899,0.515
15900,0.515
15901,0.515
15902,0.515
15903,0.515
15904,0.515
15905,0.515
15906,0.515
15907,0.608
15908,0.608
15909,0.608
15910,0.608
15911,0.608
15912,0.608
15913,0.608
15914,0.608
15915,0.545
15916,0.545
15917,0.545
15918,0.545
15919,0.545
15920,0.545
15921,0.545
15922,0.545
15923,0.545
15924,0.545
15925,0.545
15926,0.545
15927,0.545
15928,0.545
15929,0.545
15930,0.545
15931,0.608
15932,0.608
15933,0.608
15934,0.608
15935,0.608
15936,0.608
15937,0.608
15938,0.608
15939,0.515
15940,0.515
15941,0.515
15942,0.515
15943,0.515
15944,0.515
15945,0.515
15946,0.515
15947,0.457
15948,0.457
15949,0.457
15950,0.457
15951,0.457
15952,0.457
15953,0.457
15954,0.457
15955,0.679
15956,0.679
15957,0.679
15958,0.679
15959,0.513
15960,0.513
15961,0.513
15962,0.513
15963,0.443
15964,0.443
15965,0.443
15966,0.443
15967,0.446
15968,0.446
15969,0.446
15970,0.446
15971,0.442
15972,0.442
15973,0.442
15974,0.442
15975,0.403
15976,0.403
15977,0.403
15978,0.403
15979,0.674
15980,0.674
15981,0.674
15982,0.674
15983,0.65
15984,0.65
15985,0.65
15986,0.65
15987,0.457
15988,0.457
15989,0.457
15990,0.457
15991,0.457
15992,0.457
15993,0.457
15994,0.457
15995,0.418
15996,0.418
15997,0.418
15998,0.418
15999,0.418
16000,0.418
16001,0.418
16002,0.418
16003,0.502
16004,0.502
16005,0.502
16006,0.502
16007,0.502
16008,0.502
16009,0.502
16010,0.502
16011,0.392
16012,0.392
16013,0.392
16014,0.392
16015,0.392
16016,0.392
16017,0.392
16018,0.392
16019,0.392
16020,0.392
16021,0.392
16022,0.392
16023,0.392
16024,0.392
16025,0.392
16026,0.392
16027,0.502
16028,0.502
16029,0.502
16030,0.502
16031,0.502
16032,0.502
16033,0.502
16034,0.502
16035,0.418
16036,0.418
16037,0.418
16038,0.418
16039,0.418
16040,0.418
16041,0.418
16042,0.418
16043,0.737
16044,0.737
16045,0.737
16046,0.737
16047,0.737
16048,0.737
16049,0.737
16050,0.737
16051,0.562
16052,0.562
16053,0.562
16054,0.562
16055,0.562
16056,0.562
16057,0.562
16058,0.562
16059,0.524
16060,0.524
16061,0.524
16062,0.524
16063,0.524
16064,0.524
16065,0.524
16066,0.524
16067,0.524
16068,0.524
16069,0.524
16070,0.524
16071,0.524
16072,0.524
16073,0.524
16074,0.524
16075,0.562
16076,0.562
16077,0.562
16078,0.562
16079,0.562
16080,0.562
16081,0.562
16082,0.562
16083,0.737
16084,0.737
16085,0.737
16086,0.737
16087,0.737
16088,0.737
16089,0.737
16090,0.737
16091,0.686
16092,0.686
16093,0.686
16094,0.686
16095,0.686
16096,0.686
16097,0.686
16098,0.686
16099,0.57
16100,0.57
16101,0.57
16102,0.57
16103,0.57
16104,0.57
16105,0.57
16106,0.57
16107,0.585
16108,0.585
16109,0.585
16110,0.585
16111,0.585
16112,0.585
16113,0.585
16114,0.585
16115,0.585
16116,0.585
16117,0.585
16118,0.585
16119,0.585
16120,0.585
16121,0.585
16122,0.585
16123,0.57
16124,0.57
16125,0.57
16126,0.57
16127,0.57
16128,0.57
16129,0.57
16130,0.57
16131,0.686
16132,0.686
16133,0.686
16134,0.686
16135,0.686
16136,0.686
16137,0.686
16138,0.686
16139,0.777
16140,0.777
16141,0.777
16142,0.777
16143,0.777
16144,0.777
16145,0.777
16146,0.777
16147,0.56
16148,0.56
16149,0.56
16150,0.56
16151,0.56
16152,0.56
16153,0.56
16154,0.56
16155,0.665
16156,0.665
16157,0.665
16158,0.665
16159,0.665
16160,0.665
16161,0.665
16162,0.665
16163,0.665
16164,0.665
16165,0.665
16166,0.665
16167,0.665
16168,0.665
16169,0.665
16170,0.665
16171,0.56
16172,0.56
16173,0.56
16174,0.56
16175,0.56
16176,0.56
16177,0.56
16178,0.56
16179,0.777
16180,0.777
16181,0.777
16182,0.777
16183,0.777
16184,0.777
16185,0.777
16186,0.777
16187,0.685
16188,0.685
16189,0.685
16190,0.685
16191,0.685
16192,0.685
16193,0.685
16194,0.685
16195,0.609
16196,0.609
16197,0.609
16198,0.609
16199,0.609
16200,0.609
16201,0.609
16202,0.609
16203,0.629
16204,0.629
16205,0.629
16206,0.629
16207,0.629
16208,0.629
16209,0.629
16210,0.629
16211,0.629
16212,0.629
16213,0.629
16214,0.629
16215,0.629
16216,0.629
16217,0.629
16218,0.629
16219,0.609
16220,0.609
16221,0.609
16222,0.609
16223,0.609
16224,0.609
16225,0.609
16226,0.609
16227,0.685
16228,0.685
16229,0.685
16230,0.685
16231,0.685
16232,0.685
16233,0.685
16234,0.685
16235,0.663
16236,0.663
16237,0.663
16238,0.663
16239,0.663
16240,0.663
16241,0.663
16242,0.663
16243,0.503
16244,0.503
16245,0.503
16246,0.503
16247,0.503
16248,0.503
16249,0.503
16250,0.503
16251,0.564
16252,0.564
16253,0.564
16254,0.564
16255,0.564
16256,0.564
16257,0.564
16258,0.564
16259,0.564
16260,0.564
16261,0.564
16262,0.564
16263,0.564
16264,0.564
16265,0.564
16266,0.564
16267,0.503
16268,0.503
16269,0.503
16270,0.503
16271,0.503
16272,0.503
16273,0.503
16274,0.503
16275,0.663
16276,0.663
16277,0.663
16278,0.663
16279,0.663
16280,0.663
16281,0.663
16282,0.663
16283,0.437
16284,0.437
16285,0.437
16286,0.437
16287,0.537
16288,0.537
16289,0.537
16290,0.537
16291,0.734
16292,0.734
16293,0.734
16294,0.734
16295,0.809
16296,0.809
16297,0.809
16298,0.809
16299,0.584
16300,0.584
16301,0.584
16302,0.584
16303,0.584
16304,0.584
16305,0.584
16306,0.584
16307,0.584
16308,0.584
16309,0.584
16310,0.584
16311,0.584
16312,0.584
16313,0.584
16314,0.584
16315,0.517
16316,0.517
16317,0.517
16318,0.517
16319,0.577
16320,0.577
16321,0.577
16322,0.577
16323,0.564
16324,0.564
16325,0.564
16326,0.564
16327,0.466
16328,0.466
16329,0.466
16330,0.466
16331,0.646
16332,0.646
16333,0.646
16334,0.646
16335,0.646
16336,0.646
16337,0.646
16338,0.646
16339,0.484
16340,0.484
16341,0.484
16342,0.484
16343,0.632
16344,0.632
16345,0.632
16346,0.632
16347,0.618
16348,0.618
16349,0.618
16350,0.618
16351,0.618
16352,0.618
16353,0.618
16354,0.618
16355,0.618
16356,0.618
16357,0.618
16358,0.618
16359,0.618
16360,0.618
16361,0.618
16362,0.618
16363,0.668
16364,0.668
16365,0.668
16366,0.668
16367,0.597
16368,0.597
16369,0.597
16370,0.597
16371,0.646
16372,0.646
16373,0.646
16374,0.646
16375,0.646
16376,0.646
16377,0.646
16378,0.646
16379,0.695
16380,0.695
16381,0.695
16382,0.695
16383,0.695
16384,0.695
16385,0.695
16386,0.695
16387,0.622
16388,0.622
16389,0.622
16390,0.622
16391,0.622
16392,0.622
16393,0.622
16394,0.622
16395,0.674
16396,0.674
16397,0.674
16398,0.674
16399,0.656
16400,0.656
16401,0.656
16402,0.656
16403,0.529
16404,0.529
16405,0.529
16406,0.529
16407,0.511
16408,0.511
16409,0.511
16410,0.511
16411,0.622
16412,0.622
16413,0.622
16414,0.622
16415,0.622
16416,0.622
16417,0.622
16418,0.622
16419,0.695
16420,0.695
16421,0.695
16422,0.695
16423,0.695
16424,0.695
16425,0.695
16426,0.695
16427,0.614
16428,0.614
16429,0.594
16430,0.614
16431,0.613
16432,0.363
16433,0.541
16434,0.482
16435,0.578
16436,0.335
16437,0.588
16438,0.328
16439,0.368
16440,0.477
16441,0.577
16442,0.569
16443,0.477
16444,0.477
16445,0.6
16446,0.586
16447,0.514
16448,0.608
16449,0.518
16450,0.495
16451,0.495
16452,0.515
16453,0.471
16454,0.465
16455,0.465
16456,0.465
16457,0.465
16458,0.465
16459,0.465
16460,0.465
16461,0.465
16462,0.465
16463,0.465
16464,0.465
16465,0.465
16466,0.465
16467,0.465
16468,0.465
16469,0.465
16470,0.465
16471,0.465
16472,0.465
16473,0.465
16474,0.465
16475,0.465
16476,0.465
16477,0.465
16478,0.465
16479,0.465
16480,0.465
16481,0.465
16482,0.465
16483,0.465
16484,0.465
16485,0.465
16486,0.465
16487,0.465
16488,0.465
16489,0.465
16490,0.465
16491,0.465
16492,0.465
16493,0.465
16494,0.465
16495,0.465
16496,0.465
16497,0.465
16498,0.465
16499,0.465
16500,0.465
16501,0.465
16502,0.465
16503,0.465
16504,0.465
16505,0.465
16506,0.465
16507,0.465
16508,0.465
16509,0.465
16510,0.465
16511,0.465
16512,0.465
16513,0.465
16514,0.465
16515,0.465
16516,0.465
16517,0.465
16518,0.465
16519,0.465
16520,0.465
16521,0.465
16522,0.465
16523,0.465
16524,0.465
16525,0.465
16526,0.465
16527,0.465
16528,0.465
16529,0.465
16530,0.465
16531,0.465
16532,0.465
16533,0.465
16534,0.465
16535,0.465
16536,0.465
16537,0.465
16538,0.465
16539,0.465
16540,0.465
16541,0.465
16542,0.465
16543,0.465
16544,0.465
16545,0.465
16546,0.465
16547,0.465
16548,0.465
16549,0.465
16550,0.465
16551,0.465
16552,0.465
16553,0.465
16554,0.465
16555,0.465
16556,0.465
16557,0.465
16558,0.465
16559,0.465
16560,0.465
16561,0.465
16562,0.465
16563,0.465
16564,0.465
16565,0.465
16566,0.465
16567,0.465
16568,0.465
16569,0.465
16570,0.465
16571,0.465
16572,0.465
16573,0.465
16574,0.465
16575,0.465
16576,0.465
16577,0.465
16578,0.465
16579,0.465
16580,0.465
16581,0.465
16582,0.465
16583,0.465
16584,0.465
16585,0.465
16586,0.465
16587,0.465
16588,0.465
16589,0.465
16590,0.465
16591,0.465
16592,0.465
16593,0.465
16594,0.465
16595,0.465
16596,0.465
16597,0.465
16598,0.515
16599,0.48
16600,0.412
16601,0.412
16602,0.412
16603,0.412
16604,0.488
16605,0.609
16606,0.541
16607,0.459
16608,0.412
16609,0.476
16610,0.646
16611,0.396
16612,0.354
16613,0.536
16614,0.416
16615,0.543
16616,0.469
16617,0.628
16618,0.5
16619,0.498
16620,0.582
16621,0.459
16622,0.464
16623,0.546
16624,0.56
16625,0.43
16626,0.514
16627,0.366
16628,0.367
16629,0.591
16630,0.366
16631,0.366
16632,0.625
16633,0.625
16634,0.624
16635,0.625
16636,0.48
16637,0.429
16638,0.43
16639,0.429
16640,0.44
16641,0.485
16642,0.485
16643,0.487
16644,0.551
16645,0.504
16646,0.608
16647,0.583
16648,0.587
16649,0.606
16650,0.56
16651,0.559
16652,0.55
16653,0.633
16654,0.635
16655,0.808
16656,0.814
16657,0.814
16658,0.783
16659,0.514
16660,0.517
16661,0.514
16662,0.531
16663,0.514
16664,0.572
16665,0.572
16666,0.572
16667,0.572
16668,0.572
16669,0.572
16670,0.572
16671,0.572
16672,0.572
16673,0.572
16674,0.572
16675,0.572
16676,0.572
16677,0.572
16678,0.572
16679,0.572
16680,0.572
16681,0.572
16682,0.572
16683,0.572
16684,0.572
16685,0.572
16686,0.572
16687,0.572
16688,0.572
16689,0.572
16690,0.572
16691,0.572
16692,0.572
16693,0.572
16694,0.572
16695,0.572
16696,0.572
16697,0.572
16698,0.572
16699,0.572
16700,0.572
16701,0.572
16702,0.572
16703,0.572
16704,0.572
16705,0.572
16706,0.572
16707,0.572
16708,0.572
16709,0.572
16710,0.572
16711,0.572
16712,0.572
16713,0.572
16714,0.572
16715,0.572
16716,0.572
16717,0.572
16718,0.572
16719,0.572
16720,0.572
16721,0.572
16722,0.572
16723,0.572
16724,0.572
16725,0.572
16726,0.572
16727,0.572
16728,0.572
16729,0.572
16730,0.572
16731,0.572
16732,0.572
16733,0.572
16734,0.572
16735,0.572
16736,0.572
16737,0.572
16738,0.572
16739,0.572
16740,0.572
16741,0.572
16742,0.572
16743,0.572
16744,0.572
16745,0.572
16746,0.572
16747,0.572
16748,0.572
16749,0.572
16750,0.572
16751,0.572
16752,0.572
16753,0.572
16754,0.572
16755,0.572
16756,0.572
16757,0.572
16758,0.572
16759,0.572
16760,0.572
16761,0.572
16762,0.572
16763,0.572
16764,0.572
16765,0.572
16766,0.572
16767,0.572
16768,0.572
16769,0.572
16770,0.572
16771,0.572
16772,0.572
16773,0.572
16774,0.572
16775,0.572
16776,0.572
16777,0.572
16778,0.572
16779,0.572
16780,0.572
16781,0.572
16782,0.572
16783,0.572
16784,0.572
16785,0.572
16786,0.572
16787,0.572
16788,0.572
16789,0.572
16790,0.572
16791,0.572
16792,0.572
16793,0.572
16794,0.572
16795,0.572
16796,0.572
16797,0.572
16798,0.572
16799,0.572
16800,0.572
16801,0.572
16802,0.572
16803,0.572
16804,0.572
16805,0.572
16806,0.572
16807,0.572
16808,0.611
16809,0.636
16810,0.676
16811,0.611
16812,0.611
16813,0.648
16814,0.611
16815,0.285
16816,0.585
16817,0.478
16818,0.65
16819,0.599
16820,0.604
16821,0.607
16822,0.517
16823,0.676
16824,0.523
16825,0.527
16826,0.53
16827,0.552
16828,0.705
16829,0.611
16830,0.648
16831,0.649
16832,0.432
16833,0.491
16834,0.705
16835,0.547
16836,0.526
16837,0.478
16838,0.524
16839,0.409
16840,0.493
16841,0.609
16842,0.56
16843,0.58
16844,0.29
16845,0.502
16846,0.448
16847,0.563
16848,0.502
16849,0.635
16850,0.634
16851,0.618
16852,0.608
16853,0.448
16854,0.491
16855,0.505
16856,0.511
16857,0.48
16858,0.283
16859,0.579
16860,0.418
16861,0.422
16862,0.553
16863,0.418
16864,0.439
16865,0.419
16866,0.418
16867,0.418
16868,0.417
16869,0.439
16870,0.418
16871,0.664
16872,0.68
16873,0.529
16874,0.485
16875,0.495
16876,0.661
16877,0.68
16878,0.532
16879,0.323
16880,0.403
16881,0.606
16882,0.406
16883,0.458
16884,0.436
16885,0.606
16886,0.597
16887,0.548
16888,0.326
16889,0.494
16890,0.486
16891,0.486
16892,0.548
16893,0.465
16894,0.572
16895,0.548
16896,0.486
16897,0.6
16898,0.495
16899,0.409
16900,0.539
16901,0.66
16902,0.314
16903,0.324
16904,0.558
16905,0.607
16906,0.583
16907,0.572
16908,0.572
16909,0.572
16910,0.536
16911,0.573
16912,0.537
16913,0.569
16914,0.588
16915,0.519
16916,0.586
16917,0.591
16918,0.598
16919,0.598
16920,0.598
16921,0.519
16922,0.54
16923,0.538
16924,0.54
16925,0.519
16926,0.519
16927,0.513
16928,0.502
16929,0.57
16930,0.557
16931,0.571
16932,0.556
16933,0.556
16934,0.529
16935,0.529
16936,0.52
16937,0.519
16938,0.458
16939,0.476
16940,0.464
16941,0.663
16942,0.469
16943,0.466
16944,0.642
16945,0.663
16946,0.457
16947,0.48
16948,0.71
16949,0.552
16950,0.576
16951,0.578
16952,0.58
16953,0.58
16954,0.584
16955,0.62
16956,0.486
16957,0.484
16958,0.487
16959,0.674
16960,0.621
16961,0.621
16962,0.621
16963,0.621
16964,0.487
16965,0.335
16966,0.335
16967,0.335
16968,0.335
16969,0.338
16970,0.335
16971,0.335
16972,0.616
16973,0.545
16974,0.598
16975,0.492
16976,0.492
16977,0.492
16978,0.645
16979,0.518
16980,0.493
16981,0.668
16982,0.691
16983,0.668
16984,0.668
16985,0.673
16986,0.7
16987,0.616
16988,0.709
16989,0.668
16990,0.535
16991,0.569
16992,0.567
16993,0.599
16994,0.441
16995,0.654
16996,0.611
16997,0.643
16998,0.603
16999,0.6
17000,0.403
17001,0.505
17002,0.42
17003,0.453
17004,0.511
17005,0.411
17006,0.37
17007,0.463
17008,0.757
17009,0.757
17010,0.758
17011,0.637
17012,0.538
17013,0.505
17014,0.497
17015,0.524
17016,0.374
17017,0.555
17018,0.492
17019,0.5
17020,0.514
17021,0.476
17022,0.565
17023,0.559
17024,0.493
17025,0.523
17026,0.603
17027,0.8
17028,0.579
17029,0.799
17030,0.8
17031,0.513
17032,0.49
17033,0.551
17034,0.51
17035,0.529
17036,0.574
17037,0.518
17038,0.51
17039,0.459
17040,0.548
17041,0.51
17042,0.578
17043,0.578
17044,0.547
17045,0.576
17046,0.382
17047,0.578
17048,0.578
17049,0.382
17050,0.532
17051,0.533
17052,0.532
17053,0.488
17054,0.495
17055,0.533
17056,0.496
17057,0.527
17058,0.454
17059,0.553
17060,0.489
17061,0.456
17062,0.485
17063,0.481
17064,0.619
17065,0.376
17066,0.491
17067,0.498
17068,0.581
17069,0.74
17070,0.498
17071,0.448
17072,0.376
17073,0.45
17074,0.556
17075,0.589
17076,0.556
17077,0.589
17078,0.556
17079,0.556
17080,0.449
17081,0.395
17082,0.422
17083,0.579
17084,0.356
17085,0.57
17086,0.574
17087,0.459
17088,0.613
17089,0.695
17090,0.523
17091,0.495
17092,0.573
17093,0.422
17094,0.649
17095,0.496
17096,0.454
17097,0.507
17098,0.457
17099,0.462
17100,0.478
17101,0.599
17102,0.424
17103,0.301
17104,0.424
17105,0.531
17106,0.574
17107,0.67
17108,0.379
17109,0.509
17110,0.787
17111,0.453
17112,0.579
17113,0.596
17114,0.54
17115,0.574
17116,0.544
17117,0.432
17118,0.517
17119,0.652
17120,0.511
17121,0.607
17122,0.558
17123,0.617
17124,0.827
17125,0.592
17126,0.595
17127,0.623
17128,0.736
17129,0.572
17130,0.59
17131,0.504
17132,0.504
17133,0.525
17134,0.504
17135,0.563
17136,0.53
17137,0.554
17138,0.567
17139,0.563
17140,0.623
17141,0.563
17142,0.536
17143,0.536
17144,0.53
17145,0.543
17146,0.421
17147,0.502
17148,0.551
17149,0.566
17150,0.521
17151,0.644
17152,0.536
17153,0.648
17154,0.567
17155,0.518
17156,0.521
17157,0.605
17158,0.579
17159,0.442
17160,0.61
17161,0.522
17162,0.543
17163,0.543
17164,0.486
17165,0.57
17166,0.798
17167,0.41
17168,0.747
17169,0.385
17170,0.442
17171,0.787
17172,0.422
17173,0.474
17174,0.797
17175,0.432
17176,0.512
17177,0.457
17178,0.491
17179,0.543
17180,0.382
17181,0.501
17182,0.489
17183,0.617
17184,0.629
17185,0.587
17186,0.538
17187,0.547
17188,0.547
17189,0.547
17190,0.547
17191,0.547
17192,0.411
17193,0.366
17194,0.366
17195,0.453
17196,0.454
17197,0.453
17198,0.453
17199,0.482
17200,0.471
17201,0.463
17202,0.41
17203,0.419
17204,0.72
17205,0.646
17206,0.485
17207,0.646
17208,0.646
17209,0.646
17210,0.469
17211,0.415
17212,0.646
17213,0.646
17214,0.47
17215,0.577
17216,0.678
17217,0.567
17218,0.537
17219,0.588
17220,0.583
17221,0.481
17222,0.539
17223,0.574
17224,0.542
17225,0.685
17226,0.571
17227,0.638
17228,0.472
17229,0.557
17230,0.645
17231,0.608
17232,0.628
17233,0.656
17234,0.602
17235,0.632
17236,0.31
17237,0.613
17238,0.577
17239,0.315
17240,0.585
17241,0.47
17242,0.314
17243,0.438
17244,0.707
17245,0.59
17246,0.708
17247,0.588
17248,0.677
17249,0.791
17250,0.704
17251,0.673
17252,0.69
17253,0.693
17254,0.415
17255,0.507
17256,0.411
17257,0.483
17258,0.518
17259,0.59
17260,0.492
17261,0.621
17262,0.513
17263,0.481
17264,0.661
17265,0.488
17266,0.656
17267,0.755
17268,0.756
17269,0.755
17270,0.755
17271,0.595
17272,0.454
17273,0.614
17274,0.631
17275,0.614
17276,0.494
17277,0.516
17278,0.564
17279,0.624
17280,0.675
17281,0.523
17282,0.576
17283,0.449
17284,0.449
17285,0.488
17286,0.489
17287,0.501
17288,0.501
17289,0.516
17290,0.555
17291,0.503
17292,0.498
17293,0.501
17294,0.501
17295,0.501
17296,0.649
17297,0.423
17298,0.512
17299,0.703
17300,0.703
17301,0.655
17302,0.704
17303,0.6
17304,0.491
17305,0.6
17306,0.481
17307,0.704
17308,0.6
17309,0.6
17310,0.515
17311,0.523
17312,0.644
17313,0.55
17314,0.55
17315,0.55
17316,0.727
17317,0.728
17318,0.725
17319,0.727
17320,0.684
17321,0.471
17322,0.684
17323,0.673
17324,0.641
17325,0.684
17326,0.66
17327,0.528
17328,0.547
17329,0.547
17330,0.52
17331,0.562
17332,0.574
17333,0.698
17334,0.592
17335,0.6
17336,0.6
17337,0.6
17338,0.574
17339,0.569
17340,0.574
17341,0.573
17342,0.53
17343,0.531
17344,0.53
17345,0.53
17346,0.59
17347,0.698
17348,0.704
17349,0.704
17350,0.543
17351,0.586
17352,0.539
17353,0.574
17354,0.479
17355,0.662
17356,0.587
17357,0.645
17358,0.626
17359,0.525
17360,0.498
17361,0.67
17362,0.515
17363,0.632
17364,0.524
17365,0.667
17366,0.622
17367,0.571
17368,0.663
17369,0.664
17370,0.662
17371,0.662
17372,0.497
17373,0.481
17374,0.627
17375,0.308
17376,0.557
17377,0.309
17378,0.522
17379,0.627
17380,0.627
17381,0.441
17382,0.584
17383,0.464
17384,0.549
17385,0.537
17386,0.512
17387,0.62
17388,0.512
17389,0.564
17390,0.477
17391,0.512
17392,0.512
17393,0.513
17394,0.505
17395,0.621
17396,0.438
17397,0.483
17398,0.437
17399,0.568
17400,0.521
17401,0.605
17402,0.473
17403,0.473
17404,0.677
17405,0.54
17406,0.677
17407,0.677
17408,0.677
17409,0.677
17410,0.452
17411,0.569
17412,0.677
17413,0.576
17414,0.568
17415,0.685
17416,0.698
17417,0.68
17418,0.619
