1,0.176,55.96
2,0.244,55.37
3,0.176,55.7
4,0.244,54.66
5,0.273,54.03
6,0.302,12.38
7,0.269,27.93
8,0.391,44.17
9,0.159,52.95
10,0.212,49.11
11,0.117,51.14
12,0.117,47.74
13,0.204,40.3
14,0.19,57.49
15,0.187,37.49
16,0.19,43.47
17,0.317,24.19
18,0.253,45.3
19,0.262,63.49
20,0.209,51.92
21,0.249,62.41
22,0.216,9.12
23,0.223,13.9
24,0.216,27.82
25,0.161,48.61
26,0.223,24.36
27,0.107,48.17
28,0.317,2.96
29,0.184,9.24
30,0.184,17.76
31,0.141,37.18
32,0.149,51.2
33,0.273,2.32
34,0.273,11.89
35,0.253,41.16
36,0.271,35.72
37,0.117,50.24
38,0.117,43.87
39,0.117,62.64
40,0.123,44.37
41,0.212,35.87
42,0.217,37.14
43,0.238,36.43
44,0.238,41.92
45,0.299,49.04
46,0.302,22.95
47,0.302,23.8
48,0.307,6.69
49,0.387,36.33
50,0.387,30.38
51,0.387,28.55
52,0.387,27.7
53,0.296,26.47
54,0.271,39.1
55,0.26,47.89
56,0.294,36.56
57,0.145,47.12
58,0.336,39.55
59,0.284,24.47
60,0.355,31.97
61,0.333,23.5
62,0.416,33.65
63,0.316,41.19
64,0.419,48.14
65,0.298,49.91
66,0.301,38.44
67,0.341,39.07
68,0.337,33.6
69,0.324,27.72
70,0.384,41.86
71,0.659,29.17
72,0.661,39.05
73,0.634,53.84
74,0.471,46.84
75,0.502,15.32
76,0.391,31.77
77,0.58,30.66
78,0.549,41.0
79,0.708,7.83
80,0.424,32.64
81,0.708,1.09
82,0.419,33.53
83,0.708,0.6
84,0.708,2.21
85,0.354,49.73
86,0.372,47.25
87,0.386,51.8
88,0.402,50.47
89,0.385,49.78
90,0.542,49.17
91,0.474,44.24
92,0.399,47.66
93,0.412,39.26
94,0.525,43.28
95,0.353,31.35
96,0.383,38.74
97,0.665,27.87
98,0.679,24.3
99,0.527,42.93
100,0.518,43.78
101,0.665,0.44
102,0.565,36.41
103,0.475,12.19
104,0.462,33.64
105,0.646,32.31
106,0.649,26.99
107,0.55,34.4
108,0.601,45.08
109,0.593,8.46
110,0.568,11.89
111,0.637,39.73
112,0.643,37.11
113,0.484,12.9
114,0.596,42.34
115,0.488,2.84
116,0.596,5.26
117,0.426,28.12
118,0.369,52.24
119,0.394,44.62
120,0.313,58.15
121,0.204,46.95
122,0.402,34.77
123,0.33,38.73
124,0.381,23.41
125,0.318,20.94
126,0.308,46.82
127,0.296,37.69
128,0.413,45.71
129,0.296,0.9
130,0.785,14.7
131,0.798,39.97
132,0.761,34.76
133,0.761,25.25
134,0.761,40.22
135,0.761,22.57
136,0.849,46.56
137,0.849,40.06
138,0.849,38.66
139,0.849,43.04
140,0.867,0.02
141,0.867,4.37
142,0.858,41.29
143,0.858,16.45
144,0.791,33.05
145,0.791,26.18
146,0.791,21.42
147,0.638,47.8
148,0.638,49.79
149,0.638,37.83
150,0.638,31.53
151,0.548,34.01
152,0.543,32.02
153,0.537,25.87
154,0.529,28.98
155,0.652,41.24
156,0.652,35.56
157,0.652,35.32
158,0.652,45.7
159,0.614,15.31
160,0.69,44.94
161,0.632,32.29
162,0.664,38.31
163,0.653,42.05
164,0.653,50.03
165,0.653,37.66
166,0.653,42.83
167,0.765,36.37
168,0.635,19.0
169,0.645,33.21
170,0.635,38.47
171,0.635,42.7
172,0.635,50.52
173,0.635,36.29
174,0.635,41.59
175,0.621,49.32
176,0.621,38.96
177,0.621,49.32
178,0.621,32.16
179,0.538,34.67
180,0.538,44.8
181,0.538,46.5
182,0.538,44.72
183,0.697,4.96
184,0.68,39.65
185,0.666,34.51
186,0.647,41.62
187,0.809,11.36
188,0.806,29.71
189,0.808,0.09
190,0.811,12.04
191,0.712,41.45
192,0.712,11.64
193,0.711,24.83
194,0.715,34.22
195,0.712,2.38
196,0.715,15.2
197,0.715,0.0
198,0.672,0.0
199,0.715,0.0
200,0.715,0.0
201,0.639,0.28
202,0.639,9.74
203,0.66,0.0
204,0.639,0.0
205,0.639,6.28
206,0.667,38.5
207,0.664,42.3
208,0.659,29.58
209,0.65,42.91
210,0.765,38.46
211,0.765,39.94
212,0.765,40.63
213,0.765,42.66
214,0.713,43.95
215,0.713,23.89
216,0.713,43.28
217,0.713,36.43
218,0.75,29.79
219,0.658,46.08
220,0.706,34.89
221,0.702,39.97
222,0.796,37.77
223,0.796,35.45
224,0.796,15.64
225,0.796,27.59
226,0.783,39.09
227,0.783,39.59
228,0.783,37.03
229,0.783,41.69
230,0.685,45.5
231,0.685,40.99
232,0.685,44.17
233,0.685,43.96
234,0.636,39.33
235,0.636,38.45
236,0.62,0.0
237,0.636,5.09
238,0.636,32.77
239,0.66,0.0
240,0.66,2.09
241,0.639,1.88
242,0.66,2.43
243,0.66,0.0
244,0.672,0.0
245,0.672,0.0
246,0.672,0.0
247,0.672,0.0
248,0.672,0.0
249,0.672,0.0
250,0.672,0.0
251,0.672,0.0
252,0.66,0.0
253,0.66,0.0
254,0.66,0.0
255,0.66,1.26
256,0.62,0.0
257,0.636,41.62
258,0.62,0.45
259,0.62,0.0
260,0.62,0.04
261,0.784,45.13
262,0.784,38.26
263,0.669,17.91
264,0.784,41.3
265,0.784,43.1
266,0.747,27.41
267,0.745,30.87
268,0.8,23.57
269,0.784,31.86
270,0.645,21.53
271,0.634,30.44
272,0.656,0.62
273,0.654,13.97
274,0.659,0.54
275,0.659,12.29
276,0.659,0.0
277,0.659,0.0
278,0.69,1.12
279,0.69,0.0
280,0.69,0.0
281,0.69,0.0
282,0.731,0.0
283,0.731,1.53
284,0.589,18.42
285,0.731,3.83
286,0.731,28.57
287,0.578,43.5
288,0.557,41.09
289,0.734,8.33
290,0.658,34.51
291,0.658,36.03
292,0.734,4.13
293,0.734,27.92
294,0.658,36.92
295,0.734,5.39
296,0.734,11.51
297,0.718,5.54
298,0.783,32.06
299,0.789,23.72
300,0.816,47.17
301,0.828,45.88
302,0.828,47.52
303,0.828,23.7
304,0.828,47.98
305,0.816,21.0
306,0.816,7.45
307,0.816,5.64
308,0.816,0.85
309,0.791,0.0
310,0.791,0.0
311,0.791,0.02
312,0.791,0.0
313,0.829,0.0
314,0.829,27.09
315,0.829,0.0
316,0.829,3.39
317,0.826,0.0
318,0.826,0.0
319,0.826,0.0
320,0.826,0.62
321,0.766,1.39
322,0.766,0.96
323,0.766,6.37
324,0.766,36.79
325,0.826,37.41
326,0.692,23.71
327,0.781,24.49
328,0.69,1.86
329,0.826,0.0
330,0.826,12.57
331,0.826,0.0
332,0.826,11.12
333,0.694,44.0
334,0.733,45.36
335,0.699,45.21
336,0.72,44.42
337,0.769,6.17
338,0.713,4.78
339,0.77,37.68
340,0.715,15.34
341,0.806,16.52
342,0.806,1.75
343,0.806,37.97
344,0.806,21.31
345,0.795,37.13
346,0.853,43.97
347,0.853,46.23
348,0.786,40.6
349,0.786,48.9
350,0.875,47.5
351,0.797,26.95
352,0.783,43.61
353,0.734,48.0
354,0.782,24.41
355,0.741,32.88
356,0.771,26.64
357,0.812,14.84
358,0.809,29.45
359,0.84,36.53
360,0.779,43.3
361,0.728,25.51
362,0.728,11.28
363,0.816,46.72
364,0.735,47.82
365,0.66,47.64
366,0.66,52.0
367,0.66,47.22
368,0.66,51.07
369,0.777,40.84
370,0.777,47.28
371,0.777,47.04
372,0.777,45.05
373,0.701,44.38
374,0.701,25.45
375,0.823,47.66
376,0.834,41.33
377,0.826,1.31
378,0.826,6.96
379,0.826,5.76
380,0.826,1.4
381,0.805,38.4
382,0.805,39.66
383,0.805,45.74
384,0.805,40.0
385,0.881,43.63
386,0.881,50.33
387,0.87,39.41
388,0.87,12.13
389,0.828,24.97
390,0.828,26.95
391,0.833,29.68
392,0.833,29.31
393,0.83,25.96
394,0.831,31.56
395,0.826,42.65
396,0.826,39.68
397,0.826,34.37
398,0.826,10.08
399,0.871,47.42
400,0.932,43.73
401,0.821,15.04
402,0.837,47.34
403,0.687,47.1
404,0.686,47.35
405,0.82,44.22
406,0.82,16.0
407,0.793,39.39
408,0.793,33.47
409,0.793,9.01
410,0.793,6.74
411,0.838,31.15
412,0.838,17.47
413,0.838,36.83
414,0.838,43.51
415,0.856,4.42
416,0.856,3.67
417,0.869,19.07
418,0.869,20.49
419,0.822,46.35
420,0.822,39.35
421,0.822,45.37
422,0.822,45.4
423,0.755,40.8
424,0.755,43.52
425,0.675,30.61
426,0.675,49.86
427,0.799,47.56
428,0.799,46.97
429,0.799,28.68
430,0.799,32.3
431,0.544,0.22
432,0.544,40.1
433,0.555,13.52
434,0.528,33.54
435,0.525,42.03
436,0.545,38.12
437,0.491,40.72
438,0.53,40.34
439,0.584,28.85
440,0.78,37.23
441,0.588,33.49
442,0.787,44.24
443,0.779,19.19
444,0.779,6.44
445,0.779,13.91
446,0.779,17.66
447,0.623,10.97
448,0.632,9.28
449,0.691,37.59
450,0.635,7.66
451,0.611,44.75
452,0.71,34.18
453,0.583,47.93
454,0.626,29.02
455,0.727,27.96
456,0.641,40.87
457,0.639,45.06
458,0.454,36.32
459,0.669,17.76
460,0.669,19.77
461,0.669,23.44
462,0.669,26.12
463,0.559,44.83
464,0.683,42.97
465,0.486,12.48
466,0.488,32.04
467,0.358,29.81
468,0.489,36.45
469,0.191,39.46
470,0.388,45.48
471,0.336,12.44
472,0.223,14.98
473,0.274,17.13
474,0.531,0.0
475,0.531,9.05
476,0.277,40.64
477,0.236,35.11
478,0.377,35.39
479,0.239,39.8
480,0.468,14.65
481,0.581,44.84
482,0.482,42.67
483,0.333,34.31
484,0.598,38.64
485,0.598,41.1
486,0.598,32.59
487,0.598,41.26
488,0.629,51.87
489,0.629,48.2
490,0.629,49.26
491,0.629,48.05
492,0.657,44.75
493,0.668,27.87
494,0.716,47.61
495,0.597,15.92
496,0.63,45.95
497,0.63,37.07
498,0.63,43.53
499,0.63,40.73
500,0.451,49.75
501,0.451,38.33
502,0.451,47.83
503,0.451,47.78
504,0.433,29.4
505,0.506,36.52
506,0.403,32.04
507,0.533,41.77
508,0.595,48.76
509,0.353,19.17
510,0.697,42.83
511,0.319,39.12
512,0.5,41.18
513,0.511,46.63
514,0.606,33.95
515,0.606,8.09
516,0.616,8.82
517,0.618,20.19
518,0.639,44.75
519,0.491,43.37
520,0.53,48.3
521,0.479,43.44
522,0.516,54.12
523,0.701,44.85
524,0.626,48.88
525,0.597,43.63
526,0.694,38.82
527,0.747,38.53
528,0.601,43.07
529,0.601,40.75
530,0.601,44.2
531,0.601,37.9
532,0.591,40.55
533,0.591,33.64
534,0.591,30.42
535,0.591,40.68
536,0.709,42.97
537,0.695,42.77
538,0.62,45.69
539,0.664,34.89
540,0.699,32.88
541,0.699,30.15
542,0.699,41.13
543,0.699,23.3
544,0.7,43.66
545,0.7,27.94
546,0.7,42.99
547,0.7,24.38
548,0.63,46.6
549,0.63,44.54
550,0.63,49.09
551,0.63,42.48
552,0.576,41.06
553,0.598,35.64
554,0.577,9.36
555,0.614,28.43
556,0.545,46.27
557,0.591,44.94
558,0.601,31.27
559,0.593,41.55
560,0.679,50.88
561,0.605,39.11
562,0.679,41.28
563,0.557,28.39
564,0.591,47.57
565,0.591,35.32
566,0.591,38.26
567,0.591,41.67
568,0.683,5.13
569,0.45,3.95
570,0.45,4.23
571,0.467,36.58
572,0.45,27.83
573,0.435,48.54
574,0.578,44.49
575,0.622,41.85
576,0.595,33.77
577,0.64,51.58
578,0.565,0.0
579,0.565,11.37
580,0.565,0.34
581,0.565,24.5
582,0.452,47.3
583,0.427,13.08
584,0.589,47.44
585,0.479,37.48
586,0.621,45.15
587,0.696,51.96
588,0.718,41.65
589,0.597,48.71
590,0.611,45.85
591,0.598,11.73
592,0.717,47.31
593,0.732,29.12
594,0.67,42.29
595,0.84,44.58
596,0.713,47.75
597,0.827,49.51
598,0.632,47.47
599,0.632,45.63
600,0.67,44.37
601,0.666,40.76
602,0.674,46.2
603,0.537,43.23
604,0.611,43.9
605,0.541,43.4
606,0.718,7.18
607,0.744,16.56
608,0.591,42.46
609,0.478,40.44
610,0.661,38.83
611,0.679,43.61
612,0.586,39.95
613,0.441,25.06
614,0.513,21.91
615,0.618,18.01
616,0.405,32.13
617,0.473,41.63
618,0.532,38.32
619,0.656,42.96
620,0.518,29.52
621,0.62,48.15
622,0.567,37.13
623,0.69,35.39
624,0.692,39.01
625,0.661,38.36
626,0.622,43.13
627,0.634,46.93
628,0.595,42.31
629,0.608,26.71
630,0.803,41.03
631,0.439,43.65
632,0.733,19.75
633,0.716,17.15
634,0.601,20.25
635,0.692,22.83
636,0.667,49.9
637,0.693,19.3
638,0.741,41.29
639,0.724,17.56
640,0.605,44.97
641,0.703,40.62
642,0.583,41.35
643,0.513,41.81
644,0.52,26.37
645,0.621,23.29
646,0.501,24.23
647,0.516,32.72
648,0.568,37.46
649,0.581,48.11
650,0.678,10.49
651,0.965,19.6
652,0.558,48.39
653,0.666,40.83
654,0.698,42.67
655,0.74,42.67
656,0.691,49.59
657,0.687,9.2
658,0.75,45.31
659,0.769,13.58
660,0.9,14.25
661,0.9,4.32
662,0.9,0.23
663,0.9,0.0
664,0.868,1.51
665,0.868,22.92
666,0.895,15.0
667,0.814,0.0
668,0.661,10.05
669,0.9,5.75
670,0.664,35.6
671,0.865,31.63
672,0.614,39.47
673,0.6,41.12
674,0.604,51.07
675,0.49,29.15
676,0.588,44.53
677,0.6,15.9
678,0.673,28.18
679,0.725,12.02
680,0.569,26.49
681,0.595,42.43
682,0.41,19.3
683,0.639,43.36
684,0.514,16.79
685,0.422,39.09
686,0.474,33.84
687,0.461,41.97
688,0.516,0.44
689,0.72,11.31
690,0.804,27.38
691,0.813,45.35
692,0.817,30.62
693,0.805,39.08
694,0.77,22.69
695,0.508,6.66
696,0.661,0.09
697,0.838,8.39
698,0.855,0.0
699,0.838,0.0
700,0.766,0.0
701,0.855,0.0
702,0.766,5.54
703,0.766,0.0
704,0.766,0.0
705,0.766,0.0
706,0.766,0.0
707,0.766,0.31
708,0.766,0.0
709,0.766,0.0
710,0.766,0.0
711,0.855,0.0
712,0.766,10.77
713,0.855,0.0
714,0.766,0.0
715,0.87,9.28
716,0.855,0.0
717,0.855,0.0
718,0.812,0.0
719,0.812,10.45
720,0.812,0.03
721,0.777,34.6
722,0.689,29.7
723,0.805,36.04
724,0.766,38.66
725,0.766,43.74
726,0.877,48.52
727,0.877,11.52
728,0.877,0.2
729,0.876,0.05
730,0.876,0.0
731,0.888,0.34
732,0.864,0.0
733,0.864,0.0
734,0.864,0.0
735,0.809,0.0
736,0.809,0.0
737,0.809,0.0
738,0.839,0.13
739,0.839,1.61
740,0.829,47.96
741,0.829,0.47
742,0.829,44.17
743,0.829,0.04
744,0.811,47.39
745,0.811,18.87
746,0.811,50.5
747,0.811,43.63
748,0.892,55.18
749,0.658,47.82
750,0.7,45.65
751,0.701,48.4
752,0.673,31.5
753,0.762,40.56
754,0.784,37.14
755,0.702,46.79
756,0.789,9.57
757,0.684,45.63
758,0.683,45.5
759,0.707,19.56
760,0.683,38.3
761,0.68,35.3
762,0.678,16.79
763,0.687,8.11
764,0.758,15.64
765,0.742,12.1
766,0.787,40.32
767,0.767,43.46
768,0.788,47.34
769,0.787,43.89
770,0.793,41.62
771,0.797,34.12
772,0.803,39.44
773,0.789,43.8
774,0.789,49.35
775,0.789,52.79
776,0.789,51.86
777,0.635,43.76
778,0.673,39.46
779,0.64,45.06
780,0.679,48.58
781,0.694,36.9
782,0.637,43.86
783,0.644,40.02
784,0.591,40.14
785,0.732,10.38
786,0.732,3.82
787,0.64,37.43
788,0.636,27.67
789,0.559,36.67
790,0.558,7.9
791,0.453,40.58
792,0.535,39.88
793,0.597,47.77
794,0.723,30.82
795,0.456,42.73
796,0.481,32.23
797,0.377,45.15
798,0.385,47.33
799,0.56,21.64
800,0.536,46.76
801,0.487,44.54
802,0.608,48.22
803,0.625,43.64
804,0.531,46.25
805,0.6,55.3
806,0.536,39.58
807,0.433,32.34
808,0.534,28.82
809,0.565,34.59
810,0.646,47.6
811,0.564,49.5
812,0.648,39.47
813,0.749,45.08
814,0.749,33.27
815,0.749,48.15
816,0.749,39.3
817,0.846,16.65
818,0.828,19.41
819,0.876,20.47
820,0.877,44.24
821,0.792,46.81
822,0.792,40.5
823,0.786,47.66
824,0.799,45.71
825,0.723,45.77
826,0.858,42.99
827,0.726,48.6
828,0.733,47.47
829,0.742,42.59
830,0.743,46.59
831,0.57,41.69
832,0.522,43.97
833,0.616,48.27
834,0.69,37.88
835,0.652,54.08
836,0.374,41.74
837,0.468,16.04
838,0.468,47.87
839,0.51,23.62
840,0.578,53.75
841,0.489,19.19
842,0.531,39.65
843,0.507,42.54
844,0.546,40.14
845,0.456,40.17
846,0.381,41.92
847,0.462,50.35
848,0.446,48.57
849,0.235,47.21
850,0.48,45.85
851,0.659,35.26
852,0.662,38.57
853,0.638,30.79
854,0.677,43.89
855,0.778,47.53
856,0.778,47.41
857,0.778,47.5
858,0.778,47.44
859,0.749,47.74
860,0.749,44.29
861,0.749,47.65
862,0.749,33.14
863,0.764,44.01
864,0.842,46.32
865,0.69,16.38
866,0.725,44.23
867,0.699,22.84
868,0.741,42.07
869,0.745,41.37
870,0.745,41.35
871,0.665,40.82
872,0.814,37.46
873,0.703,34.69
874,0.696,29.29
875,0.779,46.47
876,0.76,27.1
877,0.696,36.39
878,0.678,32.44
879,0.726,47.15
880,0.738,39.01
881,0.583,42.12
882,0.614,22.66
883,0.423,51.38
884,0.565,40.41
885,0.543,41.83
886,0.623,40.82
887,0.322,51.15
888,0.395,38.79
889,0.383,49.22
890,0.496,45.51
891,0.32,28.13
892,0.435,45.26
893,0.316,22.16
894,0.382,45.45
895,0.496,42.76
896,0.582,35.33
897,0.533,19.21
898,0.533,3.66
899,0.409,44.21
900,0.571,34.24
901,0.452,41.06
902,0.431,39.47
903,0.304,19.64
904,0.367,44.81
905,0.335,40.92
906,0.33,26.12
907,0.359,6.86
908,0.285,2.3
909,0.285,11.54
910,0.285,12.07
911,0.322,39.32
912,0.423,41.75
913,0.293,28.82
914,0.461,21.25
915,0.246,42.37
916,0.349,50.82
917,0.319,39.72
918,0.495,44.65
919,0.297,55.75
920,0.421,51.89
921,0.319,55.14
922,0.477,46.55
923,0.251,48.58
924,0.322,44.19
925,0.267,46.54
926,0.291,42.86
927,0.282,19.57
928,0.213,3.47
929,0.213,36.86
930,0.293,15.61
931,0.231,44.06
932,0.274,5.85
933,0.274,43.82
934,0.257,46.7
935,0.382,47.17
936,0.332,46.87
937,0.433,39.95
938,0.512,50.03
939,0.463,39.34
940,0.462,27.65
941,0.422,25.98
942,0.99,0.0
943,0.99,0.0
944,0.99,0.65
945,0.83,48.91
946,0.742,45.45
947,0.826,1.87
948,0.826,0.0
949,0.826,0.0
950,0.826,0.0
951,0.824,1.15
952,0.824,0.0
953,0.824,0.0
954,0.714,43.32
955,0.672,34.89
956,0.731,40.52
957,0.658,49.89
958,0.694,38.35
959,0.696,47.64
960,0.783,22.81
961,0.788,25.15
962,0.694,31.81
963,0.681,35.04
964,0.673,25.93
965,0.74,4.65
966,0.708,41.0
967,0.666,43.13
968,0.805,29.92
969,0.691,44.53
970,0.649,46.88
971,0.518,16.38
972,0.518,33.22
973,0.419,24.44
974,0.485,40.57
975,0.612,39.65
976,0.471,37.7
977,0.633,44.22
978,0.392,31.56
979,0.664,26.65
980,0.366,6.23
981,0.349,42.57
982,0.364,15.65
983,0.342,46.9
984,0.555,37.51
985,0.555,25.59
986,0.555,31.79
987,0.555,9.71
988,0.695,16.91
989,0.695,26.17
990,0.695,3.04
991,0.695,36.33
992,0.821,20.32
993,0.821,1.25
994,0.821,40.43
995,0.821,1.55
996,0.821,15.26
997,0.821,0.0
998,0.821,22.14
999,0.821,0.0
1000,0.758,0.0
1001,0.758,0.0
1002,0.758,0.0
1003,0.758,0.0
1004,0.758,9.58
1005,0.758,13.93
1006,0.758,0.0
1007,0.758,0.0
1008,0.758,0.0
1009,0.758,0.01
1010,0.758,0.25
1011,0.758,0.0
1012,0.758,0.0
1013,0.758,0.0
1014,0.758,0.03
1015,0.758,0.02
1016,0.821,0.0
1017,0.821,0.0
1018,0.821,0.0
1019,0.821,0.02
1020,0.821,12.94
1021,0.821,0.0
1022,0.821,0.04
1023,0.821,0.0
1024,0.693,2.48
1025,0.693,16.52
1026,0.693,1.04
1027,0.693,9.75
1028,0.555,22.15
1029,0.555,28.65
1030,0.555,6.36
1031,0.555,28.51
1032,0.753,0.0
1033,0.753,1.16
1034,0.753,0.0
1035,0.753,2.9
1036,0.753,4.29
1037,0.753,5.96
1038,0.753,5.27
1039,0.753,1.03
1040,0.824,14.41
1041,0.824,4.86
1042,0.824,2.96
1043,0.824,30.96
1044,0.813,6.72
1045,0.813,15.68
1046,0.813,7.47
1047,0.813,17.94
1048,0.718,32.42
1049,0.718,33.15
1050,0.718,4.87
1051,0.718,36.87
1052,0.718,0.0
1053,0.718,0.0
1054,0.718,0.0
1055,0.718,0.0
1056,0.718,0.03
1057,0.718,0.0
1058,0.718,17.43
1059,0.718,0.0
1060,0.718,13.85
1061,0.718,23.03
1062,0.718,0.82
1063,0.718,24.57
1064,0.82,3.11
1065,0.82,24.13
1066,0.82,4.25
1067,0.82,4.15
1068,0.821,24.42
1069,0.821,17.19
1070,0.821,7.16
1071,0.821,4.78
1072,0.823,1.22
1073,0.823,1.14
1074,0.823,28.62
1075,0.823,36.29
1076,0.819,0.0
1077,0.819,0.0
1078,0.819,33.65
1079,0.819,37.4
1080,0.842,14.97
1081,0.905,9.24
1082,0.792,21.59
1083,0.894,17.39
1084,0.856,15.59
1085,0.856,18.59
1086,0.856,33.7
1087,0.856,15.32
1088,0.784,10.01
1089,0.784,0.0
1090,0.784,25.91
1091,0.784,28.87
1092,0.827,5.03
1093,0.827,1.54
1094,0.827,19.24
1095,0.827,3.33
1096,0.861,0.0
1097,0.861,32.51
1098,0.861,0.0
1099,0.861,0.0
1100,0.861,0.04
1101,0.861,2.76
1102,0.861,0.0
1103,0.861,0.0
1104,0.833,0.0
1105,0.833,0.0
1106,0.833,0.0
1107,0.833,0.01
1108,0.833,0.0
1109,0.833,0.0
1110,0.833,0.0
1111,0.833,0.0
1112,0.832,26.31
1113,0.832,15.79
1114,0.832,15.77
1115,0.832,16.48
1116,0.782,1.5
1117,0.782,24.88
1118,0.782,0.04
1119,0.782,12.32
1120,0.773,31.02
1121,0.773,22.62
1122,0.773,33.43
1123,0.773,25.75
1124,0.755,24.96
1125,0.755,25.24
1126,0.755,34.82
1127,0.755,39.23
1128,0.805,1.26
1129,0.805,0.14
1130,0.805,0.0
1131,0.805,0.29
1132,0.805,1.78
1133,0.805,0.0
1134,0.805,0.0
1135,0.805,0.32
1136,0.844,0.0
1137,0.844,1.11
1138,0.844,37.25
1139,0.844,15.71
1140,0.811,0.0
1141,0.811,34.67
1142,0.811,2.71
1143,0.811,2.19
1144,0.856,42.52
1145,0.856,32.13
1146,0.856,30.48
1147,0.856,27.89
1148,0.749,35.95
1149,0.749,32.1
1150,0.749,1.65
1151,0.749,37.68
1152,0.725,2.7
1153,0.725,8.62
1154,0.725,7.19
1155,0.725,0.17
1156,0.879,15.12
1157,0.879,17.83
1158,0.879,21.15
1159,0.879,44.28
1160,0.812,0.0
1161,0.812,0.0
1162,0.812,0.0
1163,0.812,1.02
1164,0.852,9.38
1165,0.852,0.0
1166,0.852,0.0
1167,0.852,0.0
1168,0.805,18.83
1169,0.805,28.02
1170,0.805,0.0
1171,0.805,0.0
1172,0.805,4.3
1173,0.805,0.0
1174,0.805,6.52
1175,0.805,0.0
1176,0.798,11.18
1177,0.798,3.47
1178,0.798,4.8
1179,0.798,0.06
1180,0.807,0.0
1181,0.807,0.52
1182,0.807,0.0
1183,0.807,1.33
1184,0.818,0.0
1185,0.818,0.0
1186,0.818,0.0
1187,0.818,0.0
1188,0.793,0.0
1189,0.793,5.1
1190,0.793,0.0
1191,0.793,10.06
1192,0.875,21.01
1193,0.72,18.07
1194,0.81,7.92
1195,0.889,32.25
1196,0.823,19.24
1197,0.823,0.0
1198,0.823,13.54
1199,0.823,13.22
1200,0.824,19.09
1201,0.802,4.39
1202,0.805,36.18
1203,0.806,28.35
1204,0.827,18.71
1205,0.889,33.95
1206,0.839,40.28
1207,0.889,37.75
1208,0.847,15.33
1209,0.847,21.1
1210,0.847,14.78
1211,0.847,24.47
1212,0.702,0.08
1213,0.702,0.0
1214,0.702,0.03
1215,0.702,0.0
1216,0.712,15.99
1217,0.712,21.95
1218,0.712,3.92
1219,0.712,9.96
1220,0.813,0.0
1221,0.813,0.0
1222,0.813,4.15
1223,0.813,0.0
1224,0.812,12.36
1225,0.812,32.71
1226,0.812,32.27
1227,0.812,26.92
1228,0.812,1.47
1229,0.812,1.62
1230,0.812,0.72
1231,0.812,0.73
1232,0.847,0.0
1233,0.847,0.0
1234,0.847,0.0
1235,0.847,0.0
1236,0.847,7.82
1237,0.847,22.45
1238,0.847,0.0
1239,0.847,0.0
1240,0.88,29.45
1241,0.88,7.85
1242,0.88,32.99
1243,0.88,0.56
1244,0.88,28.8
1245,0.88,24.59
1246,0.88,0.06
1247,0.88,6.21
1248,0.88,0.0
1249,0.88,8.73
1250,0.88,0.0
1251,0.88,0.0
1252,0.88,28.47
1253,0.88,13.63
1254,0.88,19.46
1255,0.88,0.12
1256,0.847,1.36
1257,0.847,1.55
1258,0.847,6.85
1259,0.847,24.82
1260,0.847,0.0
1261,0.847,0.0
1262,0.847,0.0
1263,0.847,0.0
1264,0.812,0.0
1265,0.812,7.24
1266,0.812,0.0
1267,0.812,0.0
1268,0.812,11.87
1269,0.812,23.28
1270,0.812,0.0
1271,0.812,4.03
1272,0.827,0.21
1273,0.827,29.37
1274,0.827,11.54
1275,0.827,24.72
1276,0.827,24.61
1277,0.827,2.23
1278,0.827,29.04
1279,0.827,0.75
1280,0.827,17.42
1281,0.827,21.0
1282,0.827,28.64
1283,0.827,37.67
1284,0.827,0.0
1285,0.827,0.0
1286,0.827,0.0
1287,0.827,0.0
1288,0.792,0.0
1289,0.792,0.0
1290,0.792,0.0
1291,0.792,0.0
1292,0.792,0.09
1293,0.792,0.08
1294,0.792,0.0
1295,0.792,0.0
1296,0.792,0.0
1297,0.792,0.0
1298,0.792,0.12
1299,0.792,0.0
1300,0.792,0.0
1301,0.792,4.81
1302,0.792,23.76
1303,0.792,5.27
1304,0.851,5.02
1305,0.851,0.0
1306,0.851,8.78
1307,0.851,0.0
1308,0.851,0.0
1309,0.851,1.82
1310,0.851,0.0
1311,0.851,10.26
1312,0.851,7.47
1313,0.851,23.36
1314,0.851,0.0
1315,0.851,0.0
1316,0.851,0.0
1317,0.851,3.38
1318,0.851,0.0
1319,0.851,0.0
1320,0.816,0.65
1321,0.816,9.61
1322,0.816,0.0
1323,0.816,13.59
1324,0.816,23.09
1325,0.816,38.44
1326,0.816,32.27
1327,0.816,33.85
1328,0.825,27.7
1329,0.825,10.29
1330,0.825,35.38
1331,0.825,20.67
1332,0.78,1.81
1333,0.78,0.0
1334,0.78,10.34
1335,0.78,0.0
1336,0.804,0.0
1337,0.804,6.51
1338,0.804,0.32
1339,0.804,20.95
1340,0.804,0.0
1341,0.804,29.99
1342,0.804,26.16
1343,0.804,25.05
1344,0.804,13.28
1345,0.804,17.89
1346,0.804,0.0
1347,0.804,5.39
1348,0.804,8.83
1349,0.804,0.91
1350,0.804,1.82
1351,0.804,0.0
1352,0.784,23.63
1353,0.784,2.0
1354,0.784,21.66
1355,0.784,22.76
1356,0.846,28.75
1357,0.848,18.91
1358,0.845,28.61
1359,0.848,7.76
1360,0.816,10.88
1361,0.816,29.4
1362,0.816,1.39
1363,0.816,2.08
1364,0.816,0.0
1365,0.816,0.84
1366,0.816,0.76
1367,0.816,2.53
1368,0.801,23.35
1369,0.801,30.73
1370,0.801,25.99
1371,0.801,32.11
1372,0.795,36.39
1373,0.795,31.89
1374,0.795,25.36
1375,0.795,22.31
1376,0.816,31.81
1377,0.816,17.52
1378,0.816,28.52
1379,0.816,19.99
1380,0.78,19.47
1381,0.78,16.03
1382,0.78,11.45
1383,0.78,1.65
1384,0.792,2.22
1385,0.792,5.25
1386,0.792,13.73
1387,0.792,13.52
1388,0.792,6.48
1389,0.792,0.01
1390,0.792,0.01
1391,0.792,0.02
1392,0.792,0.01
1393,0.792,0.0
1394,0.792,0.0
1395,0.792,2.72
1396,0.792,0.72
1397,0.792,4.66
1398,0.792,5.37
1399,0.792,25.3
1400,0.863,6.71
1401,0.863,0.0
1402,0.863,7.69
1403,0.863,0.37
1404,0.844,22.38
1405,0.844,18.44
1406,0.844,18.91
1407,0.844,25.31
1408,0.868,30.07
1409,0.868,21.45
1410,0.868,43.29
1411,0.868,25.61
1412,0.917,28.9
1413,0.917,34.81
1414,0.917,12.88
1415,0.917,34.55
1416,0.868,34.08
1417,0.868,22.75
1418,0.868,20.72
1419,0.868,18.59
1420,0.868,31.64
1421,0.868,17.52
1422,0.868,21.01
1423,0.868,36.17
1424,0.837,37.19
1425,0.837,21.51
1426,0.837,22.21
1427,0.837,28.75
1428,0.837,0.0
1429,0.837,1.06
1430,0.837,0.0
1431,0.837,2.0
1432,0.779,23.19
1433,0.779,10.64
1434,0.779,30.96
1435,0.779,16.46
1436,0.779,0.01
1437,0.779,0.0
1438,0.779,18.54
1439,0.779,23.18
1440,0.779,10.61
1441,0.779,25.31
1442,0.779,30.16
1443,0.779,13.39
1444,0.779,28.01
1445,0.779,23.01
1446,0.779,36.76
1447,0.779,18.42
1448,0.837,0.32
1449,0.837,1.64
1450,0.837,0.09
1451,0.837,0.0
1452,0.837,35.14
1453,0.837,29.97
1454,0.837,23.36
1455,0.837,11.45
1456,0.868,34.6
1457,0.868,30.8
1458,0.868,15.29
1459,0.868,31.43
1460,0.868,3.1
1461,0.868,29.69
1462,0.868,0.9
1463,0.868,2.6
1464,0.736,4.31
1465,0.736,7.31
1466,0.736,4.89
1467,0.736,22.47
1468,0.674,16.8
1469,0.674,8.41
1470,0.674,29.25
1471,0.674,3.3
1472,0.928,1.53
1473,0.928,2.13
1474,0.928,9.59
1475,0.928,9.9
1476,0.857,12.98
1477,0.857,25.46
1478,0.857,5.87
1479,0.857,2.78
1480,0.778,1.06
1481,0.778,0.0
1482,0.778,0.0
1483,0.778,0.0
1484,0.778,0.0
1485,0.778,0.0
1486,0.778,0.0
1487,0.778,0.0
1488,0.778,2.06
1489,0.778,0.0
1490,0.778,0.43
1491,0.778,0.0
1492,0.778,0.5
1493,0.778,0.0
1494,0.778,21.76
1495,0.778,13.88
1496,0.875,5.26
1497,0.875,6.32
1498,0.875,14.94
1499,0.875,31.36
1500,0.838,38.75
1501,0.838,12.07
1502,0.838,28.99
1503,0.838,16.99
1504,0.856,27.99
1505,0.856,20.84
1506,0.856,17.12
1507,0.856,37.79
1508,0.853,31.37
1509,0.853,14.49
1510,0.833,22.16
1511,0.853,14.38
1512,0.833,0.03
1513,0.833,0.01
1514,0.833,0.0
1515,0.833,1.99
1516,0.832,11.02
1517,0.832,32.8
1518,0.788,0.0
1519,0.832,0.03
1520,0.83,3.67
1521,0.83,7.49
1522,0.83,0.0
1523,0.83,1.97
1524,0.816,6.76
1525,0.816,21.52
1526,0.816,5.56
1527,0.816,16.9
1528,0.889,39.98
1529,0.805,43.8
1530,0.911,24.55
1531,0.911,31.91
1532,0.78,37.39
1533,0.855,7.08
1534,0.911,12.72
1535,0.858,9.11
1536,0.888,0.0
1537,0.888,13.24
1538,0.888,28.93
1539,0.888,25.77
1540,0.888,0.96
1541,0.888,12.47
1542,0.888,0.34
1543,0.888,2.75
1544,0.853,6.0
1545,0.853,4.19
1546,0.853,5.4
1547,0.853,0.0
1548,0.757,10.79
1549,0.757,1.74
1550,0.775,0.01
1551,0.788,4.18
1552,0.788,0.02
1553,0.788,1.38
1554,0.788,0.01
1555,0.795,9.23
1556,0.795,26.95
1557,0.795,14.02
1558,0.795,4.42
1559,0.709,4.55
1560,0.709,0.21
1561,0.709,12.85
1562,0.709,3.8
1563,0.769,14.99
1564,0.769,24.24
1565,0.769,27.39
1566,0.769,26.48
1567,0.775,0.85
1568,0.775,0.0
1569,0.757,17.73
1570,0.775,10.5
1571,0.775,0.02
1572,0.823,22.17
1573,0.823,7.5
1574,0.711,0.05
1575,0.823,10.73
1576,0.826,2.33
1577,0.826,19.76
1578,0.826,0.63
1579,0.826,1.04
1580,0.872,4.44
1581,0.872,9.88
1582,0.872,19.56
1583,0.872,24.17
1584,0.81,11.06
1585,0.818,26.17
1586,0.81,32.59
1587,0.81,10.27
1588,0.81,0.0
1589,0.81,0.0
1590,0.711,0.0
1591,0.81,1.74
1592,0.711,7.91
1593,0.711,0.03
1594,0.711,8.21
1595,0.711,0.0
1596,0.659,35.48
1597,0.659,17.59
1598,0.659,30.86
1599,0.659,3.97
1600,0.632,7.23
1601,0.632,41.21
1602,0.632,28.09
1603,0.632,4.03
1604,0.706,17.63
1605,0.706,30.93
1606,0.706,9.27
1607,0.706,17.53
1608,0.647,6.66
1609,0.647,0.21
1610,0.647,27.51
1611,0.647,17.18
1612,0.875,0.31
1613,0.875,0.86
1614,0.875,37.31
1615,0.875,44.24
1616,0.792,3.16
1617,0.792,19.74
1618,0.792,32.61
1619,0.792,23.84
1620,0.708,36.95
1621,0.708,17.66
1622,0.708,44.87
1623,0.708,36.43
1624,0.761,0.0
1625,0.761,0.0
1626,0.865,0.0
1627,0.761,25.39
1628,0.761,0.0
1629,0.865,0.0
1630,0.865,4.99
1631,0.865,0.0
1632,0.766,7.81
1633,0.865,0.93
1634,0.766,3.99
1635,0.766,19.81
1636,0.865,14.58
1637,0.766,26.23
1638,0.766,18.51
1639,0.759,31.9
1640,0.759,18.32
1641,0.759,25.24
1642,0.759,22.2
1643,0.724,43.35
1644,0.724,17.47
1645,0.724,17.25
1646,0.724,9.79
1647,0.679,31.68
1648,0.679,7.08
1649,0.679,28.92
1650,0.679,12.11
1651,0.781,31.91
1652,0.781,19.37
1653,0.781,29.54
1654,0.781,36.18
1655,0.803,39.88
1656,0.803,34.41
1657,0.803,37.89
1658,0.803,21.49
1659,0.804,2.29
1660,0.804,6.54
1661,0.804,0.0
1662,0.804,3.76
1663,0.797,26.83
1664,0.797,44.31
1665,0.797,4.07
1666,0.797,32.77
1667,0.693,41.61
1668,0.693,10.28
1669,0.693,25.12
1670,0.693,20.06
1671,0.727,17.13
1672,0.727,43.34
1673,0.727,5.19
1674,0.727,22.36
1675,0.817,11.78
1676,0.817,40.5
1677,0.817,22.6
1678,0.817,33.76
1679,0.795,36.93
1680,0.794,5.21
1681,0.794,27.86
1682,0.793,7.43
1683,0.783,22.33
1684,0.783,0.54
1685,0.783,37.8
1686,0.783,2.17
1687,0.862,14.95
1688,0.862,11.91
1689,0.862,4.15
1690,0.862,9.03
1691,0.879,2.67
1692,0.879,12.37
1693,0.879,0.0
1694,0.879,8.75
1695,0.767,34.5
1696,0.767,31.1
1697,0.767,35.36
1698,0.767,16.69
1699,0.808,9.65
1700,0.808,33.96
1701,0.808,17.61
1702,0.808,36.52
1703,0.781,2.38
1704,0.781,0.04
1705,0.781,5.66
1706,0.781,11.44
1707,0.776,16.19
1708,0.776,20.17
1709,0.776,6.46
1710,0.776,0.04
1711,0.811,21.03
1712,0.811,27.37
1713,0.811,0.0
1714,0.811,0.0
1715,0.831,18.92
1716,0.831,19.0
1717,0.831,17.94
1718,0.831,18.99
1719,0.87,0.0
1720,0.87,0.98
1721,0.87,0.0
1722,0.87,0.0
1723,0.789,0.49
1724,0.789,0.0
1725,0.789,2.03
1726,0.789,0.06
1727,0.827,26.44
1728,0.827,29.9
1729,0.827,7.67
1730,0.827,2.89
1731,0.748,14.55
1732,0.748,29.98
1733,0.748,27.9
1734,0.748,19.55
1735,0.741,4.52
1736,0.741,2.95
1737,0.741,13.59
1738,0.741,20.88
1739,0.871,0.0
1740,0.871,0.0
1741,0.871,0.0
1742,0.871,9.4
1743,0.871,5.18
1744,0.871,28.86
1745,0.871,1.08
1746,0.871,0.17
1747,0.813,4.68
1748,0.813,0.0
1749,0.813,0.58
1750,0.813,0.0
1751,0.792,15.05
1752,0.792,8.16
1753,0.792,35.9
1754,0.792,19.46
1755,0.724,0.42
1756,0.724,1.22
1757,0.724,0.0
1758,0.724,0.53
1759,0.728,12.33
1760,0.728,10.57
1761,0.728,2.55
1762,0.728,14.54
1763,0.796,9.32
1764,0.796,38.48
1765,0.796,28.34
1766,0.796,35.75
1767,0.829,2.85
1768,0.829,14.66
1769,0.829,44.78
1770,0.829,45.95
1771,0.79,49.97
1772,0.79,51.0
1773,0.79,37.91
1774,0.79,15.87
1775,0.79,24.11
1776,0.79,8.57
1777,0.79,4.54
1778,0.79,0.0
1779,0.818,38.32
1780,0.818,0.25
1781,0.818,6.69
1782,0.818,0.0
1783,0.755,7.55
1784,0.755,21.26
1785,0.755,37.73
1786,0.755,30.86
1787,0.863,9.6
1788,0.863,34.53
1789,0.863,27.46
1790,0.863,35.39
1791,0.88,36.38
1792,0.88,2.99
1793,0.88,13.89
1794,0.88,5.55
1795,0.812,39.7
1796,0.812,35.22
1797,0.812,31.27
1798,0.812,27.85
1799,0.826,42.19
1800,0.826,42.8
1801,0.826,27.31
1802,0.826,39.89
1803,0.847,0.0
1804,0.847,0.0
1805,0.847,0.0
1806,0.847,0.0
1807,0.847,0.0
1808,0.847,0.27
1809,0.847,2.31
1810,0.847,1.85
1811,0.847,1.43
1812,0.847,0.0
1813,0.847,0.0
1814,0.899,0.13
1815,0.899,0.0
1816,0.899,3.02
1817,0.899,2.13
1818,0.899,0.0
1819,0.899,3.05
1820,0.899,21.17
1821,0.899,10.39
1822,0.847,0.28
1823,0.847,0.0
1824,0.847,6.69
1825,0.847,24.63
1826,0.847,0.0
1827,0.847,0.0
1828,0.847,0.0
1829,0.847,0.0
1830,0.847,0.0
1831,0.847,0.0
1832,0.847,0.0
1833,0.847,0.0
1834,0.847,0.0
1835,0.847,0.0
1836,0.847,0.0
1837,0.847,0.0
1838,0.773,0.0
1839,0.773,0.0
1840,0.773,0.0
1841,0.773,0.0
1842,0.773,0.0
1843,0.773,2.91
1844,0.773,0.0
1845,0.773,0.0
1846,0.806,8.9
1847,0.806,0.54
1848,0.806,0.0
1849,0.806,7.81
1850,0.806,22.97
1851,0.806,13.22
1852,0.806,25.89
1853,0.806,27.18
1854,0.877,24.56
1855,0.877,18.28
1856,0.877,30.88
1857,0.877,20.79
1858,0.877,9.5
1859,0.877,0.0
1860,0.877,15.64
1861,0.877,13.74
1862,0.877,8.29
1863,0.877,21.62
1864,0.877,0.04
1865,0.877,0.05
1866,0.877,12.84
1867,0.877,17.04
1868,0.877,1.46
1869,0.877,3.31
1870,0.806,2.81
1871,0.806,12.33
1872,0.806,0.0
1873,0.806,0.0
1874,0.806,0.0
1875,0.806,0.64
1876,0.806,2.0
1877,0.806,0.0
1878,0.773,11.22
1879,0.773,0.0
1880,0.773,0.63
1881,0.773,0.0
1882,0.773,0.0
1883,0.773,0.0
1884,0.773,0.0
1885,0.773,0.0
1886,0.822,5.26
1887,0.822,7.17
1888,0.823,17.92
1889,0.822,8.47
1890,0.923,28.35
1891,0.923,34.49
1892,0.923,23.38
1893,0.923,5.65
1894,0.873,35.6
1895,0.873,0.19
1896,0.873,26.43
1897,0.873,0.21
1898,0.873,0.0
1899,0.873,0.0
1900,0.873,0.34
1901,0.873,0.0
1902,0.808,0.29
1903,0.808,0.0
1904,0.808,0.0
1905,0.808,0.0
1906,0.808,0.0
1907,0.808,4.05
1908,0.808,0.0
1909,0.808,1.45
1910,0.808,0.0
1911,0.808,0.0
1912,0.808,0.0
1913,0.808,0.59
1914,0.808,0.0
1915,0.808,0.0
1916,0.808,0.0
1917,0.808,0.0
1918,0.873,0.0
1919,0.873,0.0
1920,0.873,0.0
1921,0.873,0.0
1922,0.873,11.82
1923,0.873,0.0
1924,0.873,5.03
1925,0.873,0.0
1926,0.871,7.85
1927,0.872,10.83
1928,0.871,4.66
1929,0.872,8.52
1930,0.823,0.95
1931,0.823,12.59
1932,0.823,4.03
1933,0.823,0.0
1934,0.832,3.27
1935,0.832,27.69
1936,0.832,0.4
1937,0.832,8.35
1938,0.863,12.44
1939,0.863,40.11
1940,0.863,20.89
1941,0.863,6.88
1942,0.832,0.0
1943,0.832,0.0
1944,0.832,4.77
1945,0.832,0.0
1946,0.832,0.0
1947,0.832,0.0
1948,0.832,0.0
1949,0.832,0.0
1950,0.832,0.0
1951,0.832,0.0
1952,0.832,0.0
1953,0.832,0.0
1954,0.832,0.0
1955,0.832,0.0
1956,0.832,0.0
1957,0.832,1.4
1958,0.832,0.0
1959,0.832,0.0
1960,0.832,0.0
1961,0.832,0.0
1962,0.832,0.0
1963,0.832,0.0
1964,0.832,0.0
1965,0.832,1.47
1966,0.832,0.0
1967,0.832,0.0
1968,0.832,0.0
1969,0.832,0.0
1970,0.832,4.08
1971,0.832,0.0
1972,0.832,0.0
1973,0.832,1.9
1974,0.85,2.26
1975,0.85,4.16
1976,0.85,2.46
1977,0.85,0.0
1978,0.793,21.52
1979,0.793,12.61
1980,0.793,4.84
1981,0.793,4.15
1982,0.782,6.48
1983,0.782,1.99
1984,0.782,4.81
1985,0.782,0.79
1986,0.758,2.96
1987,0.758,0.99
1988,0.758,0.0
1989,0.758,0.0
1990,0.774,0.02
1991,0.774,0.0
1992,0.774,0.57
1993,0.774,0.0
1994,0.774,0.0
1995,0.774,0.0
1996,0.774,0.0
1997,0.774,9.56
1998,0.831,0.0
1999,0.831,0.0
2000,0.831,19.19
2001,0.831,0.0
2002,0.831,0.0
2003,0.831,0.0
2004,0.831,0.0
2005,0.831,0.0
2006,0.831,0.0
2007,0.831,0.0
2008,0.831,0.0
2009,0.831,0.0
2010,0.831,8.3
2011,0.831,1.05
2012,0.831,0.0
2013,0.831,0.0
2014,0.774,22.31
2015,0.774,16.82
2016,0.774,1.27
2017,0.774,0.0
2018,0.774,0.75
2019,0.774,2.35
2020,0.774,9.94
2021,0.774,13.32
2022,0.769,0.0
2023,0.769,0.0
2024,0.769,0.0
2025,0.769,9.83
2026,0.79,2.91
2027,0.79,0.0
2028,0.79,7.27
2029,0.79,0.0
2030,0.747,23.38
2031,0.747,45.33
2032,0.754,11.06
2033,0.758,39.37
2034,0.748,6.15
2035,0.75,3.58
2036,0.781,44.47
2037,0.814,45.06
2038,0.809,38.55
2039,0.807,44.09
2040,0.723,29.36
2041,0.721,20.44
2042,0.799,40.24
2043,0.799,43.13
2044,0.799,42.16
2045,0.799,42.16
2046,0.848,48.15
2047,0.848,35.08
2048,0.848,42.31
2049,0.848,41.64
2050,0.885,34.32
2051,0.885,44.44
2052,0.885,18.94
2053,0.885,39.94
2054,0.893,23.58
2055,0.909,27.93
2056,0.862,15.11
2057,0.862,9.11
2058,0.87,38.19
2059,0.87,45.05
2060,0.87,29.87
2061,0.87,21.69
2062,0.818,42.4
2063,0.818,41.42
2064,0.818,33.91
2065,0.818,43.42
2066,0.754,35.8
2067,0.746,41.46
2068,0.814,45.43
2069,0.813,39.52
2070,0.763,34.47
2071,0.814,47.38
2072,0.809,44.56
2073,0.798,34.02
2074,0.798,40.34
2075,0.798,37.16
2076,0.846,39.61
2077,0.846,41.33
2078,0.846,38.47
2079,0.846,38.69
2080,0.833,41.57
2081,0.833,24.25
2082,0.833,23.72
2083,0.833,24.87
2084,0.842,30.63
2085,0.85,33.5
2086,0.845,35.36
2087,0.846,46.88
2088,0.862,30.07
2089,0.849,11.09
2090,0.907,18.86
2091,0.841,22.35
2092,0.874,3.76
2093,0.874,15.92
2094,0.874,4.22
2095,0.874,12.08
2096,0.91,1.64
2097,0.91,15.58
2098,0.91,0.0
2099,0.91,0.0
2100,0.912,6.6
2101,0.912,4.64
2102,0.912,5.22
2103,0.912,0.02
2104,0.867,24.07
2105,0.867,25.95
2106,0.858,13.02
2107,0.858,13.14
2108,0.791,17.59
2109,0.869,33.26
2110,0.869,0.0
2111,0.869,41.07
2112,0.869,1.96
2113,0.913,0.76
2114,0.801,32.87
2115,0.913,9.81
2116,0.902,16.73
2117,0.848,16.83
2118,0.879,8.91
2119,0.902,9.5
2120,0.902,12.84
2121,0.899,10.78
2122,0.899,5.57
2123,0.899,2.27
2124,0.899,3.18
2125,0.839,0.0
2126,0.839,0.71
2127,0.839,11.89
2128,0.839,0.53
2129,0.82,2.01
2130,0.82,0.73
2131,0.82,5.47
2132,0.82,3.24
2133,0.811,2.8
2134,0.811,0.0
2135,0.811,1.35
2136,0.811,0.0
2137,0.864,4.59
2138,0.864,0.0
2139,0.864,0.0
2140,0.864,3.31
2141,0.878,3.57
2142,0.865,24.94
2143,0.864,12.69
2144,0.864,25.66
2145,0.879,1.18
2146,0.879,12.23
2147,0.879,5.38
2148,0.879,0.92
2149,0.888,0.0
2150,0.888,0.96
2151,0.888,4.0
2152,0.888,5.34
2153,0.841,40.12
2154,0.913,9.99
2155,0.856,21.95
2156,0.856,4.92
2157,0.828,24.69
2158,0.619,47.56
2159,0.711,6.16
2160,0.709,42.17
2161,0.668,23.03
2162,0.709,22.55
2163,0.854,31.84
2164,0.768,33.0
2165,0.86,9.15
2166,0.857,40.33
2167,0.828,17.78
2168,0.752,0.0
2169,0.755,4.71
2170,0.846,0.0
2171,0.669,3.71
2172,0.669,1.85
2173,0.669,18.73
2174,0.669,20.16
2175,0.748,7.86
2176,0.748,37.68
2177,0.748,2.4
2178,0.748,38.76
2179,0.768,21.79
2180,0.799,26.35
2181,0.8,35.6
2182,0.8,25.4
2183,0.762,48.5
2184,0.762,44.74
2185,0.762,28.71
2186,0.762,43.21
2187,0.728,39.11
2188,0.696,51.39
2189,0.676,32.93
2190,0.619,44.0
2191,0.614,42.94
2192,0.614,45.53
2193,0.614,43.75
2194,0.614,41.34
2195,0.649,37.81
2196,0.649,12.05
2197,0.649,35.01
2198,0.649,15.25
2199,0.658,28.81
2200,0.658,16.66
2201,0.658,8.87
2202,0.658,3.19
2203,0.706,12.92
2204,0.706,20.98
2205,0.706,4.83
2206,0.706,34.63
2207,0.662,27.11
2208,0.619,47.61
2209,0.791,21.78
2210,0.717,36.67
2211,0.877,0.54
2212,0.877,0.0
2213,0.877,0.0
2214,0.877,1.39
2215,0.877,3.88
2216,0.877,6.16
2217,0.877,0.0
2218,0.877,0.0
2219,0.934,0.48
2220,0.934,1.37
2221,0.934,26.12
2222,0.934,0.42
2223,0.937,42.73
2224,0.847,2.36
2225,0.842,39.42
2226,0.842,13.23
2227,0.889,0.0
2228,0.889,0.0
2229,0.889,0.0
2230,0.889,0.0
2231,0.877,0.0
2232,0.877,0.01
2233,0.877,0.0
2234,0.877,2.49
2235,0.764,12.2
2236,0.764,2.71
2237,0.764,7.64
2238,0.764,4.38
2239,0.712,4.03
2240,0.712,2.64
2241,0.712,1.36
2242,0.712,3.48
2243,0.651,0.98
2244,0.651,1.74
2245,0.651,4.08
2246,0.651,0.0
2247,0.654,0.0
2248,0.654,5.38
2249,0.654,0.0
2250,0.654,1.06
2251,0.73,3.65
2252,0.653,0.72
2253,0.687,1.89
2254,0.684,0.57
2255,0.719,0.98
2256,0.719,1.07
2257,0.719,0.0
2258,0.719,0.0
2259,0.901,0.0
2260,0.901,16.11
2261,0.901,0.0
2262,0.901,0.0
2263,0.942,2.16
2264,0.942,0.0
2265,0.942,0.56
2266,0.942,0.0
2267,0.9,15.59
2268,0.9,19.36
2269,0.9,1.92
2270,0.9,13.53
2271,0.911,8.63
2272,0.911,12.32
2273,0.911,22.81
2274,0.911,8.5
2275,0.957,6.6
2276,0.957,12.27
2277,0.957,2.0
2278,0.957,8.71
2279,0.92,5.77
2280,0.92,0.0
2281,0.92,8.66
2282,0.92,0.0
2283,0.885,0.0
2284,0.885,0.0
2285,0.885,0.0
2286,0.885,0.0
2287,0.716,2.94
2288,0.716,2.8
2289,0.716,0.0
2290,0.716,1.87
2291,0.684,2.05
2292,0.684,1.37
2293,0.684,1.54
2294,0.684,6.16
2295,0.789,1.01
2296,0.789,5.07
2297,0.789,0.14
2298,0.789,6.4
2299,0.801,0.0
2300,0.801,1.81
2301,0.801,7.3
2302,0.801,0.83
2303,0.817,1.4
2304,0.817,0.0
2305,0.817,0.92
2306,0.817,6.75
2307,0.818,6.26
2308,0.818,0.33
2309,0.818,14.78
2310,0.818,1.22
2311,0.891,16.16
2312,0.891,2.23
2313,0.891,11.88
2314,0.891,4.74
2315,0.893,19.16
2316,0.943,22.84
2317,0.892,18.73
2318,0.942,17.76
2319,0.795,3.66
2320,0.795,2.01
2321,0.795,2.15
2322,0.85,2.29
2323,0.85,4.42
2324,0.85,0.0
2325,0.85,0.0
2326,0.839,35.21
2327,0.839,45.89
2328,0.839,0.11
2329,0.839,38.95
2330,0.853,3.06
2331,0.853,1.26
2332,0.884,7.14
2333,0.882,2.9
2334,0.887,37.88
2335,0.901,0.0
2336,0.901,1.28
2337,0.833,16.38
2338,0.833,13.09
2339,0.901,5.47
2340,0.901,1.98
2341,0.849,1.98
2342,0.849,3.97
2343,0.84,25.09
2344,0.84,38.65
2345,0.9,4.43
2346,0.901,5.85
2347,0.851,28.58
2348,0.902,25.08
2349,0.901,2.04
2350,0.901,27.85
2351,0.9,21.71
2352,0.9,18.22
2353,0.875,38.59
2354,0.875,32.05
2355,0.875,31.86
2356,0.875,39.51
2357,0.924,45.55
2358,0.924,49.2
2359,0.924,40.34
2360,0.924,37.86
2361,0.861,31.65
2362,0.861,33.73
2363,0.861,38.49
2364,0.861,43.98
2365,0.441,40.04
2366,0.445,30.73
2367,0.445,37.93
2368,0.441,32.51
2369,0.731,3.46
2370,0.944,26.5
2371,0.479,2.74
2372,0.921,43.06
2373,0.913,38.2
2374,0.889,46.36
2375,0.903,48.39
2376,0.851,59.12
2377,0.835,11.37
2378,0.87,31.13
2379,0.825,9.87
2380,0.844,12.77
2381,0.893,34.34
2382,0.907,29.67
2383,0.84,9.38
2384,0.828,0.33
2385,0.882,8.04
2386,0.882,0.07
2387,0.882,2.77
2388,0.882,9.68
2389,0.836,29.97
2390,0.836,33.16
2391,0.836,33.79
2392,0.836,19.52
2393,0.767,43.01
2394,0.767,18.39
2395,0.767,27.25
2396,0.767,16.2
2397,0.824,19.73
2398,0.824,35.35
2399,0.834,8.44
2400,0.828,41.16
2401,0.859,33.6
2402,0.831,38.91
2403,0.824,45.89
2404,0.811,53.42
2405,0.736,16.26
2406,0.903,49.11
2407,0.669,9.76
2408,0.824,61.76
2409,0.592,41.16
2410,0.6,30.57
2411,0.54,51.32
2412,0.599,39.01
2413,0.593,40.4
2414,0.594,13.2
2415,0.594,49.92
2416,0.598,18.56
2417,0.716,6.89
2418,0.796,56.47
2419,0.6,3.25
2420,0.786,45.11
2421,0.859,42.16
2422,0.859,34.22
2423,0.859,48.54
2424,0.859,42.17
2425,0.845,28.08
2426,0.831,42.74
2427,0.865,25.75
2428,0.882,29.79
2429,0.749,1.28
2430,0.749,7.47
2431,0.749,8.85
2432,0.749,3.87
2433,0.756,24.81
2434,0.756,6.18
2435,0.756,0.0
2436,0.756,0.0
2437,0.693,0.0
2438,0.693,0.0
2439,0.693,17.86
2440,0.693,5.86
2441,0.798,9.58
2442,0.798,30.44
2443,0.798,38.2
2444,0.798,29.05
2445,0.865,24.48
2446,0.882,37.5
2447,0.769,28.76
2448,0.742,38.87
2449,0.816,37.51
2450,0.816,36.1
2451,0.816,21.91
2452,0.817,11.82
2453,0.736,1.59
2454,0.736,1.58
2455,0.736,0.0
2456,0.736,1.88
2457,0.601,20.46
2458,0.601,4.99
2459,0.601,1.23
2460,0.601,4.13
2461,0.902,11.86
2462,0.902,34.4
2463,0.723,31.98
2464,0.724,18.4
2465,0.864,7.35
2466,0.864,47.05
2467,0.864,9.03
2468,0.864,1.42
2469,0.764,26.93
2470,0.764,18.23
2471,0.764,28.51
2472,0.764,46.88
2473,0.704,12.59
2474,0.704,5.06
2475,0.704,29.04
2476,0.704,15.14
2477,0.776,41.1
2478,0.776,36.46
2479,0.776,27.06
2480,0.776,20.41
2481,0.776,12.37
2482,0.776,0.38
2483,0.776,2.01
2484,0.776,0.0
2485,0.675,0.0
2486,0.675,0.0
2487,0.675,6.63
2488,0.675,0.05
2489,0.675,1.66
2490,0.675,0.05
2491,0.675,20.95
2492,0.675,6.89
2493,0.691,41.7
2494,0.683,31.27
2495,0.69,34.07
2496,0.677,46.15
2497,0.801,36.28
2498,0.801,50.81
2499,0.801,50.74
2500,0.801,48.55
2501,0.696,12.28
2502,0.696,8.25
2503,0.696,20.18
2504,0.696,32.32
2505,0.713,31.61
2506,0.713,24.52
2507,0.713,24.49
2508,0.713,15.72
2509,0.632,48.74
2510,0.632,40.54
2511,0.517,42.67
2512,0.519,39.08
2513,0.428,39.45
2514,0.558,40.65
2515,0.478,34.0
2516,0.542,31.91
2517,0.623,33.83
2518,0.487,42.6
2519,0.451,40.85
2520,0.591,38.55
2521,0.554,49.05
2522,0.707,38.75
2523,0.538,49.68
2524,0.526,46.84
2525,0.612,36.19
2526,0.492,44.16
2527,0.756,47.29
2528,0.821,49.4
2529,0.765,41.48
2530,0.777,45.49
2531,0.861,54.33
2532,0.861,50.64
2533,0.861,44.42
2534,0.861,43.38
2535,0.817,45.7
2536,0.902,10.18
2537,0.789,45.19
2538,0.863,15.44
2539,0.707,44.1
2540,0.742,53.92
2541,0.923,42.68
2542,0.854,14.15
2543,0.802,46.7
2544,0.834,48.57
2545,0.821,21.67
2546,0.835,31.25
2547,0.814,49.18
2548,0.789,31.29
2549,0.799,32.64
2550,0.766,43.75
2551,0.713,46.81
2552,0.667,47.62
2553,0.803,39.95
2554,0.744,49.61
2555,0.91,30.42
2556,0.843,40.64
2557,0.91,45.0
2558,0.847,42.62
2559,0.923,22.57
2560,0.885,31.98
2561,0.832,1.97
2562,0.913,35.75
2563,0.769,46.42
2564,0.769,44.11
2565,0.661,1.95
2566,0.661,11.33
2567,0.661,1.55
2568,0.838,22.97
2569,0.87,1.31
2570,0.87,15.66
2571,0.812,1.95
2572,0.827,37.72
2573,0.766,45.15
2574,0.766,48.0
2575,0.829,27.52
2576,0.911,35.18
2577,0.827,41.32
2578,0.893,22.82
2579,0.877,37.34
2580,0.876,20.78
2581,0.876,25.01
2582,0.888,21.67
2583,0.888,23.4
2584,0.888,12.51
2585,0.864,2.15
2586,0.809,0.0
2587,0.809,0.48
2588,0.809,0.03
2589,0.809,4.26
2590,0.809,0.01
2591,0.81,1.22
2592,0.81,0.0
2593,0.81,0.0
2594,0.81,0.0
2595,0.868,37.63
2596,0.866,18.16
2597,0.829,46.71
2598,0.828,39.28
2599,0.839,5.97
2600,0.839,17.83
2601,0.861,47.36
2602,0.797,46.79
2603,0.796,41.48
2604,0.85,10.53
2605,0.85,6.5
2606,0.848,37.53
2607,0.851,32.19
2608,0.854,23.12
2609,0.885,28.43
2610,0.856,43.19
2611,0.898,6.88
2612,0.897,50.42
2613,0.897,47.48
2614,0.933,36.95
2615,0.933,29.88
2616,0.865,14.75
2617,0.874,5.74
2618,0.909,5.34
2619,0.928,17.47
2620,0.913,7.55
2621,0.913,0.0
2622,0.913,4.29
2623,0.913,0.0
2624,0.862,4.4
2625,0.862,0.0
2626,0.862,21.19
2627,0.862,3.04
2628,0.872,24.22
2629,0.872,36.16
2630,0.872,22.83
2631,0.872,37.62
2632,0.902,0.55
2633,0.885,3.15
2634,0.9,4.1
2635,0.884,4.37
2636,0.893,10.39
2637,0.893,2.63
2638,0.893,2.97
2639,0.893,7.96
2640,0.855,2.92
2641,0.855,12.62
2642,0.855,0.43
2643,0.855,1.97
2644,0.826,48.69
2645,0.784,25.29
2646,0.821,48.59
2647,0.783,38.96
2648,0.76,11.07
2649,0.778,34.1
2650,0.791,3.37
2651,0.791,0.0
2652,0.791,0.0
2653,0.791,0.0
2654,0.688,0.0
2655,0.688,0.0
2656,0.688,0.19
2657,0.688,11.57
2658,0.797,2.94
2659,0.797,5.17
2660,0.797,26.72
2661,0.797,28.73
2662,0.797,36.3
2663,0.797,38.46
2664,0.797,15.19
2665,0.797,27.69
2666,0.797,2.63
2667,0.797,21.91
2668,0.797,0.0
2669,0.797,0.39
2670,0.688,10.36
2671,0.688,5.83
2672,0.688,0.0
2673,0.688,0.0
2674,0.688,0.0
2675,0.688,0.0
2676,0.688,0.0
2677,0.688,1.6
2678,0.791,0.0
2679,0.791,0.0
2680,0.791,0.0
2681,0.791,0.0
2682,0.791,2.94
2683,0.791,0.0
2684,0.791,4.01
2685,0.791,0.0
2686,0.861,2.42
2687,0.861,0.74
2688,0.861,34.57
2689,0.861,26.39
2690,0.861,1.12
2691,0.861,0.19
2692,0.861,33.08
2693,0.861,15.27
2694,0.853,0.0
2695,0.853,0.66
2696,0.853,14.71
2697,0.853,10.88
2698,0.853,0.0
2699,0.853,0.0
2700,0.853,0.91
2701,0.853,0.0
2702,0.858,1.63
2703,0.858,26.34
2704,0.858,0.0
2705,0.858,12.23
2706,0.851,35.19
2707,0.851,12.34
2708,0.851,22.94
2709,0.851,15.6
2710,0.838,21.5
2711,0.838,19.43
2712,0.838,6.79
2713,0.838,6.56
2714,0.797,4.16
2715,0.797,15.92
2716,0.797,7.51
2717,0.797,6.39
2718,0.853,25.85
2719,0.853,18.01
2720,0.853,12.25
2721,0.853,5.88
2722,0.853,29.98
2723,0.853,14.5
2724,0.853,29.62
2725,0.853,16.49
2726,0.861,35.03
2727,0.861,31.14
2728,0.861,31.42
2729,0.861,23.18
2730,0.861,39.98
2731,0.861,29.25
2732,0.861,26.05
2733,0.861,30.29
2734,0.898,15.18
2735,0.908,28.37
2736,0.925,33.2
2737,0.901,34.81
2738,0.879,31.08
2739,0.879,28.38
2740,0.879,34.2
2741,0.879,14.35
2742,0.796,27.05
2743,0.796,15.1
2744,0.796,11.87
2745,0.796,11.27
2746,0.796,12.93
2747,0.796,8.32
2748,0.796,5.29
2749,0.796,18.78
2750,0.821,14.58
2751,0.821,11.87
2752,0.821,20.53
2753,0.821,0.44
2754,0.821,0.0
2755,0.821,0.05
2756,0.821,7.53
2757,0.821,0.0
2758,0.821,18.38
2759,0.821,0.0
2760,0.821,28.58
2761,0.821,28.3
2762,0.821,0.0
2763,0.821,0.08
2764,0.821,0.99
2765,0.821,13.63
2766,0.796,0.45
2767,0.796,1.75
2768,0.796,7.75
2769,0.796,1.43
2770,0.796,22.29
2771,0.796,5.88
2772,0.796,36.32
2773,0.796,14.69
2774,0.83,9.44
2775,0.83,24.92
2776,0.83,3.46
2777,0.83,22.94
2778,0.93,44.28
2779,0.916,34.93
2780,0.812,22.95
2781,0.819,13.67
2782,0.775,5.21
2783,0.775,8.47
2784,0.775,1.73
2785,0.775,2.86
2786,0.792,5.55
2787,0.792,4.89
2788,0.8,12.83
2789,0.8,20.03
2790,0.783,22.65
2791,0.783,7.86
2792,0.801,7.96
2793,0.801,9.78
2794,0.801,14.99
2795,0.801,2.41
2796,0.801,10.34
2797,0.801,3.86
2798,0.783,13.32
2799,0.783,21.95
2800,0.793,37.33
2801,0.793,22.42
2802,0.8,38.59
2803,0.8,32.78
2804,0.744,31.24
2805,0.744,18.92
2806,0.792,3.97
2807,0.792,26.88
2808,0.713,11.67
2809,0.713,8.79
2810,0.775,2.4
2811,0.775,4.72
2812,0.775,9.22
2813,0.775,10.58
2814,0.775,3.37
2815,0.775,8.16
2816,0.775,7.77
2817,0.775,9.78
2818,0.757,4.98
2819,0.757,18.35
2820,0.757,10.98
2821,0.757,16.27
2822,0.775,14.49
2823,0.775,14.26
2824,0.735,17.8
2825,0.725,29.14
2826,0.831,11.27
2827,0.831,26.72
2828,0.831,18.78
2829,0.831,40.78
2830,0.846,31.09
2831,0.827,36.68
2832,0.872,40.6
2833,0.839,30.25
2834,0.809,26.85
2835,0.809,26.99
2836,0.809,32.23
2837,0.809,33.46
2838,0.817,33.45
2839,0.817,10.43
2840,0.817,26.16
2841,0.817,17.11
2842,0.837,31.66
2843,0.837,23.87
2844,0.837,40.42
2845,0.837,26.39
2846,0.85,34.59
2847,0.85,33.18
2848,0.85,36.42
2849,0.85,41.9
2850,0.856,34.18
2851,0.856,20.74
2852,0.856,34.22
2853,0.856,32.79
2854,0.833,11.7
2855,0.833,22.41
2856,0.833,27.49
2857,0.833,30.64
2858,0.796,24.23
2859,0.796,19.53
2860,0.796,6.26
2861,0.796,25.07
2862,0.728,14.95
2863,0.728,36.21
2864,0.728,9.57
2865,0.8,21.77
2866,0.823,0.0
2867,0.823,12.51
2868,0.823,11.49
2869,0.823,34.81
2870,0.823,16.72
2871,0.823,28.62
2872,0.823,35.95
2873,0.823,18.52
2874,0.849,27.47
2875,0.849,27.15
2876,0.835,31.21
2877,0.849,17.85
2878,0.794,35.58
2879,0.794,28.37
2880,0.794,26.42
2881,0.794,35.12
2882,0.784,37.07
2883,0.784,30.76
2884,0.784,33.25
2885,0.784,20.74
2886,0.874,34.62
2887,0.874,35.8
2888,0.874,35.0
2889,0.874,13.48
2890,0.765,28.9
2891,0.765,18.43
2892,0.765,2.24
2893,0.765,20.64
2894,0.766,1.7
2895,0.766,28.92
2896,0.766,5.13
2897,0.766,14.23
2898,0.831,4.34
2899,0.831,13.1
2900,0.831,2.79
2901,0.831,6.52
2902,0.83,1.25
2903,0.83,16.86
2904,0.83,10.03
2905,0.83,15.29
2906,0.823,27.76
2907,0.823,9.27
2908,0.823,25.28
2909,0.823,15.26
2910,0.823,41.59
2911,0.823,23.38
2912,0.823,39.32
2913,0.823,36.95
2914,0.9,13.1
2915,0.9,0.75
2916,0.793,17.15
2917,0.909,24.23
2918,0.887,14.62
2919,0.898,0.65
2920,0.785,18.84
2921,0.785,18.49
2922,0.785,28.78
2923,0.785,28.13
2924,0.815,26.33
2925,0.815,7.19
2926,0.815,30.7
2927,0.815,16.99
2928,0.733,38.63
2929,0.733,30.75
2930,0.733,35.33
2931,0.733,0.64
2932,0.692,40.02
2933,0.692,38.68
2934,0.693,40.68
2935,0.692,36.37
2936,0.768,31.23
2937,0.768,30.88
2938,0.768,38.59
2939,0.768,36.34
2940,0.744,35.15
2941,0.744,35.57
2942,0.747,9.29
2943,0.747,33.73
2944,0.801,28.54
2945,0.8,10.74
2946,0.802,30.5
2947,0.798,15.16
2948,0.798,15.79
2949,0.798,7.6
2950,0.798,2.24
2951,0.798,0.0
2952,0.811,3.14
2953,0.811,1.95
2954,0.811,0.0
2955,0.811,0.0
2956,0.811,1.94
2957,0.811,0.21
2958,0.811,0.0
2959,0.811,0.0
2960,0.811,0.0
2961,0.811,0.0
2962,0.811,0.0
2963,0.811,0.0
2964,0.841,7.49
2965,0.841,0.0
2966,0.841,33.52
2967,0.841,0.0
2968,0.794,12.41
2969,0.829,13.48
2970,0.829,17.58
2971,0.853,13.11
2972,0.822,12.47
2973,0.822,2.67
2974,0.822,8.29
2975,0.824,0.52
2976,0.822,36.35
2977,0.822,30.29
2978,0.866,29.13
2979,0.866,21.59
2980,0.866,3.57
2981,0.877,4.68
2982,0.949,0.0
2983,0.99,1.76
2984,0.947,1.93
2985,0.947,3.24
2986,0.947,6.98
2987,0.947,10.07
2988,0.847,18.01
2989,0.847,24.05
2990,0.847,15.74
2991,0.847,6.75
2992,0.837,34.29
2993,0.837,7.98
2994,0.837,23.07
2995,0.837,25.43
2996,0.795,1.15
2997,0.795,1.04
2998,0.795,29.96
2999,0.795,18.9
3000,0.79,0.0
3001,0.79,0.18
3002,0.828,9.97
3003,0.828,21.68
3004,0.825,24.78
3005,0.825,22.53
3006,0.825,40.18
3007,0.825,40.07
3008,0.827,42.96
3009,0.827,32.24
3010,0.827,33.56
3011,0.827,28.22
3012,0.832,16.68
3013,0.832,13.6
3014,0.832,15.76
3015,0.832,15.33
3016,0.99,16.22
3017,0.99,11.92
3018,0.99,10.55
3019,0.99,7.93
3020,0.99,5.82
3021,0.784,40.16
3022,0.784,35.59
3023,0.784,32.05
3024,0.784,35.33
3025,0.833,0.0
3026,0.833,6.3
3027,0.833,2.28
3028,0.833,6.06
3029,0.866,0.0
3030,0.866,0.0
3031,0.866,0.0
3032,0.866,0.0
3033,0.736,4.19
3034,0.736,3.99
3035,0.736,4.13
3036,0.736,3.14
3037,0.836,27.64
3038,0.836,21.79
3039,0.836,18.6
3040,0.836,10.56
3041,0.832,18.97
3042,0.832,6.81
3043,0.832,34.35
3044,0.832,24.43
3045,0.842,42.3
3046,0.842,40.71
3047,0.842,39.95
3048,0.842,45.84
3049,0.844,19.75
3050,0.844,4.33
3051,0.844,33.28
3052,0.844,13.62
3053,0.913,34.68
3054,0.854,14.36
3055,0.869,13.56
3056,0.841,8.6
3057,0.824,2.71
3058,0.824,8.09
3059,0.824,2.41
3060,0.824,14.27
3061,0.739,21.34
3062,0.761,1.91
3063,0.763,41.96
3064,0.791,43.35
3065,0.782,18.84
3066,0.782,28.87
3067,0.782,21.66
3068,0.782,32.65
3069,0.837,28.19
3070,0.837,8.79
3071,0.837,19.95
3072,0.837,3.18
3073,0.821,39.56
3074,0.786,41.16
3075,0.859,26.55
3076,0.852,36.4
3077,0.801,8.06
3078,0.801,16.33
3079,0.801,5.81
3080,0.801,27.48
3081,0.726,9.56
3082,0.734,19.24
3083,0.726,41.76
3084,0.742,34.04
3085,0.762,3.11
3086,0.762,28.17
3087,0.762,13.81
3088,0.762,41.17
3089,0.849,38.37
3090,0.849,27.22
3091,0.849,45.16
3092,0.849,41.74
3093,0.882,39.04
3094,0.622,37.69
3095,0.695,19.18
3096,0.749,21.92
3097,0.691,37.49
3098,0.66,38.81
3099,0.655,39.37
3100,0.736,43.82
3101,0.621,41.49
3102,0.747,8.39
3103,0.753,1.22
3104,0.84,43.71
3105,0.833,14.48
3106,0.84,20.04
3107,0.852,38.14
3108,0.826,17.89
3109,0.856,17.26
3110,0.826,11.28
3111,0.826,5.99
3112,0.826,1.09
3113,0.826,4.33
3114,0.826,2.48
3115,0.824,8.18
3116,0.789,22.85
3117,0.789,28.9
3118,0.789,18.86
3119,0.794,17.4
3120,0.708,26.83
3121,0.73,0.33
3122,0.709,23.12
3123,0.737,2.05
3124,0.519,38.87
3125,0.619,45.68
3126,0.485,37.34
3127,0.616,45.84
3128,0.686,0.0
3129,0.686,7.55
3130,0.686,4.87
3131,0.686,17.4
3132,0.69,2.2
3133,0.69,0.0
3134,0.69,0.01
3135,0.69,0.0
3136,0.749,24.85
3137,0.749,9.35
3138,0.749,16.9
3139,0.749,4.13
3140,0.75,9.44
3141,0.75,6.77
3142,0.75,26.31
3143,0.75,11.5
3144,0.531,28.61
3145,0.548,30.8
3146,0.531,37.31
3147,0.548,24.39
3148,0.459,35.98
3149,0.499,39.06
3150,0.459,32.39
3151,0.499,36.23
3152,0.589,36.56
3153,0.668,29.19
3154,0.692,44.83
3155,0.733,21.5
3156,0.672,27.68
3157,0.672,8.1
3158,0.672,31.39
3159,0.672,31.57
3160,0.744,32.68
3161,0.821,27.42
3162,0.761,40.56
3163,0.836,41.95
3164,0.751,26.53
3165,0.755,28.94
3166,0.697,35.72
3167,0.706,36.55
3168,0.776,25.7
3169,0.776,0.06
3170,0.776,41.55
3171,0.776,15.32
3172,0.806,25.74
3173,0.806,38.15
3174,0.803,22.45
3175,0.807,28.71
3176,0.709,3.94
3177,0.807,23.79
3178,0.71,1.57
3179,0.871,40.14
3180,0.8,44.76
3181,0.709,38.53
3182,0.8,33.11
3183,0.709,6.29
3184,0.836,42.18
3185,0.838,29.69
3186,0.835,27.17
3187,0.838,42.53
3188,0.759,22.6
3189,0.759,7.1
3190,0.72,48.99
3191,0.688,50.34
3192,0.741,35.68
3193,0.76,44.79
3194,0.815,15.0
3195,0.777,43.12
3196,0.631,41.06
3197,0.638,20.63
3198,0.64,42.55
3199,0.76,21.97
3200,0.714,28.57
3201,0.76,18.84
3202,0.812,6.86
3203,0.812,22.08
3204,0.812,6.86
3205,0.812,25.66
3206,0.742,46.4
3207,0.728,30.88
3208,0.741,52.19
3209,0.768,32.41
3210,0.779,41.69
3211,0.795,36.41
3212,0.778,39.38
3213,0.745,13.31
3214,0.784,11.58
3215,0.784,3.44
3216,0.784,8.2
3217,0.784,13.01
3218,0.85,5.76
3219,0.872,30.6
3220,0.801,16.43
3221,0.801,32.15
3222,0.788,8.05
3223,0.8,9.64
3224,0.765,35.82
3225,0.708,28.27
3226,0.804,29.53
3227,0.673,42.7
3228,0.76,27.15
3229,0.674,10.33
3230,0.795,39.72
3231,0.895,8.64
3232,0.901,20.57
3233,0.895,32.0
3234,0.901,33.46
3235,0.29,17.68
3236,0.292,37.08
3237,0.29,16.68
3238,0.292,31.21
3239,0.227,14.76
3240,0.347,40.51
3241,0.269,26.82
3242,0.421,45.17
3243,0.442,31.19
3244,0.448,36.21
3245,0.506,35.92
3246,0.553,39.02
3247,0.5,16.7
3248,0.456,37.29
3249,0.733,14.3
3250,0.733,33.26
3251,0.733,1.28
3252,0.733,5.16
3253,0.733,3.73
3254,0.733,0.0
3255,0.733,0.0
3256,0.733,0.0
3257,0.687,0.0
3258,0.687,0.0
3259,0.687,0.0
3260,0.687,0.0
3261,0.687,0.0
3262,0.687,0.0
3263,0.687,0.0
3264,0.687,0.0
3265,0.687,0.0
3266,0.687,0.0
3267,0.687,0.0
3268,0.687,0.0
3269,0.687,0.0
3270,0.687,0.0
3271,0.687,0.0
3272,0.687,0.0
3273,0.687,0.0
3274,0.687,0.0
3275,0.687,0.0
3276,0.687,0.0
3277,0.687,0.0
3278,0.687,0.0
3279,0.687,0.0
3280,0.687,0.0
3281,0.687,0.0
3282,0.687,0.0
3283,0.687,0.0
3284,0.687,0.0
3285,0.687,0.0
3286,0.687,0.0
3287,0.687,0.0
3288,0.687,0.0
3289,0.733,0.0
3290,0.733,0.0
3291,0.733,0.0
3292,0.733,0.0
3293,0.733,3.13
3294,0.733,0.0
3295,0.733,0.0
3296,0.733,2.99
3297,0.742,0.0
3298,0.742,0.0
3299,0.742,0.0
3300,0.742,0.0
3301,0.742,0.0
3302,0.742,2.03
3303,0.742,0.0
3304,0.742,0.0
3305,0.726,0.0
3306,0.726,0.0
3307,0.726,0.0
3308,0.726,0.0
3309,0.726,0.0
3310,0.726,0.0
3311,0.726,0.0
3312,0.726,0.0
3313,0.687,0.0
3314,0.687,0.0
3315,0.687,0.0
3316,0.687,3.33
3317,0.687,0.0
3318,0.687,0.0
3319,0.687,3.54
3320,0.687,0.0
3321,0.687,0.0
3322,0.687,0.0
3323,0.687,0.0
3324,0.687,0.0
3325,0.687,0.0
3326,0.687,0.0
3327,0.687,0.0
3328,0.687,0.0
3329,0.726,0.0
3330,0.726,0.0
3331,0.726,0.0
3332,0.726,0.0
3333,0.726,0.0
3334,0.726,0.0
3335,0.726,0.0
3336,0.726,0.0
3337,0.742,0.0
3338,0.742,0.0
3339,0.742,0.0
3340,0.742,0.0
3341,0.742,11.27
3342,0.742,0.0
3343,0.742,18.51
3344,0.742,0.93
3345,0.747,28.76
3346,0.747,1.13
3347,0.747,0.0
3348,0.747,0.0
3349,0.747,0.0
3350,0.747,0.0
3351,0.747,0.0
3352,0.747,0.0
3353,0.744,0.0
3354,0.744,0.0
3355,0.744,0.0
3356,0.744,0.0
3357,0.744,0.0
3358,0.744,0.0
3359,0.744,0.84
3360,0.744,0.0
3361,0.687,0.77
3362,0.687,2.75
3363,0.687,0.0
3364,0.687,0.0
3365,0.687,0.0
3366,0.687,0.0
3367,0.687,0.0
3368,0.687,0.0
3369,0.687,0.62
3370,0.687,0.0
3371,0.687,4.12
3372,0.687,4.67
3373,0.687,2.64
3374,0.687,4.41
3375,0.687,3.45
3376,0.687,11.87
3377,0.744,1.64
3378,0.744,2.88
3379,0.744,0.0
3380,0.744,7.6
3381,0.744,0.0
3382,0.744,0.0
3383,0.744,0.0
3384,0.744,0.0
3385,0.747,0.0
3386,0.747,0.0
3387,0.747,1.33
3388,0.747,0.0
3389,0.747,0.0
3390,0.747,0.0
3391,0.747,0.0
3392,0.747,2.01
3393,0.81,18.28
3394,0.804,18.8
3395,0.809,1.99
3396,0.807,27.02
3397,0.851,4.64
3398,0.852,0.0
3399,0.839,7.8
3400,0.851,3.6
3401,0.807,1.43
3402,0.807,10.14
3403,0.807,0.09
3404,0.807,0.0
3405,0.807,0.0
3406,0.807,0.0
3407,0.807,0.0
3408,0.807,0.0
3409,0.829,0.0
3410,0.829,0.0
3411,0.829,0.0
3412,0.829,0.45
3413,0.829,1.78
3414,0.829,3.77
3415,0.829,1.37
3416,0.829,0.0
3417,0.829,0.0
3418,0.829,0.0
3419,0.829,0.0
3420,0.829,0.0
3421,0.829,4.4
3422,0.829,0.0
3423,0.829,4.24
3424,0.829,0.0
3425,0.807,12.61
3426,0.807,6.69
3427,0.807,8.48
3428,0.807,16.08
3429,0.807,24.16
3430,0.807,7.93
3431,0.807,6.06
3432,0.807,1.59
3433,0.759,23.24
3434,0.759,26.85
3435,0.759,41.87
3436,0.759,25.37
3437,0.871,9.61
3438,0.808,11.31
3439,0.791,13.0
3440,0.747,27.12
3441,0.835,28.97
3442,0.835,43.17
3443,0.835,40.2
3444,0.835,40.51
3445,0.786,35.32
3446,0.786,20.95
3447,0.786,36.65
3448,0.786,37.05
3449,0.776,19.14
3450,0.776,14.59
3451,0.754,36.45
3452,0.709,9.06
3453,0.745,12.93
3454,0.745,0.33
3455,0.745,24.66
3456,0.745,0.0
3457,0.804,0.0
3458,0.804,0.0
3459,0.804,0.0
3460,0.804,0.28
3461,0.804,0.0
3462,0.804,0.0
3463,0.804,16.72
3464,0.804,33.09
3465,0.804,22.06
3466,0.804,39.18
3467,0.804,33.97
3468,0.804,36.7
3469,0.804,0.0
3470,0.804,0.0
3471,0.804,0.0
3472,0.804,17.15
3473,0.719,12.34
3474,0.719,1.05
3475,0.719,23.25
3476,0.719,4.06
3477,0.7,40.39
3478,0.7,27.29
3479,0.7,24.42
3480,0.7,35.4
3481,0.822,32.1
3482,0.822,27.83
3483,0.822,3.81
3484,0.822,11.81
3485,0.848,21.32
3486,0.847,12.18
3487,0.848,1.57
3488,0.848,4.21
3489,0.876,0.99
3490,0.876,0.0
3491,0.876,17.27
3492,0.876,13.78
3493,0.748,1.61
3494,0.748,26.99
3495,0.748,12.32
3496,0.748,24.44
3497,0.673,13.91
3498,0.673,29.83
3499,0.679,11.76
3500,0.674,24.92
3501,0.719,27.46
3502,0.719,2.18
3503,0.719,14.66
3504,0.719,0.0
3505,0.825,0.0
3506,0.825,14.55
3507,0.825,12.55
3508,0.825,6.37
3509,0.825,16.34
3510,0.825,28.68
3511,0.825,3.79
3512,0.825,0.0
3513,0.825,0.0
3514,0.825,0.0
3515,0.825,0.81
3516,0.825,0.0
3517,0.825,0.02
3518,0.825,0.0
3519,0.825,0.0
3520,0.825,0.0
3521,0.787,6.05
3522,0.787,2.34
3523,0.787,1.12
3524,0.787,0.0
3525,0.769,4.2
3526,0.742,20.0
3527,0.791,7.16
3528,0.807,11.96
3529,0.807,17.14
3530,0.807,1.75
3531,0.807,4.16
3532,0.807,1.13
3533,0.855,20.3
3534,0.855,19.71
3535,0.855,34.01
3536,0.855,20.22
3537,0.863,7.71
3538,0.863,0.01
3539,0.863,1.98
3540,0.863,4.08
3541,0.862,7.26
3542,0.853,9.66
3543,0.866,14.67
3544,0.86,20.79
3545,0.867,13.92
3546,0.881,10.52
3547,0.88,11.79
3548,0.882,32.54
3549,0.882,11.45
3550,0.827,24.35
3551,0.82,20.53
3552,0.72,23.91
3553,0.726,33.94
3554,0.726,39.76
3555,0.726,37.73
3556,0.726,23.36
3557,0.815,41.35
3558,0.818,29.17
3559,0.831,22.17
3560,0.838,5.85
3561,0.644,7.59
3562,0.644,3.89
3563,0.644,35.26
3564,0.644,9.71
3565,0.806,32.19
3566,0.806,17.18
3567,0.806,29.4
3568,0.806,24.17
3569,0.716,27.69
3570,0.758,20.04
3571,0.716,13.14
3572,0.758,24.47
3573,0.881,31.82
3574,0.881,30.9
3575,0.881,23.91
3576,0.881,20.34
3577,0.854,35.03
3578,0.854,7.97
3579,0.854,16.92
3580,0.854,10.46
3581,0.878,0.0
3582,0.878,18.67
3583,0.878,0.0
3584,0.878,13.28
3585,0.851,0.24
3586,0.851,0.88
3587,0.851,0.0
3588,0.851,0.0
3589,0.835,3.0
3590,0.835,2.95
3591,0.835,2.47
3592,0.835,1.55
3593,0.87,19.66
3594,0.87,12.11
3595,0.87,18.88
3596,0.87,1.21
3597,0.799,12.45
3598,0.799,34.55
3599,0.799,20.15
3600,0.799,5.35
3601,0.765,37.02
3602,0.765,25.22
3603,0.765,31.15
3604,0.765,19.27
3605,0.777,20.27
3606,0.777,29.89
3607,0.777,21.49
3608,0.777,31.7
3609,0.729,35.4
3610,0.729,7.69
3611,0.729,28.67
3612,0.729,21.79
3613,0.73,25.74
3614,0.73,23.51
3615,0.73,34.85
3616,0.73,26.06
3617,0.739,17.45
3618,0.739,21.8
3619,0.739,4.35
3620,0.739,2.15
3621,0.726,4.5
3622,0.726,2.62
3623,0.726,2.99
3624,0.726,2.81
3625,0.762,2.24
3626,0.762,19.68
3627,0.762,0.0
3628,0.762,0.0
3629,0.821,4.72
3630,0.82,10.76
3631,0.791,26.09
3632,0.78,22.21
3633,0.801,16.75
3634,0.801,32.89
3635,0.801,14.47
3636,0.801,30.57
3637,0.804,4.42
3638,0.804,6.44
3639,0.804,15.19
3640,0.804,28.13
3641,0.701,4.12
3642,0.736,5.52
3643,0.836,13.21
3644,0.727,13.55
3645,0.69,1.53
3646,0.69,24.06
3647,0.69,15.24
3648,0.69,39.19
3649,0.764,27.76
3650,0.696,39.73
3651,0.633,24.07
3652,0.676,47.46
3653,0.699,34.66
3654,0.776,31.37
3655,0.671,35.8
3656,0.672,36.91
3657,0.685,37.79
3658,0.685,37.93
3659,0.686,32.79
3660,0.685,26.29
3661,0.781,13.9
3662,0.781,34.96
3663,0.781,23.06
3664,0.781,19.86
3665,0.755,23.45
3666,0.755,23.78
3667,0.755,18.94
3668,0.755,6.56
3669,0.784,31.56
3670,0.784,41.28
3671,0.784,47.23
3672,0.784,41.02
3673,0.777,7.95
3674,0.777,7.07
3675,0.777,35.72
3676,0.777,23.83
3677,0.776,1.09
3678,0.776,13.79
3679,0.776,0.0
3680,0.776,27.39
3681,0.57,7.03
3682,0.57,2.1
3683,0.57,10.51
3684,0.57,0.0
3685,0.575,2.86
3686,0.575,10.27
3687,0.575,4.42
3688,0.575,0.0
3689,0.575,9.78
3690,0.575,5.23
3691,0.575,0.0
3692,0.575,0.0
3693,0.657,5.42
3694,0.657,2.7
3695,0.657,0.38
3696,0.657,13.2
3697,0.748,3.36
3698,0.748,2.48
3699,0.748,7.12
3700,0.748,22.83
3701,0.748,0.72
3702,0.748,19.98
3703,0.748,24.8
3704,0.748,16.63
3705,0.615,22.95
3706,0.615,20.96
3707,0.615,22.15
3708,0.615,17.47
3709,0.601,23.84
3710,0.601,5.17
3711,0.601,27.16
3712,0.601,16.12
3713,0.648,27.03
3714,0.648,36.53
3715,0.648,31.98
3716,0.648,34.14
3717,0.586,6.34
3718,0.586,32.31
3719,0.586,11.8
3720,0.586,27.68
3721,0.55,5.53
3722,0.55,2.67
3723,0.55,2.85
3724,0.55,0.0
3725,0.544,22.83
3726,0.544,3.76
3727,0.544,0.0
3728,0.544,1.72
3729,0.508,0.04
3730,0.508,3.09
3731,0.508,2.44
3732,0.508,1.86
3733,0.551,1.48
3734,0.551,2.05
3735,0.551,0.72
3736,0.551,22.29
3737,0.627,13.23
3738,0.627,4.94
3739,0.627,2.13
3740,0.627,1.99
3741,0.662,25.76
3742,0.662,34.89
3743,0.662,16.32
3744,0.662,5.71
3745,0.715,26.79
3746,0.715,9.62
3747,0.715,35.86
3748,0.715,13.71
3749,0.715,0.74
3750,0.715,0.0
3751,0.715,1.94
3752,0.715,0.0
3753,0.762,4.69
3754,0.762,0.39
3755,0.762,0.25
3756,0.762,0.59
3757,0.757,29.5
3758,0.757,26.77
3759,0.757,31.08
3760,0.757,25.39
3761,0.662,17.39
3762,0.662,21.85
3763,0.662,17.59
3764,0.662,32.19
3765,0.661,4.56
3766,0.661,10.06
3767,0.661,10.17
3768,0.661,13.42
3769,0.636,10.05
3770,0.636,7.82
3771,0.636,6.42
3772,0.636,1.84
3773,0.511,9.52
3774,0.511,7.63
3775,0.511,23.45
3776,0.511,13.81
3777,0.639,0.07
3778,0.639,2.18
3779,0.639,6.34
3780,0.639,2.83
3781,0.683,13.28
3782,0.691,9.8
3783,0.648,16.4
3784,0.688,22.03
3785,0.657,6.93
3786,0.642,19.35
3787,0.643,35.4
3788,0.642,7.89
3789,0.668,12.75
3790,0.683,16.84
3791,0.697,16.69
3792,0.76,21.21
3793,0.771,10.47
3794,0.771,13.83
3795,0.771,15.0
3796,0.771,7.12
3797,0.767,7.74
3798,0.767,0.0
3799,0.767,16.76
3800,0.767,0.0
3801,0.767,0.0
3802,0.767,1.04
3803,0.767,0.0
3804,0.767,0.0
3805,0.811,10.96
3806,0.811,4.0
3807,0.811,11.98
3808,0.811,4.81
3809,0.77,18.15
3810,0.77,17.84
3811,0.77,7.39
3812,0.77,4.24
3813,0.653,12.99
3814,0.653,26.52
3815,0.653,19.2
3816,0.653,4.8
3817,0.599,13.9
3818,0.582,20.3
3819,0.599,9.97
3820,0.57,24.45
3821,0.599,2.11
3822,0.599,1.77
3823,0.599,3.26
3824,0.599,10.7
3825,0.541,1.07
3826,0.55,4.04
3827,0.55,2.84
3828,0.55,15.04
3829,0.55,20.88
3830,0.565,28.88
3831,0.565,24.6
3832,0.565,33.12
3833,0.565,8.1
3834,0.541,11.93
3835,0.541,0.0
3836,0.541,23.78
3837,0.53,9.95
3838,0.53,5.47
3839,0.53,27.12
3840,0.53,31.05
3841,0.53,19.9
3842,0.546,35.4
3843,0.546,7.49
3844,0.546,3.13
3845,0.546,0.0
3846,0.607,4.72
3847,0.607,2.25
3848,0.607,4.22
3849,0.607,11.8
3850,0.503,40.65
3851,0.503,30.71
3852,0.503,11.64
3853,0.503,2.12
3854,0.515,11.04
3855,0.515,35.86
3856,0.515,22.03
3857,0.515,29.84
3858,0.515,4.58
3859,0.469,7.32
3860,0.469,14.33
3861,0.469,28.36
3862,0.469,36.42
3863,0.469,35.87
3864,0.449,35.05
3865,0.449,18.62
3866,0.449,40.59
3867,0.449,36.57
3868,0.553,0.87
3869,0.553,1.73
3870,0.553,27.44
3871,0.553,13.48
3872,0.587,0.26
3873,0.587,2.02
3874,0.587,9.15
3875,0.587,7.01
3876,0.712,33.84
3877,0.712,11.71
3878,0.712,23.8
3879,0.712,22.03
3880,0.629,14.83
3881,0.629,23.71
3882,0.629,13.89
3883,0.629,23.77
3884,0.4,31.18
3885,0.625,27.97
3886,0.431,38.79
3887,0.488,26.44
3888,0.45,46.57
3889,0.412,36.54
3890,0.447,41.81
3891,0.431,44.07
3892,0.455,7.09
3893,0.455,26.48
3894,0.455,20.86
3895,0.455,22.61
3896,0.766,0.0
3897,0.766,0.04
3898,0.766,0.0
3899,0.766,0.0
3900,0.766,0.0
3901,0.766,0.01
3902,0.766,0.0
3903,0.766,2.01
3904,0.893,3.64
3905,0.721,2.28
3906,0.721,4.49
3907,0.721,2.12
3908,0.721,2.85
3909,0.721,1.7
3910,0.721,5.3
3911,0.721,0.0
3912,0.721,1.15
3913,0.828,1.37
3914,0.828,0.0
3915,0.828,0.0
3916,0.828,0.0
3917,0.828,0.0
3918,0.828,2.69
3919,0.828,0.0
3920,0.828,0.02
3921,0.79,13.53
3922,0.79,0.19
3923,0.79,5.93
3924,0.79,0.0
3925,0.79,8.78
3926,0.79,27.84
3927,0.79,24.92
3928,0.79,28.39
3929,0.79,10.23
3930,0.79,19.17
3931,0.79,2.68
3932,0.79,3.23
3933,0.79,0.0
3934,0.79,0.0
3935,0.79,0.0
3936,0.79,0.99
3937,0.828,7.82
3938,0.828,0.0
3939,0.828,6.73
3940,0.828,0.0
3941,0.828,0.0
3942,0.828,6.24
3943,0.828,0.0
3944,0.828,6.77
3945,0.721,0.0
3946,0.721,0.47
3947,0.721,1.04
3948,0.721,0.99
3949,0.721,0.0
3950,0.721,3.49
3951,0.828,0.0
3952,0.828,1.41
3953,0.828,0.0
3954,0.828,0.85
3955,0.828,0.0
3956,0.828,0.0
3957,0.828,1.54
3958,0.855,0.0
3959,0.855,6.28
3960,0.855,0.0
3961,0.855,2.23
3962,0.855,5.43
3963,0.855,3.44
3964,0.855,3.46
3965,0.855,0.66
3966,0.573,0.0
3967,0.573,6.56
3968,0.573,10.35
3969,0.573,11.44
3970,0.603,10.64
3971,0.603,6.97
3972,0.603,6.83
3973,0.603,0.0
3974,0.641,7.2
3975,0.641,11.67
3976,0.641,2.28
3977,0.641,6.04
3978,0.618,3.98
3979,0.618,4.33
3980,0.618,5.1
3981,0.618,4.44
3982,0.68,4.03
3983,0.68,6.85
3984,0.68,0.83
3985,0.68,3.47
3986,0.729,10.22
3987,0.729,18.12
3988,0.729,0.52
3989,0.729,0.38
3990,0.729,11.82
3991,0.729,10.62
3992,0.729,18.55
3993,0.729,19.37
3994,0.631,4.3
3995,0.631,5.41
3996,0.631,7.93
3997,0.631,32.2
3998,0.773,24.96
3999,0.773,17.26
4000,0.773,28.31
4001,0.773,16.66
4002,0.654,22.32
4003,0.684,19.01
4004,0.76,28.16
4005,0.764,26.91
4006,0.589,31.46
4007,0.589,0.04
4008,0.589,19.62
4009,0.589,9.83
4010,0.641,12.85
4011,0.595,25.05
4012,0.668,24.03
4013,0.665,24.98
4014,0.676,33.92
4015,0.675,9.78
4016,0.699,41.53
4017,0.699,18.16
4018,0.671,12.53
4019,0.728,14.63
4020,0.708,34.54
4021,0.707,29.66
4022,0.768,19.75
4023,0.768,18.79
4024,0.768,11.55
4025,0.768,10.58
4026,0.728,10.87
4027,0.728,6.17
4028,0.728,12.53
4029,0.728,5.27
4030,0.658,4.13
4031,0.658,22.38
4032,0.658,1.66
4033,0.658,5.75
4034,0.615,23.71
4035,0.615,27.84
4036,0.615,11.0
4037,0.615,15.28
4038,0.745,24.12
4039,0.745,15.41
4040,0.745,30.75
4041,0.745,28.78
4042,0.728,9.72
4043,0.746,6.16
4044,0.738,20.83
4045,0.757,29.8
4046,0.731,18.68
4047,0.729,12.5
4048,0.738,4.14
4049,0.733,17.62
4050,0.764,10.44
4051,0.765,2.0
4052,0.709,33.52
4053,0.752,14.31
4054,0.632,20.12
4055,0.632,17.86
4056,0.632,27.42
4057,0.632,29.66
4058,0.713,14.81
4059,0.713,15.07
4060,0.713,26.12
4061,0.713,15.2
4062,0.689,33.44
4063,0.689,28.12
4064,0.689,29.24
4065,0.689,32.41
4066,0.689,30.98
4067,0.689,35.24
4068,0.689,1.7
4069,0.689,0.0
4070,0.687,38.64
4071,0.687,15.02
4072,0.687,0.08
4073,0.687,4.06
4074,0.746,15.7
4075,0.746,18.67
4076,0.746,3.13
4077,0.746,24.58
4078,0.8,27.97
4079,0.813,28.5
4080,0.74,16.1
4081,0.871,33.93
4082,0.731,30.95
4083,0.731,34.3
4084,0.731,10.84
4085,0.731,31.95
4086,0.799,23.96
4087,0.799,26.96
4088,0.799,34.36
4089,0.799,41.44
4090,0.782,15.75
4091,0.782,31.7
4092,0.782,32.27
4093,0.782,33.77
4094,0.667,8.24
4095,0.667,36.03
4096,0.667,21.61
4097,0.667,24.75
4098,0.672,0.0
4099,0.672,0.0
4100,0.672,0.0
4101,0.672,32.36
4102,0.689,0.0
4103,0.689,0.0
4104,0.689,0.0
4105,0.689,0.0
4106,0.689,0.0
4107,0.689,0.0
4108,0.689,7.82
4109,0.689,0.0
4110,0.589,1.2
4111,0.589,0.51
4112,0.589,14.33
4113,0.589,8.41
4114,0.682,0.06
4115,0.682,0.0
4116,0.682,7.38
4117,0.682,13.6
4118,0.749,1.07
4119,0.749,6.31
4120,0.749,9.66
4121,0.749,12.15
4122,0.799,12.85
4123,0.799,3.88
4124,0.799,7.84
4125,0.799,21.3
4126,0.789,2.41
4127,0.789,1.11
4128,0.789,4.99
4129,0.789,10.51
4130,0.776,0.99
4131,0.776,2.67
4132,0.776,16.08
4133,0.776,26.74
4134,0.63,29.68
4135,0.63,35.49
4136,0.63,10.91
4137,0.63,32.36
4138,0.735,8.82
4139,0.69,17.62
4140,0.691,11.92
4141,0.614,25.25
4142,0.701,3.57
4143,0.725,15.55
4144,0.675,19.94
4145,0.717,25.12
4146,0.758,15.48
4147,0.755,8.82
4148,0.754,10.68
4149,0.755,10.95
4150,0.723,1.65
4151,0.723,8.71
4152,0.723,11.77
4153,0.723,15.7
4154,0.585,15.92
4155,0.585,3.71
4156,0.585,13.79
4157,0.585,6.49
4158,0.72,8.08
4159,0.72,0.51
4160,0.72,12.06
4161,0.72,21.64
4162,0.715,17.97
4163,0.715,18.93
4164,0.715,22.57
4165,0.715,19.5
4166,0.717,1.65
4167,0.717,2.97
4168,0.717,6.18
4169,0.717,5.23
4170,0.659,12.49
4171,0.659,22.46
4172,0.659,4.23
4173,0.659,15.54
4174,0.669,30.74
4175,0.669,12.17
4176,0.669,30.44
4177,0.669,24.75
4178,0.676,23.01
4179,0.676,37.99
4180,0.676,33.14
4181,0.676,35.79
4182,0.642,21.89
4183,0.642,18.82
4184,0.642,26.73
4185,0.642,18.11
4186,0.606,28.72
4187,0.606,30.39
4188,0.606,34.57
4189,0.606,29.12
4190,0.66,3.33
4191,0.66,7.26
4192,0.66,4.27
4193,0.66,10.77
4194,0.705,13.09
4195,0.705,10.29
4196,0.705,21.24
4197,0.705,9.82
4198,0.76,22.52
4199,0.76,32.38
4200,0.76,27.03
4201,0.76,8.17
4202,0.828,14.11
4203,0.828,11.98
4204,0.828,35.99
4205,0.828,35.28
4206,0.81,0.0
4207,0.81,25.28
4208,0.81,24.09
4209,0.81,18.72
4210,0.818,4.51
4211,0.818,0.0
4212,0.818,4.13
4213,0.818,2.61
4214,0.703,0.0
4215,0.703,0.0
4216,0.703,3.67
4217,0.703,5.45
4218,0.703,0.02
4219,0.703,16.39
4220,0.703,36.15
4221,0.703,24.8
4222,0.634,22.92
4223,0.634,16.77
4224,0.634,31.86
4225,0.634,15.23
4226,0.709,23.66
4227,0.709,40.46
4228,0.709,38.71
4229,0.709,35.24
4230,0.681,29.63
4231,0.681,31.62
4232,0.681,18.95
4233,0.681,40.53
4234,0.736,35.25
4235,0.736,25.75
4236,0.736,34.12
4237,0.736,26.65
4238,0.703,28.33
4239,0.703,39.31
4240,0.703,0.0
4241,0.703,37.7
4242,0.703,0.0
4243,0.703,0.01
4244,0.703,0.0
4245,0.703,0.0
4246,0.829,27.51
4247,0.829,0.81
4248,0.829,27.48
4249,0.829,4.59
4250,0.798,20.38
4251,0.798,19.5
4252,0.798,5.48
4253,0.798,39.21
4254,0.593,24.76
4255,0.593,9.91
4256,0.593,33.14
4257,0.593,36.53
4258,0.571,1.82
4259,0.571,11.93
4260,0.571,11.51
4261,0.571,17.5
4262,0.629,23.88
4263,0.629,20.4
4264,0.629,6.77
4265,0.629,21.62
4266,0.715,7.02
4267,0.715,23.59
4268,0.715,9.9
4269,0.715,14.81
4270,0.705,13.1
4271,0.721,17.36
4272,0.705,37.87
4273,0.72,30.86
4274,0.755,10.7
4275,0.755,8.74
4276,0.755,20.36
4277,0.755,7.74
4278,0.491,31.8
4279,0.491,17.27
4280,0.491,8.37
4281,0.491,6.71
4282,0.658,36.75
4283,0.658,40.19
4284,0.658,30.03
4285,0.658,36.96
4286,0.666,35.47
4287,0.666,25.48
4288,0.666,44.76
4289,0.666,32.07
4290,0.604,29.73
4291,0.604,36.52
4292,0.604,31.71
4293,0.604,24.44
4294,0.49,27.34
4295,0.49,31.42
4296,0.49,16.27
4297,0.49,29.81
4298,0.482,33.62
4299,0.482,44.99
4300,0.482,19.44
4301,0.482,23.47
4302,0.61,15.5
4303,0.61,18.63
4304,0.61,4.03
4305,0.61,12.49
4306,0.671,3.38
4307,0.832,12.96
4308,0.673,1.44
4309,0.832,19.32
4310,0.75,6.86
4311,0.75,22.16
4312,0.75,8.93
4313,0.75,34.46
4314,0.734,9.0
4315,0.708,22.38
4316,0.735,23.18
4317,0.749,21.37
4318,0.725,12.85
4319,0.725,20.26
4320,0.725,25.03
4321,0.725,22.99
4322,0.649,21.63
4323,0.649,3.76
4324,0.649,20.78
4325,0.649,6.72
4326,0.746,25.37
4327,0.746,30.28
4328,0.746,32.86
4329,0.746,33.63
4330,0.684,21.24
4331,0.684,26.21
4332,0.684,30.13
4333,0.684,18.77
4334,0.833,7.44
4335,0.833,24.12
4336,0.823,16.98
4337,0.824,23.77
4338,0.815,2.72
4339,0.815,12.05
4340,0.815,15.94
4341,0.815,31.01
4342,0.674,1.03
4343,0.842,11.14
4344,0.669,5.79
4345,0.847,5.41
4346,0.646,11.63
4347,0.646,37.15
4348,0.646,9.8
4349,0.646,15.55
4350,0.651,3.71
4351,0.651,8.66
4352,0.651,0.96
4353,0.651,2.67
4354,0.836,9.85
4355,0.836,10.74
4356,0.836,4.76
4357,0.836,9.67
4358,0.81,4.51
4359,0.81,34.1
4360,0.81,32.46
4361,0.81,26.69
4362,0.809,28.12
4363,0.809,33.86
4364,0.809,18.81
4365,0.809,29.86
4366,0.753,21.78
4367,0.79,24.98
4368,0.794,23.06
4369,0.794,13.26
4370,0.808,17.64
4371,0.808,23.72
4372,0.819,11.46
4373,0.819,8.58
4374,0.819,16.97
4375,0.819,20.92
4376,0.819,33.64
4377,0.819,28.65
4378,0.747,9.37
4379,0.747,10.26
4380,0.747,0.13
4381,0.747,4.9
4382,0.729,22.93
4383,0.729,25.15
4384,0.729,1.29
4385,0.729,0.22
4386,0.831,12.55
4387,0.831,22.36
4388,0.831,3.67
4389,0.831,7.3
4390,0.792,2.68
4391,0.792,0.66
4392,0.792,2.87
4393,0.792,6.13
4394,0.668,2.29
4395,0.668,1.98
4396,0.668,1.98
4397,0.668,4.31
4398,0.826,1.56
4399,0.826,0.0
4400,0.826,19.87
4401,0.826,1.85
4402,0.826,0.0
4403,0.826,0.0
4404,0.826,0.0
4405,0.826,0.0
4406,0.839,20.78
4407,0.839,2.91
4408,0.839,8.56
4409,0.839,34.45
4410,0.829,4.68
4411,0.829,2.04
4412,0.829,12.51
4413,0.829,0.0
4414,0.833,2.03
4415,0.833,0.9
4416,0.833,0.0
4417,0.833,0.0
4418,0.833,0.0
4419,0.833,0.98
4420,0.833,0.0
4421,0.833,1.86
4422,0.833,0.3
4423,0.833,1.36
4424,0.833,1.72
4425,0.833,3.54
4426,0.833,0.6
4427,0.833,0.0
4428,0.833,0.0
4429,0.833,0.0
4430,0.835,22.42
4431,0.835,4.87
4432,0.835,21.41
4433,0.835,16.21
4434,0.829,14.64
4435,0.829,32.74
4436,0.829,4.36
4437,0.829,30.27
4438,0.826,0.0
4439,0.826,1.49
4440,0.826,3.05
4441,0.826,0.0
4442,0.826,37.24
4443,0.826,3.7
4444,0.826,2.2
4445,0.826,6.08
4446,0.77,3.49
4447,0.77,11.12
4448,0.77,2.08
4449,0.77,3.68
4450,0.77,0.0
4451,0.77,0.0
4452,0.77,0.98
4453,0.77,0.0
4454,0.821,0.07
4455,0.821,32.84
4456,0.821,3.17
4457,0.821,3.77
4458,0.821,3.67
4459,0.821,2.55
4460,0.821,0.09
4461,0.821,0.0
4462,0.763,0.19
4463,0.763,0.0
4464,0.763,0.0
4465,0.763,0.0
4466,0.763,0.0
4467,0.763,3.79
4468,0.763,0.0
4469,0.763,0.0
4470,0.763,0.0
4471,0.763,0.0
4472,0.763,4.79
4473,0.763,6.12
4474,0.763,0.0
4475,0.763,2.68
4476,0.763,1.21
4477,0.763,4.82
4478,0.821,2.6
4479,0.821,0.0
4480,0.821,13.59
4481,0.821,4.22
4482,0.821,0.0
4483,0.821,2.6
4484,0.821,0.0
4485,0.821,1.86
4486,0.77,0.0
4487,0.77,0.0
4488,0.77,1.12
4489,0.77,0.0
4490,0.77,0.0
4491,0.77,0.01
4492,0.77,0.0
4493,0.77,0.0
4494,0.807,1.63
4495,0.807,0.0
4496,0.807,4.42
4497,0.807,1.97
4498,0.807,0.0
4499,0.807,0.0
4500,0.807,1.82
4501,0.807,0.0
4502,0.816,0.0
4503,0.816,6.42
4504,0.816,4.39
4505,0.816,12.84
4506,0.816,25.02
4507,0.816,4.04
4508,0.816,21.53
4509,0.816,0.0
4510,0.689,0.0
4511,0.689,2.5
4512,0.689,0.0
4513,0.689,4.62
4514,0.689,3.87
4515,0.689,7.0
4516,0.689,0.0
4517,0.689,0.0
4518,0.689,0.0
4519,0.689,0.67
4520,0.689,13.76
4521,0.689,17.06
4522,0.689,0.02
4523,0.689,0.69
4524,0.689,1.92
4525,0.689,0.28
4526,0.816,5.77
4527,0.816,0.0
4528,0.816,0.0
4529,0.816,0.0
4530,0.816,6.23
4531,0.816,18.64
4532,0.816,2.67
4533,0.816,0.42
4534,0.807,5.87
4535,0.807,11.73
4536,0.807,19.1
4537,0.807,13.75
4538,0.807,1.85
4539,0.807,0.0
4540,0.807,3.14
4541,0.807,5.83
4542,0.767,2.27
4543,0.767,2.34
4544,0.767,7.3
4545,0.767,0.0
4546,0.819,0.0
4547,0.819,10.06
4548,0.819,6.15
4549,0.819,14.69
4550,0.871,9.65
4551,0.871,18.52
4552,0.871,14.73
4553,0.871,13.98
4554,0.916,5.9
4555,0.723,2.63
4556,0.852,7.8
4557,0.787,10.27
4558,0.71,1.3
4559,0.71,6.04
4560,0.71,3.91
4561,0.71,11.97
4562,0.712,19.16
4563,0.712,16.08
4564,0.712,23.07
4565,0.712,5.73
4566,0.736,11.52
4567,0.736,8.94
4568,0.736,5.1
4569,0.736,10.39
4570,0.723,7.11
4571,0.723,6.57
4572,0.723,4.24
4573,0.723,15.4
4574,0.699,12.25
4575,0.699,7.8
4576,0.698,16.09
4577,0.699,23.84
4578,0.649,21.97
4579,0.649,10.94
4580,0.649,25.1
4581,0.649,13.06
4582,0.541,18.56
4583,0.541,34.51
4584,0.608,25.27
4585,0.627,39.67
4586,0.646,0.57
4587,0.646,5.98
4588,0.646,0.0
4589,0.646,20.3
4590,0.697,5.47
4591,0.697,33.33
4592,0.697,11.71
4593,0.697,16.49
4594,0.639,36.28
4595,0.577,41.25
4596,0.668,18.62
4597,0.578,29.22
4598,0.583,30.16
4599,0.583,24.06
4600,0.583,28.4
4601,0.583,37.61
4602,0.437,27.76
4603,0.542,50.86
4604,0.706,32.07
4605,0.587,40.81
4606,0.62,26.93
4607,0.711,7.87
4608,0.694,19.76
4609,0.706,32.97
4610,0.729,2.44
4611,0.729,8.23
4612,0.729,17.61
4613,0.729,13.31
4614,0.772,12.1
4615,0.772,2.79
4616,0.772,24.44
4617,0.772,13.28
4618,0.705,14.13
4619,0.705,10.09
4620,0.705,1.08
4621,0.705,11.69
4622,0.707,12.1
4623,0.707,15.78
4624,0.707,31.47
4625,0.707,20.47
4626,0.841,6.94
4627,0.781,33.69
4628,0.832,10.51
4629,0.87,24.11
4630,0.689,22.51
4631,0.737,15.23
4632,0.686,16.61
4633,0.737,12.46
4634,0.751,2.18
4635,0.751,7.98
4636,0.751,12.74
4637,0.751,12.69
4638,0.76,29.02
4639,0.76,20.54
4640,0.76,18.25
4641,0.76,5.96
4642,0.708,12.95
4643,0.708,7.15
4644,0.708,7.61
4645,0.708,5.05
4646,0.789,7.06
4647,0.789,19.92
4648,0.789,27.97
4649,0.789,31.72
4650,0.736,26.21
4651,0.736,25.03
4652,0.736,12.03
4653,0.736,19.33
4654,0.71,7.03
4655,0.71,29.22
4656,0.71,37.95
4657,0.71,25.68
4658,0.71,6.47
4659,0.71,14.02
4660,0.71,16.03
4661,0.71,13.8
4662,0.71,13.59
4663,0.71,0.0
4664,0.71,3.46
4665,0.71,1.05
4666,0.71,2.35
4667,0.71,1.36
4668,0.71,0.0
4669,0.71,0.0
4670,0.71,1.79
4671,0.71,1.71
4672,0.71,7.42
4673,0.71,0.0
4674,0.706,14.05
4675,0.706,31.65
4676,0.706,0.0
4677,0.706,2.9
4678,0.685,0.0
4679,0.685,2.34
4680,0.685,0.0
4681,0.685,0.0
4682,0.684,2.87
4683,0.684,3.25
4684,0.684,0.0
4685,0.684,6.03
4686,0.579,23.91
4687,0.539,37.78
4688,0.59,33.72
4689,0.521,33.47
4690,0.495,38.7
4691,0.664,25.0
4692,0.537,24.69
4693,0.711,29.56
4694,0.709,4.41
4695,0.709,19.59
4696,0.709,21.92
4697,0.709,29.1
4698,0.878,29.67
4699,0.878,43.62
4700,0.878,30.41
4701,0.878,31.29
4702,0.863,33.38
4703,0.863,36.05
4704,0.863,16.41
4705,0.863,36.23
4706,0.718,28.67
4707,0.718,7.12
4708,0.718,19.57
4709,0.718,21.68
4710,0.758,37.44
4711,0.758,18.96
4712,0.758,34.86
4713,0.758,8.56
4714,0.738,27.94
4715,0.738,38.67
4716,0.738,35.56
4717,0.738,25.81
4718,0.811,35.57
4719,0.811,26.67
4720,0.811,32.34
4721,0.811,29.8
4722,0.755,19.26
4723,0.755,32.5
4724,0.755,17.75
4725,0.755,33.76
4726,0.748,33.66
4727,0.748,39.29
4728,0.748,37.15
4729,0.748,31.2
4730,0.664,36.07
4731,0.664,31.36
4732,0.664,31.08
4733,0.664,36.38
4734,0.733,37.25
4735,0.733,45.46
4736,0.733,1.54
4737,0.733,8.77
4738,0.714,48.58
4739,0.714,19.09
4740,0.714,7.44
4741,0.714,12.53
4742,0.789,6.92
4743,0.789,32.0
4744,0.789,3.86
4745,0.789,5.31
4746,0.764,32.71
4747,0.764,34.39
4748,0.764,2.18
4749,0.764,17.46
4750,0.724,24.81
4751,0.724,35.54
4752,0.724,22.36
4753,0.724,23.77
4754,0.703,38.18
4755,0.703,17.09
4756,0.703,28.64
4757,0.703,5.39
4758,0.832,24.74
4759,0.832,18.19
4760,0.832,14.95
4761,0.832,7.89
4762,0.807,1.92
4763,0.807,4.83
4764,0.807,11.67
4765,0.807,11.57
4766,0.706,11.48
4767,0.777,5.89
4768,0.683,2.0
4769,0.718,7.14
4770,0.762,0.09
4771,0.762,4.1
4772,0.762,0.0
4773,0.762,4.23
4774,0.744,1.89
4775,0.744,0.0
4776,0.744,5.86
4777,0.744,0.36
4778,0.676,0.0
4779,0.676,0.88
4780,0.676,0.53
4781,0.676,4.52
4782,0.68,1.31
4783,0.68,6.58
4784,0.68,2.34
4785,0.68,1.8
4786,0.747,5.38
4787,0.747,1.09
4788,0.747,1.91
4789,0.747,3.14
4790,0.791,0.91
4791,0.791,5.06
4792,0.791,0.0
4793,0.791,2.03
4794,0.779,2.28
4795,0.779,6.43
4796,0.779,0.0
4797,0.779,2.38
4798,0.782,5.39
4799,0.745,15.1
4800,0.744,0.44
4801,0.738,3.0
4802,0.805,14.0
4803,0.805,25.02
4804,0.805,5.97
4805,0.805,6.1
4806,0.737,14.04
4807,0.737,7.3
4808,0.737,28.18
4809,0.737,3.85
4810,0.803,0.52
4811,0.803,7.77
4812,0.803,1.64
4813,0.803,19.04
4814,0.827,2.03
4815,0.827,2.22
4816,0.827,17.27
4817,0.827,2.59
4818,0.772,2.02
4819,0.772,4.21
4820,0.772,10.76
4821,0.772,4.76
4822,0.751,1.94
4823,0.751,2.01
4824,0.751,0.0
4825,0.751,3.43
4826,0.744,1.89
4827,0.744,2.25
4828,0.744,5.69
4829,0.744,0.0
4830,0.804,6.47
4831,0.804,8.61
4832,0.804,29.79
4833,0.804,29.98
4834,0.804,29.58
4835,0.804,28.39
4836,0.804,33.26
4837,0.804,33.46
4838,0.817,19.32
4839,0.817,2.62
4840,0.817,7.64
4841,0.817,8.07
4842,0.817,10.93
4843,0.817,4.18
4844,0.817,14.6
4845,0.817,3.64
4846,0.651,0.53
4847,0.651,0.0
4848,0.651,0.01
4849,0.651,1.27
4850,0.651,0.0
4851,0.651,4.36
4852,0.651,0.0
4853,0.651,0.0
4854,0.651,0.0
4855,0.651,2.85
4856,0.651,0.0
4857,0.651,0.0
4858,0.651,0.0
4859,0.651,0.0
4860,0.651,0.0
4861,0.651,0.0
4862,0.817,5.81
4863,0.817,0.0
4864,0.817,19.72
4865,0.817,16.48
4866,0.817,33.72
4867,0.817,25.52
4868,0.817,30.46
4869,0.817,25.8
4870,0.804,14.44
4871,0.804,10.24
4872,0.804,4.53
4873,0.804,4.01
4874,0.804,25.02
4875,0.804,14.68
4876,0.804,1.99
4877,0.804,1.58
4878,0.852,35.23
4879,0.852,33.6
4880,0.852,30.69
4881,0.852,28.27
4882,0.852,28.81
4883,0.852,16.17
4884,0.852,26.87
4885,0.852,8.24
4886,0.814,2.02
4887,0.814,9.13
4888,0.814,3.39
4889,0.814,1.99
4890,0.814,25.97
4891,0.814,20.33
4892,0.814,4.76
4893,0.814,4.12
4894,0.791,0.0
4895,0.791,0.0
4896,0.791,0.0
4897,0.791,0.0
4898,0.791,1.16
4899,0.791,0.0
4900,0.791,0.0
4901,0.791,0.0
4902,0.791,2.04
4903,0.791,6.78
4904,0.791,10.84
4905,0.791,34.84
4906,0.791,0.0
4907,0.791,0.0
4908,0.791,0.0
4909,0.791,0.4
4910,0.814,0.0
4911,0.814,0.0
4912,0.814,0.73
4913,0.814,0.0
4914,0.814,0.08
4915,0.814,0.0
4916,0.814,0.0
4917,0.814,0.0
4918,0.852,26.73
4919,0.852,1.13
4920,0.852,21.85
4921,0.852,1.98
4922,0.852,30.08
4923,0.852,34.36
4924,0.852,37.44
4925,0.852,29.71
4926,0.846,37.09
4927,0.846,43.4
4928,0.846,24.0
4929,0.846,14.35
4930,0.846,37.44
4931,0.846,1.83
4932,0.846,16.99
4933,0.846,2.02
4934,0.879,7.89
4935,0.879,1.06
4936,0.879,0.0
4937,0.879,0.0
4938,0.879,0.55
4939,0.879,0.0
4940,0.879,4.88
4941,0.879,0.0
4942,0.923,0.0
4943,0.923,0.0
4944,0.923,0.0
4945,0.923,0.0
4946,0.923,0.0
4947,0.923,8.62
4948,0.923,0.0
4949,0.923,1.95
4950,0.923,0.0
4951,0.923,1.62
4952,0.923,0.0
4953,0.923,0.0
4954,0.923,0.0
4955,0.923,0.0
4956,0.923,0.0
4957,0.923,0.1
4958,0.879,17.17
4959,0.879,3.92
4960,0.879,16.93
4961,0.879,4.12
4962,0.879,4.93
4963,0.879,5.37
4964,0.879,9.48
4965,0.879,8.4
4966,0.846,0.19
4967,0.846,1.23
4968,0.846,0.0
4969,0.846,1.82
4970,0.846,9.33
4971,0.846,0.0
4972,0.846,0.0
4973,0.846,0.0
4974,0.78,8.39
4975,0.78,7.22
4976,0.78,14.72
4977,0.78,0.23
4978,0.793,1.09
4979,0.793,28.78
4980,0.793,2.75
4981,0.793,23.59
4982,0.841,28.3
4983,0.841,18.2
4984,0.841,34.3
4985,0.841,16.67
4986,0.841,1.47
4987,0.841,15.17
4988,0.841,24.12
4989,0.841,29.37
4990,0.896,39.27
4991,0.896,4.24
4992,0.896,11.68
4993,0.896,8.44
4994,0.881,0.11
4995,0.881,23.75
4996,0.881,10.27
4997,0.881,35.92
4998,0.849,20.94
4999,0.849,18.16
5000,0.849,2.04
5001,0.849,2.68
5002,0.819,12.91
5003,0.819,7.87
5004,0.819,0.14
5005,0.819,13.35
5006,0.841,22.68
5007,0.841,30.32
5008,0.841,24.03
5009,0.841,3.23
5010,0.841,27.13
5011,0.841,12.66
5012,0.841,8.43
5013,0.841,6.58
5014,0.827,4.36
5015,0.827,30.2
5016,0.827,0.0
5017,0.827,7.15
5018,0.779,9.23
5019,0.779,1.51
5020,0.779,5.89
5021,0.779,1.94
5022,0.806,0.41
5023,0.806,1.99
5024,0.806,0.92
5025,0.806,4.19
5026,0.844,1.53
5027,0.844,19.48
5028,0.844,11.31
5029,0.844,35.85
5030,0.856,12.69
5031,0.856,7.95
5032,0.856,28.0
5033,0.856,35.36
5034,0.822,15.14
5035,0.822,27.0
5036,0.822,4.29
5037,0.822,29.94
5038,0.795,17.95
5039,0.795,2.93
5040,0.795,8.69
5041,0.795,7.65
5042,0.826,5.16
5043,0.826,3.08
5044,0.826,0.0
5045,0.826,3.32
5046,0.822,6.26
5047,0.822,38.01
5048,0.822,32.56
5049,0.822,44.23
5050,0.82,11.98
5051,0.82,4.03
5052,0.82,0.48
5053,0.82,18.27
5054,0.85,0.0
5055,0.85,17.55
5056,0.85,8.47
5057,0.85,5.48
5058,0.916,35.55
5059,0.832,2.75
5060,0.915,14.91
5061,0.885,31.02
5062,0.815,21.33
5063,0.9,19.44
5064,0.83,11.45
5065,0.91,12.08
5066,0.837,13.32
5067,0.837,6.75
5068,0.837,21.38
5069,0.837,9.72
5070,0.885,1.25
5071,0.885,3.8
5072,0.885,0.0
5073,0.885,2.67
5074,0.882,0.0
5075,0.882,7.68
5076,0.882,3.22
5077,0.882,25.28
5078,0.906,30.25
5079,0.906,4.3
5080,0.906,27.7
5081,0.906,41.1
5082,0.902,38.86
5083,0.86,4.09
5084,0.925,47.03
5085,0.872,5.44
5086,0.858,0.0
5087,0.858,21.57
5088,0.858,0.0
5089,0.858,23.22
5090,0.833,29.04
5091,0.833,25.92
5092,0.833,10.33
5093,0.833,35.58
5094,0.835,11.12
5095,0.835,27.32
5096,0.835,1.47
5097,0.835,0.02
5098,0.85,0.0
5099,0.85,14.24
5100,0.85,0.0
5101,0.85,7.49
5102,0.864,16.14
5103,0.864,4.03
5104,0.864,4.94
5105,0.864,3.02
5106,0.868,12.98
5107,0.868,23.07
5108,0.868,0.31
5109,0.868,20.7
5110,0.846,27.47
5111,0.846,17.67
5112,0.846,16.75
5113,0.846,12.48
5114,0.813,1.4
5115,0.813,1.96
5116,0.813,2.49
5117,0.813,1.95
5118,0.766,12.72
5119,0.766,3.46
5120,0.766,1.94
5121,0.766,2.06
5122,0.933,9.7
5123,0.933,8.96
5124,0.933,5.9
5125,0.933,5.71
5126,0.896,5.05
5127,0.896,1.13
5128,0.896,2.87
5129,0.896,0.33
5130,0.789,4.9
5131,0.789,5.27
5132,0.789,13.1
5133,0.789,21.74
5134,0.789,2.1
5135,0.789,2.03
5136,0.789,10.35
5137,0.789,12.19
5138,0.791,15.53
5139,0.791,8.48
5140,0.791,2.17
5141,0.791,4.93
5142,0.799,7.66
5143,0.799,31.1
5144,0.799,36.04
5145,0.799,29.88
5146,0.911,1.6
5147,0.911,0.0
5148,0.911,5.43
5149,0.911,9.87
5150,0.933,1.09
5151,0.933,0.0
5152,0.933,19.74
5153,0.933,21.39
5154,0.766,1.43
5155,0.766,0.0
5156,0.766,0.2
5157,0.766,10.88
5158,0.893,2.05
5159,0.893,1.66
5160,0.893,16.6
5161,0.859,21.39
5162,0.859,23.29
5163,0.859,36.28
5164,0.859,16.46
5165,0.835,12.64
5166,0.835,26.02
5167,0.835,2.55
5168,0.835,16.03
5169,0.835,3.87
5170,0.835,22.15
5171,0.835,0.06
5172,0.835,13.61
5173,0.846,26.65
5174,0.846,3.7
5175,0.846,11.7
5176,0.846,12.58
5177,0.84,0.0
5178,0.84,0.0
5179,0.84,27.76
5180,0.84,5.89
5181,0.794,18.74
5182,0.794,12.57
5183,0.794,27.49
5184,0.794,21.78
5185,0.791,31.21
5186,0.845,25.36
5187,0.861,25.94
5188,0.87,17.18
5189,0.769,13.87
5190,0.769,10.6
5191,0.769,0.26
5192,0.769,28.9
5193,0.817,0.0
5194,0.817,0.0
5195,0.817,1.6
5196,0.817,2.64
5197,0.822,1.4
5198,0.822,5.0
5199,0.822,0.68
5200,0.822,9.21
5201,0.903,3.37
5202,0.903,24.22
5203,0.903,10.99
5204,0.903,19.97
5205,0.854,0.56
5206,0.854,24.81
5207,0.854,0.0
5208,0.854,12.46
5209,0.786,6.22
5210,0.786,3.82
5211,0.786,3.37
5212,0.786,0.0
5213,0.876,1.08
5214,0.876,8.46
5215,0.876,0.41
5216,0.876,5.42
5217,0.868,14.08
5218,0.909,24.34
5219,0.95,21.7
5220,0.919,22.6
5221,0.901,22.61
5222,0.844,30.37
5223,0.852,31.66
5224,0.846,0.0
5225,0.83,8.31
5226,0.83,0.0
5227,0.83,0.37
5228,0.83,0.0
5229,0.799,0.08
5230,0.799,3.05
5231,0.799,0.28
5232,0.799,2.5
5233,0.801,4.55
5234,0.801,0.0
5235,0.801,0.0
5236,0.801,0.98
5237,0.852,26.57
5238,0.852,8.84
5239,0.852,19.13
5240,0.852,0.62
5241,0.752,7.21
5242,0.752,16.18
5243,0.752,0.9
5244,0.752,2.48
5245,0.782,2.66
5246,0.79,5.76
5247,0.655,32.48
5248,0.657,39.38
5249,0.838,0.89
5250,0.835,1.9
5251,0.793,2.42
5252,0.686,19.0
5253,0.877,0.0
5254,0.877,0.0
5255,0.877,0.0
5256,0.877,0.0
5257,0.877,0.0
5258,0.877,0.0
5259,0.877,0.0
5260,0.877,0.0
5261,0.877,0.0
5262,0.877,0.0
5263,0.877,0.0
5264,0.877,0.0
5265,0.877,0.0
5266,0.877,0.0
5267,0.877,0.0
5268,0.877,0.0
5269,0.877,0.0
5270,0.877,0.0
5271,0.877,0.0
5272,0.877,0.0
5273,0.877,0.0
5274,0.877,0.0
5275,0.877,0.0
5276,0.877,0.0
5277,0.877,0.0
5278,0.877,0.0
5279,0.877,0.0
5280,0.877,0.0
5281,0.877,0.0
5282,0.877,0.0
5283,0.877,0.0
5284,0.877,0.0
5285,0.877,0.0
5286,0.877,0.0
5287,0.877,0.0
5288,0.877,0.0
5289,0.877,0.0
5290,0.877,0.0
5291,0.877,0.0
5292,0.877,0.0
5293,0.877,0.0
5294,0.877,0.0
5295,0.877,0.0
5296,0.877,0.0
5297,0.877,0.0
5298,0.877,0.0
5299,0.877,0.0
5300,0.877,0.0
5301,0.877,0.0
5302,0.877,0.0
5303,0.877,0.0
5304,0.877,0.0
5305,0.877,0.0
5306,0.877,0.0
5307,0.877,0.0
5308,0.877,0.0
5309,0.877,0.0
5310,0.877,0.0
5311,0.877,0.0
5312,0.877,0.0
5313,0.877,0.0
5314,0.877,0.0
5315,0.877,0.0
5316,0.877,0.0
5317,0.877,0.0
5318,0.877,0.0
5319,0.877,0.0
5320,0.877,0.0
5321,0.877,0.0
5322,0.877,0.0
5323,0.877,0.0
5324,0.877,0.0
5325,0.877,0.0
5326,0.877,0.0
5327,0.877,0.0
5328,0.877,0.0
5329,0.877,0.0
5330,0.877,0.0
5331,0.877,0.0
5332,0.877,0.0
5333,0.877,3.36
5334,0.877,0.0
5335,0.877,0.0
5336,0.877,0.0
5337,0.876,0.0
5338,0.876,2.26
5339,0.876,0.0
5340,0.876,0.0
5341,0.876,0.0
5342,0.876,0.0
5343,0.876,0.0
5344,0.876,0.0
5345,0.876,0.0
5346,0.876,0.0
5347,0.876,0.0
5348,0.876,0.0
5349,0.876,0.0
5350,0.876,0.0
5351,0.876,0.0
5352,0.876,0.0
5353,0.876,0.0
5354,0.876,0.0
5355,0.876,3.24
5356,0.876,2.56
5357,0.876,0.0
5358,0.876,0.0
5359,0.876,0.0
5360,0.876,0.0
5361,0.877,0.0
5362,0.877,0.0
5363,0.877,0.0
5364,0.877,0.0
5365,0.877,0.0
5366,0.877,0.0
5367,0.877,0.0
5368,0.877,0.0
5369,0.877,0.0
5370,0.877,0.0
5371,0.877,0.0
5372,0.877,0.0
5373,0.877,0.0
5374,0.877,0.0
5375,0.877,0.0
5376,0.877,0.0
5377,0.877,0.0
5378,0.877,0.0
5379,0.877,0.0
5380,0.877,0.0
5381,0.877,0.0
5382,0.877,0.0
5383,0.877,0.0
5384,0.877,0.0
5385,0.876,0.0
5386,0.876,0.0
5387,0.876,0.0
5388,0.876,0.0
5389,0.876,0.0
5390,0.876,0.0
5391,0.876,0.0
5392,0.876,0.0
5393,0.876,0.0
5394,0.876,0.0
5395,0.876,0.0
5396,0.876,0.0
5397,0.803,0.0
5398,0.803,3.1
5399,0.803,3.16
5400,0.803,0.83
5401,0.803,0.35
5402,0.803,0.0
5403,0.803,7.43
5404,0.803,1.51
5405,0.803,0.0
5406,0.803,0.0
5407,0.803,14.56
5408,0.803,14.45
5409,0.802,0.0
5410,0.802,0.0
5411,0.802,13.26
5412,0.802,0.83
5413,0.802,0.0
5414,0.802,0.0
5415,0.802,1.39
5416,0.802,0.0
5417,0.802,0.0
5418,0.802,0.0
5419,0.802,0.0
5420,0.802,0.0
5421,0.802,0.0
5422,0.802,0.0
5423,0.802,0.0
5424,0.802,0.0
5425,0.802,0.0
5426,0.802,0.0
5427,0.802,0.0
5428,0.802,0.0
5429,0.802,0.05
5430,0.802,0.0
5431,0.802,0.0
5432,0.802,0.0
5433,0.803,8.53
5434,0.803,16.36
5435,0.803,9.76
5436,0.803,4.39
5437,0.803,1.38
5438,0.803,17.4
5439,0.803,0.0
5440,0.803,6.23
5441,0.803,2.89
5442,0.803,0.0
5443,0.803,4.69
5444,0.803,4.13
5445,0.803,13.79
5446,0.803,4.23
5447,0.803,25.03
5448,0.803,1.43
5449,0.803,0.0
5450,0.803,0.0
5451,0.803,0.0
5452,0.803,3.17
5453,0.803,0.62
5454,0.803,17.15
5455,0.803,0.0
5456,0.803,4.43
5457,0.802,13.14
5458,0.802,19.85
5459,0.802,1.88
5460,0.802,0.31
5461,0.802,0.0
5462,0.802,0.0
5463,0.802,0.0
5464,0.802,0.62
5465,0.802,0.0
5466,0.802,0.0
5467,0.802,0.0
5468,0.802,0.0
5469,0.801,0.0
5470,0.801,0.0
5471,0.801,0.0
5472,0.801,0.0
5473,0.801,7.91
5474,0.801,2.26
5475,0.801,0.0
5476,0.801,0.0
5477,0.801,25.6
5478,0.801,21.99
5479,0.801,12.74
5480,0.801,0.0
5481,0.801,3.64
5482,0.801,0.02
5483,0.801,0.0
5484,0.801,0.71
5485,0.872,3.28
5486,0.801,13.78
5487,0.872,0.0
5488,0.801,0.0
5489,0.872,19.74
5490,0.872,2.4
5491,0.872,11.97
5492,0.872,0.0
5493,0.872,19.84
5494,0.872,3.83
5495,0.88,4.82
5496,0.88,0.0
5497,0.872,0.74
5498,0.801,0.0
5499,0.88,0.0
5500,0.861,0.0
5501,0.801,0.0
5502,0.801,0.01
5503,0.861,0.0
5504,0.861,0.0
5505,0.801,8.25
5506,0.801,0.0
5507,0.801,0.0
5508,0.801,0.0
5509,0.801,0.0
5510,0.801,0.0
5511,0.801,0.0
5512,0.801,0.0
5513,0.801,0.0
5514,0.801,0.0
5515,0.801,0.0
5516,0.801,0.0
5517,0.801,0.0
5518,0.801,0.0
5519,0.801,0.0
5520,0.801,0.0
5521,0.801,0.0
5522,0.801,0.0
5523,0.801,0.0
5524,0.801,0.0
5525,0.801,0.0
5526,0.801,0.0
5527,0.801,0.0
5528,0.801,0.0
5529,0.861,0.0
5530,0.861,0.0
5531,0.861,19.97
5532,0.861,0.0
5533,0.88,0.0
5534,0.861,0.0
5535,0.88,16.09
5536,0.861,38.0
5537,0.88,1.99
5538,0.88,1.93
5539,0.88,1.74
5540,0.88,0.51
5541,0.722,7.02
5542,0.722,5.48
5543,0.722,0.59
5544,0.722,0.0
5545,0.863,5.73
5546,0.863,4.73
5547,0.863,3.15
5548,0.863,2.63
5549,0.864,27.62
5550,0.864,9.52
5551,0.864,1.7
5552,0.864,0.0
5553,0.939,11.36
5554,0.939,32.28
5555,0.939,1.72
5556,0.939,2.36
5557,0.905,22.44
5558,0.905,25.05
5559,0.905,1.21
5560,0.905,2.0
5561,0.849,17.57
5562,0.849,0.0
5563,0.849,2.23
5564,0.849,4.21
5565,0.849,7.68
5566,0.849,4.76
5567,0.849,20.3
5568,0.849,10.34
5569,0.908,0.18
5570,0.908,4.6
5571,0.908,25.31
5572,0.908,2.22
5573,0.905,3.51
5574,0.905,10.03
5575,0.905,10.34
5576,0.905,34.61
5577,0.864,1.84
5578,0.864,0.62
5579,0.864,2.67
5580,0.864,3.97
5581,0.884,11.89
5582,0.884,5.17
5583,0.884,12.39
5584,0.884,7.03
5585,0.718,8.09
5586,0.718,6.12
5587,0.718,14.62
5588,0.718,5.98
5589,0.77,29.15
5590,0.77,12.02
5591,0.77,1.29
5592,0.77,0.69
5593,0.915,10.52
5594,0.915,14.68
5595,0.915,4.7
5596,0.915,27.12
5597,0.895,4.74
5598,0.895,3.28
5599,0.895,24.12
5600,0.895,30.86
5601,0.895,4.12
5602,0.895,15.46
5603,0.895,34.98
5604,0.895,22.03
5605,0.902,17.6
5606,0.902,24.18
5607,0.902,23.76
5608,0.902,29.32
5609,0.968,35.44
5610,0.968,16.81
5611,0.968,26.81
5612,0.968,24.78
5613,0.907,15.85
5614,0.907,16.52
5615,0.907,2.56
5616,0.907,26.35
5617,0.806,29.46
5618,0.806,10.53
5619,0.806,40.86
5620,0.806,5.47
5621,0.864,43.71
5622,0.839,34.57
5623,0.738,28.22
5624,0.763,29.29
5625,0.939,22.03
5626,0.874,34.59
5627,0.949,45.26
5628,0.81,37.41
5629,0.971,42.64
5630,0.971,34.04
5631,0.971,41.29
5632,0.971,39.91
5633,0.9,1.52
5634,0.9,9.3
5635,0.9,0.0
5636,0.9,0.57
5637,0.789,0.0
5638,0.789,0.0
5639,0.789,36.02
5640,0.789,23.44
5641,0.913,19.14
5642,0.939,45.37
5643,0.898,1.65
5644,0.956,8.33
5645,0.941,46.93
5646,0.941,41.79
5647,0.941,42.61
5648,0.941,39.47
5649,0.882,18.67
5650,0.882,10.32
5651,0.882,14.38
5652,0.882,15.08
5653,0.9,0.6
5654,0.9,0.0
5655,0.9,0.0
5656,0.9,0.0
5657,0.9,0.0
5658,0.9,0.0
5659,0.9,0.0
5660,0.9,0.0
5661,0.919,0.0
5662,0.919,0.0
5663,0.919,0.54
5664,0.919,1.59
5665,0.919,1.77
5666,0.919,0.0
5667,0.919,13.92
5668,0.919,0.0
5669,0.923,1.73
5670,0.923,9.44
5671,0.923,14.67
5672,0.923,1.85
5673,0.962,7.16
5674,0.962,22.18
5675,0.962,0.01
5676,0.962,4.24
5677,0.944,0.0
5678,0.944,2.97
5679,0.944,0.0
5680,0.944,20.67
5681,0.863,17.26
5682,0.878,19.28
5683,0.88,18.21
5684,0.883,1.1
5685,0.877,0.0
5686,0.877,0.0
5687,0.877,0.0
5688,0.877,0.0
5689,0.877,0.0
5690,0.877,0.0
5691,0.877,0.0
5692,0.877,0.0
5693,0.877,0.0
5694,0.877,0.0
5695,0.877,0.0
5696,0.877,0.0
5697,0.877,0.0
5698,0.877,0.0
5699,0.877,0.0
5700,0.877,0.0
5701,0.877,0.0
5702,0.877,0.0
5703,0.877,0.0
5704,0.877,0.0
5705,0.877,0.0
5706,0.877,0.0
5707,0.877,0.0
5708,0.877,0.0
5709,0.877,0.0
5710,0.877,0.0
5711,0.877,0.0
5712,0.877,0.0
5713,0.877,0.0
5714,0.877,0.0
5715,0.877,0.0
5716,0.877,0.0
5717,0.877,0.0
5718,0.877,0.0
5719,0.877,0.0
5720,0.877,0.0
5721,0.877,0.0
5722,0.877,0.0
5723,0.877,0.0
5724,0.877,0.0
5725,0.877,0.0
5726,0.877,0.0
5727,0.877,0.0
5728,0.877,0.0
5729,0.877,0.0
5730,0.877,0.0
5731,0.877,0.0
5732,0.877,0.0
5733,0.877,0.0
5734,0.877,0.0
5735,0.877,0.0
5736,0.877,0.0
5737,0.877,0.0
5738,0.877,0.0
5739,0.877,0.0
5740,0.877,0.0
5741,0.877,0.0
5742,0.877,0.0
5743,0.877,0.0
5744,0.877,0.0
5745,0.877,0.0
5746,0.877,0.0
5747,0.877,0.0
5748,0.877,0.0
5749,0.877,0.0
5750,0.877,0.0
5751,0.877,0.0
5752,0.877,0.0
5753,0.877,0.0
5754,0.877,0.0
5755,0.877,0.0
5756,0.877,0.0
5757,0.877,0.0
5758,0.877,0.0
5759,0.877,0.0
5760,0.877,0.0
5761,0.877,0.0
5762,0.877,0.0
5763,0.877,0.0
5764,0.877,0.0
5765,0.877,0.0
5766,0.877,0.0
5767,0.877,0.0
5768,0.877,0.0
5769,0.877,0.0
5770,0.877,0.0
5771,0.877,0.0
5772,0.877,0.0
5773,0.877,0.0
5774,0.877,0.0
5775,0.877,0.0
5776,0.877,0.0
5777,0.877,0.0
5778,0.877,0.0
5779,0.877,0.0
5780,0.877,0.0
5781,0.877,0.0
5782,0.877,0.0
5783,0.877,0.0
5784,0.877,0.0
5785,0.877,0.13
5786,0.877,3.56
5787,0.877,0.0
5788,0.877,0.0
5789,0.877,0.02
5790,0.877,0.0
5791,0.877,0.0
5792,0.877,0.0
5793,0.877,0.0
5794,0.877,0.0
5795,0.877,0.0
5796,0.877,0.0
5797,0.877,0.0
5798,0.877,0.0
5799,0.877,0.0
5800,0.877,0.0
5801,0.877,0.0
5802,0.877,0.0
5803,0.877,0.0
5804,0.877,0.0
5805,0.877,0.0
5806,0.877,0.0
5807,0.877,0.0
5808,0.877,0.0
5809,0.877,0.0
5810,0.877,0.0
5811,0.877,0.0
5812,0.877,0.0
5813,0.877,0.0
5814,0.877,0.0
5815,0.877,0.0
5816,0.877,0.0
5817,0.877,0.0
5818,0.877,0.0
5819,0.877,0.0
5820,0.877,0.0
5821,0.877,0.0
5822,0.877,0.0
5823,0.877,0.0
5824,0.877,0.0
5825,0.877,0.0
5826,0.877,0.0
5827,0.877,0.0
5828,0.877,0.0
5829,0.663,0.0
5830,0.663,0.0
5831,0.663,0.0
5832,0.663,0.0
5833,0.663,0.0
5834,0.663,0.0
5835,0.663,0.0
5836,0.663,0.0
5837,0.663,0.0
5838,0.663,0.0
5839,0.663,0.0
5840,0.663,0.0
5841,0.862,0.0
5842,0.862,0.0
5843,0.862,0.0
5844,0.862,0.0
5845,0.862,0.14
5846,0.862,12.66
5847,0.862,0.08
5848,0.862,1.31
5849,0.862,11.41
5850,0.862,0.0
5851,0.862,10.82
5852,0.862,0.0
5853,0.862,0.0
5854,0.862,0.0
5855,0.862,0.0
5856,0.862,0.0
5857,0.862,26.16
5858,0.862,16.73
5859,0.862,13.58
5860,0.862,0.0
5861,0.862,0.0
5862,0.862,8.16
5863,0.862,0.0
5864,0.862,14.07
5865,0.663,0.0
5866,0.663,0.0
5867,0.663,0.0
5868,0.663,0.0
5869,0.663,6.23
5870,0.663,0.0
5871,0.663,6.42
5872,0.663,0.0
5873,0.663,17.82
5874,0.663,16.38
5875,0.663,32.77
5876,0.663,18.13
5877,0.663,18.69
5878,0.663,15.27
5879,0.663,21.68
5880,0.663,1.61
5881,0.663,1.98
5882,0.663,1.98
5883,0.663,0.0
5884,0.663,0.0
5885,0.663,0.0
5886,0.663,0.0
5887,0.663,0.0
5888,0.663,0.0
5889,0.862,0.0
5890,0.862,0.0
5891,0.862,0.0
5892,0.862,0.0
5893,0.862,0.0
5894,0.862,0.0
5895,0.862,0.0
5896,0.862,0.0
5897,0.862,0.0
5898,0.862,0.0
5899,0.862,0.0
5900,0.862,0.0
5901,0.804,0.0
5902,0.804,0.0
5903,0.804,0.0
5904,0.804,0.0
5905,0.804,0.0
5906,0.804,0.0
5907,0.804,0.0
5908,0.804,0.0
5909,0.804,0.0
5910,0.804,0.0
5911,0.804,0.0
5912,0.804,0.0
5913,0.714,0.0
5914,0.714,0.0
5915,0.714,0.0
5916,0.714,0.0
5917,0.714,0.0
5918,0.714,0.0
5919,0.714,0.0
5920,0.714,0.0
5921,0.714,24.56
5922,0.714,2.66
5923,0.714,0.6
5924,0.714,0.2
5925,0.714,0.0
5926,0.714,0.68
5927,0.714,0.0
5928,0.714,0.0
5929,0.714,0.0
5930,0.714,0.0
5931,0.714,0.0
5932,0.714,0.0
5933,0.714,0.0
5934,0.714,0.0
5935,0.714,0.0
5936,0.714,0.0
5937,0.804,3.78
5938,0.804,0.0
5939,0.804,2.87
5940,0.804,0.0
5941,0.804,0.0
5942,0.804,0.0
5943,0.804,0.0
5944,0.804,0.0
5945,0.804,0.0
5946,0.804,0.0
5947,0.804,0.0
5948,0.804,0.0
5949,0.804,0.0
5950,0.804,0.0
5951,0.804,0.0
5952,0.804,0.0
5953,0.804,0.0
5954,0.804,0.0
5955,0.804,0.0
5956,0.804,0.0
5957,0.804,0.0
5958,0.804,0.0
5959,0.804,0.0
5960,0.804,0.0
5961,0.714,0.0
5962,0.714,0.0
5963,0.714,0.0
5964,0.714,0.0
5965,0.714,2.11
5966,0.714,0.0
5967,0.714,0.0
5968,0.714,0.0
5969,0.714,6.86
5970,0.714,7.68
5971,0.714,23.54
5972,0.714,26.27
5973,0.843,0.0
5974,0.843,20.59
5975,0.843,2.02
5976,0.843,8.32
5977,0.843,24.57
5978,0.843,1.48
5979,0.843,11.47
5980,0.843,22.11
5981,0.643,12.39
5982,0.643,20.1
5983,0.643,44.07
5984,0.643,28.31
5985,0.621,17.46
5986,0.621,29.25
5987,0.621,11.04
5988,0.621,14.0
5989,0.738,23.39
5990,0.738,27.7
5991,0.738,17.62
5992,0.738,20.57
5993,0.738,0.83
5994,0.738,0.0
5995,0.738,0.0
5996,0.738,0.0
5997,0.738,7.21
5998,0.738,9.43
5999,0.738,3.46
6000,0.738,10.24
6001,0.738,15.81
6002,0.738,22.72
6003,0.738,31.22
6004,0.738,8.21
6005,0.696,8.1
6006,0.696,8.83
6007,0.696,21.62
6008,0.696,14.06
6009,0.711,11.67
6010,0.711,9.83
6011,0.711,0.0
6012,0.711,2.82
6013,0.843,0.27
6014,0.843,11.35
6015,0.843,0.0
6016,0.843,10.7
6017,0.843,0.0
6018,0.843,0.0
6019,0.843,0.0
6020,0.843,0.0
6021,0.833,0.0
6022,0.833,0.0
6023,0.833,0.0
6024,0.833,0.0
6025,0.833,1.01
6026,0.833,2.05
6027,0.833,0.0
6028,0.833,13.62
6029,0.788,1.21
6030,0.788,4.5
6031,0.788,19.11
6032,0.788,6.68
6033,0.767,17.23
6034,0.767,11.14
6035,0.767,27.99
6036,0.767,22.11
6037,0.75,7.66
6038,0.75,10.45
6039,0.75,6.75
6040,0.75,6.73
6041,0.75,1.31
6042,0.75,11.41
6043,0.75,0.0
6044,0.75,7.9
6045,0.75,0.0
6046,0.75,3.87
6047,0.75,2.43
6048,0.75,0.0
6049,0.75,15.4
6050,0.75,5.26
6051,0.75,12.22
6052,0.75,13.09
6053,0.795,15.35
6054,0.795,20.03
6055,0.795,11.01
6056,0.795,2.11
6057,0.798,30.27
6058,0.798,35.96
6059,0.798,6.82
6060,0.798,27.25
6061,0.811,16.3
6062,0.811,26.5
6063,0.811,21.39
6064,0.811,21.57
6065,0.824,0.0
6066,0.824,3.81
6067,0.824,1.96
6068,0.824,3.63
6069,0.74,7.13
6070,0.74,4.66
6071,0.74,2.47
6072,0.74,8.83
6073,0.74,15.98
6074,0.74,16.53
6075,0.74,16.93
6076,0.74,25.28
6077,0.78,0.3
6078,0.78,5.72
6079,0.78,11.12
6080,0.78,2.36
6081,0.78,30.54
6082,0.78,12.5
6083,0.78,9.77
6084,0.78,9.21
6085,0.78,11.33
6086,0.78,6.07
6087,0.78,0.0
6088,0.78,0.0
6089,0.78,0.0
6090,0.78,0.0
6091,0.78,0.0
6092,0.78,0.0
6093,0.78,2.33
6094,0.78,13.02
6095,0.78,10.22
6096,0.78,1.89
6097,0.78,1.32
6098,0.78,2.65
6099,0.78,22.15
6100,0.78,25.86
6101,0.78,0.14
6102,0.78,3.52
6103,0.78,2.19
6104,0.78,27.31
6105,0.78,30.24
6106,0.78,4.23
6107,0.78,26.2
6108,0.78,23.2
6109,0.74,22.53
6110,0.74,24.59
6111,0.74,10.77
6112,0.74,2.4
6113,0.74,1.15
6114,0.74,9.47
6115,0.74,15.31
6116,0.74,19.04
6117,0.877,0.0
6118,0.877,0.0
6119,0.877,0.0
6120,0.877,0.0
6121,0.877,0.0
6122,0.877,0.0
6123,0.877,0.0
6124,0.877,0.0
6125,0.877,0.0
6126,0.877,0.0
6127,0.877,0.0
6128,0.877,0.0
6129,0.877,0.0
6130,0.877,0.0
6131,0.877,0.0
6132,0.877,0.0
6133,0.877,0.0
6134,0.877,0.0
6135,0.877,0.0
6136,0.877,0.0
6137,0.877,0.0
6138,0.877,0.0
6139,0.877,1.03
6140,0.877,2.09
6141,0.877,0.0
6142,0.877,0.0
6143,0.877,0.0
6144,0.877,0.0
6145,0.877,0.0
6146,0.877,0.0
6147,0.877,0.0
6148,0.877,0.0
6149,0.877,0.0
6150,0.877,0.0
6151,0.877,0.0
6152,0.877,0.0
6153,0.877,0.0
6154,0.877,0.0
6155,0.877,0.0
6156,0.877,0.0
6157,0.877,0.0
6158,0.877,0.0
6159,0.877,0.0
6160,0.877,0.0
6161,0.877,0.0
6162,0.877,0.0
6163,0.877,0.0
6164,0.877,0.0
6165,0.877,0.0
6166,0.877,0.0
6167,0.877,0.0
6168,0.877,0.0
6169,0.877,0.0
6170,0.877,0.0
6171,0.877,0.0
6172,0.877,0.0
6173,0.877,0.0
6174,0.877,0.0
6175,0.877,0.0
6176,0.877,0.0
6177,0.877,0.0
6178,0.877,0.0
6179,0.877,0.0
6180,0.877,0.0
6181,0.877,0.0
6182,0.877,0.0
6183,0.877,0.0
6184,0.877,0.0
6185,0.877,0.0
6186,0.877,0.0
6187,0.877,0.0
6188,0.877,0.0
6189,0.877,0.0
6190,0.877,0.0
6191,0.877,0.0
6192,0.877,0.0
6193,0.877,0.0
6194,0.877,0.0
6195,0.877,0.0
6196,0.877,0.0
6197,0.877,0.0
6198,0.877,0.0
6199,0.877,0.0
6200,0.877,0.0
6201,0.877,0.0
6202,0.877,0.0
6203,0.877,0.0
6204,0.877,0.0
6205,0.877,0.0
6206,0.877,0.0
6207,0.877,0.0
6208,0.877,0.0
6209,0.877,0.0
6210,0.877,0.0
6211,0.877,0.0
6212,0.877,0.0
6213,0.877,0.0
6214,0.877,0.0
6215,0.877,0.0
6216,0.877,0.0
6217,0.877,0.0
6218,0.877,0.0
6219,0.877,0.0
6220,0.877,0.0
6221,0.877,0.0
6222,0.877,0.0
6223,0.877,0.0
6224,0.877,0.0
6225,0.877,0.0
6226,0.877,0.0
6227,0.877,0.0
6228,0.877,0.0
6229,0.877,0.0
6230,0.877,0.0
6231,0.877,0.0
6232,0.877,0.0
6233,0.877,0.0
6234,0.877,0.0
6235,0.877,0.0
6236,0.877,10.57
6237,0.877,4.22
6238,0.877,21.95
6239,0.877,0.0
6240,0.877,0.0
6241,0.877,0.0
6242,0.877,0.0
6243,0.877,0.0
6244,0.877,0.0
6245,0.877,0.0
6246,0.877,0.0
6247,0.877,0.0
6248,0.877,0.0
6249,0.877,0.0
6250,0.877,0.0
6251,0.877,0.0
6252,0.877,0.0
6253,0.877,0.0
6254,0.877,0.0
6255,0.877,0.0
6256,0.877,0.0
6257,0.877,0.0
6258,0.877,0.0
6259,0.877,0.0
6260,0.877,0.0
6261,0.788,0.0
6262,0.788,0.0
6263,0.788,0.0
6264,0.788,0.0
6265,0.788,0.0
6266,0.788,0.0
6267,0.788,0.0
6268,0.788,0.0
6269,0.788,0.0
6270,0.788,0.0
6271,0.788,0.0
6272,0.788,0.0
6273,0.809,0.0
6274,0.809,0.0
6275,0.809,0.0
6276,0.809,0.0
6277,0.809,0.0
6278,0.809,0.0
6279,0.809,0.0
6280,0.809,0.0
6281,0.809,0.0
6282,0.809,0.0
6283,0.809,0.0
6284,0.809,0.0
6285,0.809,0.0
6286,0.809,0.0
6287,0.809,0.0
6288,0.809,0.0
6289,0.809,0.0
6290,0.809,0.0
6291,0.809,0.0
6292,0.809,3.07
6293,0.809,0.0
6294,0.809,0.0
6295,0.809,0.0
6296,0.809,0.0
6297,0.788,0.0
6298,0.788,0.0
6299,0.788,0.0
6300,0.788,0.0
6301,0.788,0.0
6302,0.788,0.0
6303,0.788,0.0
6304,0.788,0.0
6305,0.788,0.0
6306,0.788,0.0
6307,0.788,0.0
6308,0.788,0.0
6309,0.788,0.0
6310,0.788,0.0
6311,0.788,6.77
6312,0.788,7.84
6313,0.788,0.0
6314,0.788,0.0
6315,0.788,0.0
6316,0.788,0.0
6317,0.788,0.0
6318,0.788,0.0
6319,0.788,0.0
6320,0.788,0.0
6321,0.809,0.0
6322,0.809,0.0
6323,0.809,0.0
6324,0.809,0.0
6325,0.809,0.0
6326,0.809,0.0
6327,0.809,0.0
6328,0.809,0.0
6329,0.809,0.0
6330,0.809,0.0
6331,0.809,0.0
6332,0.809,0.0
6333,0.79,0.0
6334,0.79,0.0
6335,0.79,0.0
6336,0.79,0.0
6337,0.79,0.0
6338,0.79,0.0
6339,0.79,0.0
6340,0.79,0.0
6341,0.79,0.0
6342,0.79,0.0
6343,0.79,0.0
6344,0.79,0.0
6345,0.759,0.0
6346,0.759,0.0
6347,0.759,0.0
6348,0.759,0.0
6349,0.759,9.59
6350,0.759,8.1
6351,0.759,22.54
6352,0.759,0.0
6353,0.759,0.0
6354,0.759,7.36
6355,0.759,0.0
6356,0.759,13.12
6357,0.759,0.0
6358,0.759,6.63
6359,0.759,0.0
6360,0.759,0.0
6361,0.759,15.77
6362,0.759,0.0
6363,0.759,3.3
6364,0.759,0.0
6365,0.759,0.0
6366,0.759,0.0
6367,0.759,0.0
6368,0.759,0.0
6369,0.79,0.0
6370,0.79,0.0
6371,0.79,0.0
6372,0.79,0.0
6373,0.79,0.0
6374,0.79,0.0
6375,0.79,0.0
6376,0.79,0.0
6377,0.79,0.0
6378,0.79,0.0
6379,0.79,0.0
6380,0.79,0.0
6381,0.79,0.0
6382,0.79,0.0
6383,0.79,2.04
6384,0.79,0.0
6385,0.79,0.0
6386,0.79,9.34
6387,0.79,10.88
6388,0.79,30.66
6389,0.79,0.0
6390,0.79,0.0
6391,0.79,0.0
6392,0.79,0.0
6393,0.759,0.0
6394,0.759,0.0
6395,0.759,0.0
6396,0.759,0.0
6397,0.759,0.0
6398,0.759,0.0
6399,0.759,0.0
6400,0.759,0.0
6401,0.759,0.0
6402,0.759,0.0
6403,0.759,0.0
6404,0.759,0.0
6405,0.871,0.0
6406,0.871,0.31
6407,0.871,1.96
6408,0.871,2.26
6409,0.871,5.77
6410,0.871,13.04
6411,0.871,2.09
6412,0.871,1.15
6413,0.8,28.23
6414,0.8,12.97
6415,0.8,0.99
6416,0.8,0.6
6417,0.8,1.95
6418,0.8,0.21
6419,0.8,0.0
6420,0.8,0.0
6421,0.785,24.23
6422,0.785,24.23
6423,0.785,28.01
6424,0.785,18.37
6425,0.785,0.0
6426,0.785,0.0
6427,0.785,0.0
6428,0.785,0.0
6429,0.785,0.0
6430,0.785,0.0
6431,0.785,0.0
6432,0.785,0.0
6433,0.785,9.27
6434,0.785,0.74
6435,0.785,4.88
6436,0.785,0.0
6437,0.8,1.65
6438,0.8,12.4
6439,0.8,11.67
6440,0.8,1.77
6441,0.8,0.0
6442,0.8,0.0
6443,0.8,0.94
6444,0.8,1.38
6445,0.871,1.97
6446,0.871,0.0
6447,0.871,1.97
6448,0.871,3.9
6449,0.871,0.0
6450,0.871,0.0
6451,0.871,0.0
6452,0.871,0.0
6453,0.841,0.0
6454,0.841,0.0
6455,0.841,6.26
6456,0.841,0.4
6457,0.841,0.0
6458,0.841,0.7
6459,0.841,0.0
6460,0.841,3.04
6461,0.764,0.27
6462,0.764,5.32
6463,0.764,1.98
6464,0.764,0.0
6465,0.764,13.57
6466,0.764,2.46
6467,0.764,8.38
6468,0.764,0.93
6469,0.784,2.0
6470,0.784,0.0
6471,0.784,2.01
6472,0.784,0.0
6473,0.784,0.0
6474,0.784,0.0
6475,0.784,0.0
6476,0.784,0.0
6477,0.784,0.0
6478,0.784,0.0
6479,0.784,0.0
6480,0.784,0.0
6481,0.784,2.1
6482,0.784,0.0
6483,0.784,0.0
6484,0.784,0.0
6485,0.764,9.81
6486,0.764,0.0
6487,0.764,1.07
6488,0.764,0.0
6489,0.764,1.35
6490,0.764,0.93
6491,0.764,1.72
6492,0.764,0.0
6493,0.841,0.56
6494,0.841,2.86
6495,0.841,18.6
6496,0.841,15.61
6497,0.841,8.79
6498,0.841,9.64
6499,0.841,35.71
6500,0.841,19.64
6501,0.839,13.22
6502,0.839,12.62
6503,0.839,11.07
6504,0.839,10.19
6505,0.816,25.46
6506,0.816,31.07
6507,0.816,5.04
6508,0.816,11.38
6509,0.773,12.38
6510,0.773,3.02
6511,0.773,29.2
6512,0.773,28.57
6513,0.786,7.25
6514,0.786,8.47
6515,0.786,19.21
6516,0.786,8.86
6517,0.799,0.01
6518,0.799,6.05
6519,0.799,5.17
6520,0.799,17.22
6521,0.799,14.31
6522,0.799,0.0
6523,0.799,10.67
6524,0.799,0.0
6525,0.799,3.03
6526,0.799,4.51
6527,0.799,0.37
6528,0.799,0.0
6529,0.799,3.52
6530,0.799,28.05
6531,0.799,3.77
6532,0.799,3.32
6533,0.777,19.58
6534,0.811,28.93
6535,0.733,30.58
6536,0.741,12.11
6537,0.754,27.86
6538,0.754,43.4
6539,0.754,10.76
6540,0.754,22.75
6541,0.837,23.8
6542,0.837,31.96
6543,0.837,35.48
6544,0.837,22.34
6545,0.837,8.73
6546,0.837,12.14
6547,0.837,2.36
6548,0.837,17.59
6549,0.778,0.0
6550,0.778,0.0
6551,0.778,0.0
6552,0.778,0.0
6553,0.778,0.0
6554,0.778,0.0
6555,0.778,0.0
6556,0.778,0.0
6557,0.778,0.0
6558,0.778,0.0
6559,0.778,0.0
6560,0.778,0.0
6561,0.778,0.0
6562,0.778,0.0
6563,0.778,0.19
6564,0.778,0.0
6565,0.778,0.0
6566,0.778,0.0
6567,0.778,0.0
6568,0.778,0.0
6569,0.778,0.0
6570,0.778,0.0
6571,0.778,0.0
6572,0.778,0.0
6573,0.778,0.0
6574,0.778,0.0
6575,0.778,0.0
6576,0.778,0.0
6577,0.778,0.0
6578,0.778,0.0
6579,0.778,0.0
6580,0.778,0.0
6581,0.778,3.39
6582,0.778,0.0
6583,0.778,1.5
6584,0.778,0.0
6585,0.778,0.0
6586,0.778,3.38
6587,0.778,0.0
6588,0.778,0.3
6589,0.778,0.0
6590,0.778,0.0
6591,0.778,0.0
6592,0.778,0.0
6593,0.778,0.0
6594,0.778,0.0
6595,0.778,0.0
6596,0.778,0.0
6597,0.778,0.0
6598,0.778,0.0
6599,0.778,0.0
6600,0.778,0.0
6601,0.778,0.0
6602,0.778,0.0
6603,0.778,0.0
6604,0.778,0.0
6605,0.778,0.0
6606,0.778,0.0
6607,0.778,0.0
6608,0.778,0.0
6609,0.778,0.0
6610,0.778,0.0
6611,0.778,0.0
6612,0.778,0.0
6613,0.778,0.0
6614,0.778,0.0
6615,0.778,0.0
6616,0.778,0.0
6617,0.778,0.0
6618,0.778,0.0
6619,0.778,0.0
6620,0.778,0.0
6621,0.778,0.0
6622,0.778,0.0
6623,0.778,0.0
6624,0.778,0.0
6625,0.778,0.0
6626,0.778,0.0
6627,0.778,0.0
6628,0.778,0.0
6629,0.778,0.0
6630,0.778,0.0
6631,0.778,0.0
6632,0.778,0.0
6633,0.778,0.0
6634,0.778,0.0
6635,0.778,0.0
6636,0.778,0.0
6637,0.778,0.0
6638,0.778,0.0
6639,0.778,0.0
6640,0.778,0.0
6641,0.778,0.0
6642,0.778,0.0
6643,0.778,0.0
6644,0.778,0.0
6645,0.778,0.0
6646,0.778,0.0
6647,0.778,0.0
6648,0.778,0.0
6649,0.778,0.0
6650,0.778,0.0
6651,0.778,0.0
6652,0.778,0.0
6653,0.778,0.0
6654,0.778,0.0
6655,0.778,0.0
6656,0.778,0.0
6657,0.778,0.0
6658,0.778,0.0
6659,0.778,0.0
6660,0.778,0.0
6661,0.778,0.0
6662,0.778,0.0
6663,0.778,0.0
6664,0.778,0.0
6665,0.778,0.0
6666,0.778,0.0
6667,0.778,0.0
6668,0.778,0.0
6669,0.778,0.0
6670,0.778,0.0
6671,0.778,0.0
6672,0.778,0.0
6673,0.778,0.0
6674,0.778,0.0
6675,0.778,0.0
6676,0.778,0.0
6677,0.778,0.0
6678,0.778,0.0
6679,0.778,0.0
6680,0.778,0.0
6681,0.778,0.0
6682,0.778,0.0
6683,0.778,0.0
6684,0.778,0.0
6685,0.778,0.0
6686,0.778,0.0
6687,0.778,0.0
6688,0.778,0.0
6689,0.778,0.0
6690,0.778,0.0
6691,0.778,0.0
6692,0.778,0.0
6693,0.825,0.0
6694,0.825,0.0
6695,0.825,3.59
6696,0.825,11.27
6697,0.825,0.0
6698,0.825,2.49
6699,0.825,2.99
6700,0.825,0.0
6701,0.825,0.48
6702,0.825,0.0
6703,0.825,0.0
6704,0.825,0.0
6705,0.82,0.0
6706,0.82,0.0
6707,0.82,0.0
6708,0.82,0.0
6709,0.82,0.0
6710,0.82,0.0
6711,0.82,0.0
6712,0.82,0.0
6713,0.82,0.0
6714,0.82,0.0
6715,0.82,0.0
6716,0.82,0.0
6717,0.82,0.0
6718,0.82,0.0
6719,0.82,0.0
6720,0.82,0.0
6721,0.82,0.0
6722,0.82,0.0
6723,0.82,0.0
6724,0.82,0.0
6725,0.82,0.0
6726,0.82,0.0
6727,0.82,0.0
6728,0.82,0.0
6729,0.825,0.0
6730,0.825,0.0
6731,0.825,0.0
6732,0.825,0.0
6733,0.825,4.72
6734,0.825,0.0
6735,0.825,0.0
6736,0.825,0.0
6737,0.825,17.75
6738,0.825,7.17
6739,0.825,0.0
6740,0.825,0.0
6741,0.825,6.83
6742,0.825,0.0
6743,0.825,1.21
6744,0.825,0.0
6745,0.825,0.0
6746,0.825,0.0
6747,0.825,0.0
6748,0.825,0.0
6749,0.825,0.0
6750,0.825,0.0
6751,0.825,0.0
6752,0.825,0.0
6753,0.82,0.0
6754,0.82,0.0
6755,0.82,0.0
6756,0.82,0.0
6757,0.82,0.0
6758,0.82,0.0
6759,0.82,0.0
6760,0.82,0.0
6761,0.82,0.0
6762,0.82,0.0
6763,0.82,0.0
6764,0.82,0.0
6765,0.815,0.0
6766,0.815,0.0
6767,0.815,0.0
6768,0.815,0.0
6769,0.815,0.0
6770,0.815,0.0
6771,0.815,0.0
6772,0.815,0.0
6773,0.815,0.0
6774,0.815,0.0
6775,0.815,0.0
6776,0.815,0.0
6777,0.822,0.0
6778,0.822,0.0
6779,0.822,0.0
6780,0.822,0.0
6781,0.822,0.0
6782,0.822,0.0
6783,0.822,0.0
6784,0.822,0.0
6785,0.822,12.22
6786,0.822,0.0
6787,0.822,22.34
6788,0.822,0.0
6789,0.822,0.0
6790,0.822,4.13
6791,0.822,17.57
6792,0.822,5.7
6793,0.822,3.24
6794,0.822,0.0
6795,0.822,0.0
6796,0.822,0.0
6797,0.822,0.0
6798,0.822,0.0
6799,0.822,0.0
6800,0.822,0.0
6801,0.815,0.0
6802,0.815,0.0
6803,0.815,0.0
6804,0.815,0.0
6805,0.815,0.0
6806,0.815,0.0
6807,0.815,0.0
6808,0.815,0.0
6809,0.815,0.0
6810,0.815,0.0
6811,0.815,0.0
6812,0.815,0.0
6813,0.815,0.0
6814,0.815,0.0
6815,0.815,0.0
6816,0.815,0.0
6817,0.815,0.0
6818,0.815,0.0
6819,0.815,0.0
6820,0.815,0.0
6821,0.815,0.0
6822,0.815,0.0
6823,0.815,0.0
6824,0.815,0.0
6825,0.822,0.0
6826,0.822,0.0
6827,0.822,0.0
6828,0.822,0.0
6829,0.822,7.33
6830,0.822,0.0
6831,0.822,0.0
6832,0.822,0.0
6833,0.822,7.08
6834,0.822,3.45
6835,0.822,0.0
6836,0.822,0.0
6837,0.852,15.8
6838,0.852,3.26
6839,0.761,2.29
6840,0.761,0.01
6841,0.772,11.54
6842,0.772,18.46
6843,0.843,26.78
6844,0.843,0.0
6845,0.843,16.83
6846,0.843,0.0
6847,0.809,1.2
6848,0.809,1.56
6849,0.809,0.03
6850,0.809,0.41
6851,0.809,0.0
6852,0.809,0.0
6853,0.809,0.02
6854,0.809,0.15
6855,0.809,0.0
6856,0.809,1.0
6857,0.809,9.43
6858,0.809,0.0
6859,0.809,6.86
6860,0.809,0.0
6861,0.809,0.0
6862,0.809,0.0
6863,0.817,26.22
6864,0.817,13.3
6865,0.817,31.09
6866,0.817,19.83
6867,0.812,9.22
6868,0.812,31.88
6869,0.812,27.11
6870,0.812,13.74
6871,0.826,10.78
6872,0.826,0.36
6873,0.826,27.28
6874,0.826,31.55
6875,0.898,50.62
6876,0.898,36.45
6877,0.898,45.41
6878,0.898,49.73
6879,0.848,43.19
6880,0.787,51.04
6881,0.847,32.14
6882,0.774,37.89
6883,0.825,33.39
6884,0.903,49.24
6885,0.854,35.27
6886,0.887,46.28
6887,0.905,38.61
6888,0.804,25.51
6889,0.895,56.93
6890,0.788,23.69
6891,0.8,29.32
6892,0.8,15.18
6893,0.8,5.12
6894,0.8,2.3
6895,0.762,6.37
6896,0.762,12.59
6897,0.762,5.66
6898,0.762,20.97
6899,0.762,14.95
6900,0.762,18.22
6901,0.762,30.28
6902,0.762,15.94
6903,0.762,32.96
6904,0.762,24.05
6905,0.762,27.27
6906,0.762,17.71
6907,0.762,0.27
6908,0.762,0.2
6909,0.762,10.93
6910,0.762,27.2
6911,0.912,11.18
6912,0.912,11.36
6913,0.912,7.77
6914,0.912,19.51
6915,0.891,36.35
6916,0.865,14.31
6917,0.892,0.0
6918,0.931,7.37
6919,0.857,45.78
6920,0.857,45.67
6921,0.857,3.36
6922,0.857,0.0
6923,0.894,46.49
6924,0.894,27.07
6925,0.894,39.28
6926,0.894,4.26
6927,0.879,2.39
6928,0.879,3.8
6929,0.879,0.0
6930,0.879,6.08
6931,0.888,2.2
6932,0.888,0.21
6933,0.888,0.0
6934,0.888,2.57
6935,0.913,2.65
6936,0.913,14.69
6937,0.913,22.98
6938,0.913,35.26
6939,0.937,30.91
6940,0.864,21.65
6941,0.925,35.04
6942,0.911,18.48
6943,0.811,28.77
6944,0.811,33.03
6945,0.811,13.75
6946,0.811,0.0
6947,0.811,0.19
6948,0.811,0.0
6949,0.811,0.0
6950,0.811,0.0
6951,0.811,0.0
6952,0.811,0.0
6953,0.811,0.0
6954,0.811,0.0
6955,0.811,3.94
6956,0.811,0.0
6957,0.811,10.21
6958,0.811,12.03
6959,0.923,35.64
6960,0.923,22.95
6961,0.923,5.04
6962,0.923,16.64
6963,0.901,36.24
6964,0.901,22.45
6965,0.901,33.85
6966,0.901,21.37
6967,0.879,13.56
6968,0.879,22.59
6969,0.879,17.5
6970,0.879,14.26
6971,0.878,0.0
6972,0.878,0.0
6973,0.878,0.29
6974,0.878,0.0
6975,0.559,19.94
6976,0.559,0.0
6977,0.559,12.18
6978,0.559,0.0
6979,0.559,0.0
6980,0.559,0.0
6981,0.559,0.0
6982,0.559,0.0
6983,0.559,0.0
6984,0.559,0.0
6985,0.559,0.0
6986,0.559,0.0
6987,0.474,0.0
6988,0.474,0.0
6989,0.474,0.0
6990,0.474,0.0
6991,0.474,0.0
6992,0.474,0.0
6993,0.474,0.0
6994,0.474,0.0
6995,0.474,0.0
6996,0.474,0.0
6997,0.474,0.0
6998,0.474,0.0
6999,0.474,0.0
7000,0.474,0.0
7001,0.474,0.0
7002,0.474,0.0
7003,0.474,0.0
7004,0.474,0.0
7005,0.474,0.0
7006,0.474,0.0
7007,0.474,0.0
7008,0.474,0.0
7009,0.474,0.0
7010,0.474,0.0
7011,0.559,0.0
7012,0.559,0.0
7013,0.559,0.0
7014,0.559,0.0
7015,0.559,0.0
7016,0.559,1.47
7017,0.559,0.1
7018,0.559,0.0
7019,0.559,0.0
7020,0.559,0.0
7021,0.559,5.01
7022,0.559,0.0
7023,0.559,5.4
7024,0.559,1.67
7025,0.559,0.0
7026,0.559,0.99
7027,0.559,1.97
7028,0.559,0.0
7029,0.559,0.0
7030,0.559,0.0
7031,0.559,0.0
7032,0.559,0.0
7033,0.559,0.0
7034,0.559,0.0
7035,0.474,0.0
7036,0.474,0.0
7037,0.474,1.02
7038,0.474,1.06
7039,0.474,0.0
7040,0.474,0.0
7041,0.474,0.0
7042,0.474,0.0
7043,0.474,0.0
7044,0.474,0.0
7045,0.474,0.0
7046,0.474,0.0
7047,0.65,0.0
7048,0.65,0.0
7049,0.65,0.0
7050,0.65,0.0
7051,0.65,0.0
7052,0.65,0.0
7053,0.65,0.0
7054,0.65,0.0
7055,0.65,2.88
7056,0.65,1.35
7057,0.65,10.25
7058,0.65,0.03
7059,0.649,0.0
7060,0.649,0.0
7061,0.649,6.86
7062,0.649,16.81
7063,0.649,0.0
7064,0.649,0.0
7065,0.649,0.0
7066,0.649,0.0
7067,0.649,0.0
7068,0.649,0.0
7069,0.649,0.0
7070,0.649,0.0
7071,0.649,0.0
7072,0.649,0.0
7073,0.649,0.0
7074,0.649,0.0
7075,0.649,10.04
7076,0.649,25.49
7077,0.649,0.0
7078,0.649,0.0
7079,0.649,31.14
7080,0.649,18.44
7081,0.649,0.0
7082,0.649,0.74
7083,0.65,15.15
7084,0.65,8.56
7085,0.65,17.98
7086,0.65,2.02
7087,0.65,0.0
7088,0.65,0.0
7089,0.65,0.0
7090,0.65,0.0
7091,0.65,0.0
7092,0.65,0.0
7093,0.65,0.0
7094,0.65,0.0
7095,0.65,0.0
7096,0.65,0.0
7097,0.65,0.0
7098,0.65,0.0
7099,0.65,0.0
7100,0.65,0.0
7101,0.65,0.0
7102,0.65,0.0
7103,0.65,3.69
7104,0.65,0.0
7105,0.65,0.0
7106,0.65,0.0
7107,0.649,0.0
7108,0.649,0.02
7109,0.649,0.0
7110,0.649,0.0
7111,0.649,0.0
7112,0.649,0.0
7113,0.649,0.0
7114,0.649,0.0
7115,0.649,0.0
7116,0.649,0.0
7117,0.649,0.0
7118,0.649,0.0
7119,0.585,0.0
7120,0.585,0.0
7121,0.585,0.0
7122,0.585,0.0
7123,0.585,0.0
7124,0.585,0.0
7125,0.585,0.0
7126,0.585,0.0
7127,0.585,0.0
7128,0.585,0.04
7129,0.585,0.0
7130,0.585,0.0
7131,0.631,0.0
7132,0.631,0.73
7133,0.631,0.0
7134,0.631,0.35
7135,0.631,6.06
7136,0.631,19.05
7137,0.631,26.64
7138,0.631,17.12
7139,0.631,9.03
7140,0.631,30.91
7141,0.631,24.08
7142,0.631,18.07
7143,0.631,17.46
7144,0.631,11.0
7145,0.631,0.0
7146,0.631,13.7
7147,0.631,15.01
7148,0.631,14.1
7149,0.631,0.04
7150,0.631,0.0
7151,0.631,0.0
7152,0.631,1.66
7153,0.631,0.0
7154,0.631,2.04
7155,0.585,0.0
7156,0.585,0.0
7157,0.585,0.0
7158,0.585,0.0
7159,0.585,0.0
7160,0.585,0.0
7161,0.585,0.0
7162,0.585,0.0
7163,0.585,0.0
7164,0.585,0.0
7165,0.585,5.96
7166,0.585,0.0
7167,0.585,0.0
7168,0.585,0.0
7169,0.585,10.61
7170,0.585,1.99
7171,0.585,0.0
7172,0.585,0.0
7173,0.585,0.0
7174,0.585,0.0
7175,0.585,0.0
7176,0.585,0.0
7177,0.585,0.0
7178,0.585,0.0
7179,0.631,0.0
7180,0.631,0.56
7181,0.631,0.0
7182,0.631,0.0
7183,0.631,0.0
7184,0.631,0.0
7185,0.631,0.0
7186,0.631,0.0
7187,0.631,0.0
7188,0.631,4.46
7189,0.631,0.0
7190,0.631,0.0
7191,0.82,0.0
7192,0.82,0.0
7193,0.82,0.0
7194,0.82,0.0
7195,0.82,0.0
7196,0.82,0.0
7197,0.82,0.0
7198,0.82,0.0
7199,0.82,0.0
7200,0.82,0.0
7201,0.82,0.0
7202,0.82,1.52
7203,0.697,0.0
7204,0.697,0.0
7205,0.697,0.0
7206,0.697,0.0
7207,0.697,3.43
7208,0.697,0.0
7209,0.697,0.0
7210,0.697,0.0
7211,0.697,11.44
7212,0.697,19.83
7213,0.697,2.44
7214,0.697,0.63
7215,0.697,0.0
7216,0.697,0.0
7217,0.697,1.03
7218,0.697,22.28
7219,0.697,0.0
7220,0.697,0.0
7221,0.697,5.91
7222,0.697,0.0
7223,0.697,0.0
7224,0.697,0.0
7225,0.697,0.0
7226,0.697,1.86
7227,0.82,0.0
7228,0.82,0.0
7229,0.82,9.97
7230,0.82,25.21
7231,0.82,0.01
7232,0.82,0.0
7233,0.82,19.1
7234,0.82,28.5
7235,0.82,0.0
7236,0.82,0.0
7237,0.82,4.77
7238,0.82,0.0
7239,0.82,0.0
7240,0.82,0.0
7241,0.82,0.0
7242,0.82,0.0
7243,0.82,0.0
7244,0.82,0.0
7245,0.82,0.0
7246,0.82,0.0
7247,0.82,14.28
7248,0.82,25.87
7249,0.82,6.03
7250,0.82,0.0
7251,0.697,0.0
7252,0.697,5.22
7253,0.697,0.0
7254,0.697,0.12
7255,0.697,7.96
7256,0.697,0.0
7257,0.697,0.0
7258,0.697,0.0
7259,0.697,20.93
7260,0.697,24.17
7261,0.697,2.1
7262,0.697,0.0
7263,0.871,0.0
7264,0.871,0.0
7265,0.871,0.0
7266,0.871,0.06
7267,0.872,7.0
7268,0.872,30.45
7269,0.872,17.54
7270,0.872,0.0
7271,0.859,19.96
7272,0.859,0.24
7273,0.859,3.37
7274,0.859,0.0
7275,0.859,0.19
7276,0.859,0.37
7277,0.859,0.0
7278,0.859,16.75
7279,0.803,34.46
7280,0.803,23.42
7281,0.803,17.89
7282,0.803,0.0
7283,0.803,19.04
7284,0.803,2.1
7285,0.803,1.91
7286,0.803,0.0
7287,0.803,1.98
7288,0.803,16.83
7289,0.803,1.95
7290,0.803,28.67
7291,0.803,30.01
7292,0.803,23.75
7293,0.803,34.32
7294,0.803,23.38
7295,0.859,0.0
7296,0.859,6.78
7297,0.859,0.0
7298,0.859,8.66
7299,0.859,0.0
7300,0.859,0.0
7301,0.859,0.0
7302,0.859,0.0
7303,0.912,42.43
7304,0.912,3.52
7305,0.912,31.98
7306,0.912,2.34
7307,0.879,11.6
7308,0.879,38.7
7309,0.879,4.02
7310,0.879,41.69
7311,0.919,5.91
7312,0.919,41.73
7313,0.919,26.73
7314,0.919,23.23
7315,0.884,27.1
7316,0.884,6.73
7317,0.884,6.15
7318,0.884,3.35
7319,0.877,2.94
7320,0.877,6.5
7321,0.877,17.97
7322,0.877,15.89
7323,0.857,7.97
7324,0.857,9.19
7325,0.857,2.45
7326,0.857,2.73
7327,0.838,21.23
7328,0.838,20.91
7329,0.838,21.91
7330,0.838,0.01
7331,0.838,20.84
7332,0.838,1.71
7333,0.838,2.11
7334,0.838,0.0
7335,0.838,0.0
7336,0.838,0.53
7337,0.838,2.02
7338,0.838,0.87
7339,0.838,0.01
7340,0.838,0.0
7341,0.838,22.17
7342,0.838,7.01
7343,0.84,19.08
7344,0.84,32.86
7345,0.84,4.42
7346,0.84,0.0
7347,0.859,18.27
7348,0.859,16.9
7349,0.859,44.63
7350,0.859,11.6
7351,0.906,4.8
7352,0.906,2.33
7353,0.906,3.74
7354,0.906,23.0
7355,0.94,15.11
7356,0.94,7.93
7357,0.94,0.0
7358,0.94,0.0
7359,0.844,0.0
7360,0.844,0.0
7361,0.844,0.0
7362,0.844,0.0
7363,0.844,6.55
7364,0.844,11.31
7365,0.844,0.0
7366,0.844,2.09
7367,0.795,41.88
7368,0.795,9.54
7369,0.795,0.07
7370,0.795,12.9
7371,0.756,0.0
7372,0.756,0.0
7373,0.756,0.0
7374,0.756,0.0
7375,0.757,0.0
7376,0.757,0.0
7377,0.757,0.0
7378,0.757,0.87
7379,0.757,8.66
7380,0.757,0.64
7381,0.757,6.89
7382,0.757,1.14
7383,0.757,0.84
7384,0.757,1.57
7385,0.757,4.72
7386,0.757,2.14
7387,0.757,0.0
7388,0.757,0.99
7389,0.757,9.64
7390,0.757,0.0
7391,0.757,0.0
7392,0.757,0.0
7393,0.757,0.46
7394,0.757,0.04
7395,0.8,0.0
7396,0.8,0.0
7397,0.8,0.0
7398,0.8,0.0
7399,0.844,0.0
7400,0.844,2.05
7401,0.844,0.0
7402,0.844,2.07
7403,0.844,0.0
7404,0.844,0.0
7405,0.844,0.0
7406,0.844,0.0
7407,0.894,0.0
7408,0.894,0.0
7409,0.894,0.0
7410,0.894,0.0
7411,0.894,0.0
7412,0.894,0.0
7413,0.894,0.0
7414,0.894,0.0
7415,0.894,0.0
7416,0.894,0.0
7417,0.894,0.0
7418,0.894,0.0
7419,0.894,0.0
7420,0.894,0.0
7421,0.894,0.0
7422,0.894,0.0
7423,0.894,0.0
7424,0.894,2.31
7425,0.894,0.0
7426,0.894,7.45
7427,0.894,5.5
7428,0.894,0.0
7429,0.894,5.83
7430,0.894,0.0
7431,0.894,0.0
7432,0.894,0.0
7433,0.894,0.0
7434,0.894,0.0
7435,0.894,0.0
7436,0.894,0.04
7437,0.894,0.0
7438,0.894,0.0
7439,0.894,0.0
7440,0.894,0.0
7441,0.894,0.0
7442,0.894,0.0
7443,0.894,0.0
7444,0.894,0.0
7445,0.894,0.0
7446,0.894,0.0
7447,0.894,0.0
7448,0.894,0.0
7449,0.894,0.0
7450,0.894,0.0
7451,0.894,0.0
7452,0.894,0.0
7453,0.894,0.0
7454,0.894,0.0
7455,0.894,0.0
7456,0.894,0.0
7457,0.894,0.0
7458,0.894,0.0
7459,0.894,0.0
7460,0.894,0.0
7461,0.894,0.0
7462,0.894,0.0
7463,0.894,0.0
7464,0.894,0.0
7465,0.894,0.0
7466,0.894,0.0
7467,0.894,0.0
7468,0.894,0.0
7469,0.894,0.0
7470,0.894,0.0
7471,0.894,0.0
7472,0.894,0.0
7473,0.894,0.0
7474,0.894,0.0
7475,0.894,0.0
7476,0.894,0.0
7477,0.894,0.0
7478,0.894,0.0
7479,0.894,0.0
7480,0.894,0.0
7481,0.894,0.0
7482,0.894,0.0
7483,0.894,0.0
7484,0.894,0.0
7485,0.894,0.0
7486,0.894,0.0
7487,0.894,0.0
7488,0.894,0.0
7489,0.894,0.0
7490,0.894,0.0
7491,0.894,0.0
7492,0.894,0.0
7493,0.894,0.0
7494,0.894,0.0
7495,0.894,0.0
7496,0.894,0.0
7497,0.894,0.0
7498,0.894,0.0
7499,0.894,0.0
7500,0.894,0.0
7501,0.894,0.0
7502,0.894,0.0
7503,0.894,2.29
7504,0.894,0.0
7505,0.894,2.23
7506,0.894,0.0
7507,0.894,0.0
7508,0.894,0.0
7509,0.894,0.0
7510,0.894,0.0
7511,0.894,0.0
7512,0.894,0.0
7513,0.894,0.0
7514,0.894,0.0
7515,0.894,0.0
7516,0.894,0.0
7517,0.894,0.0
7518,0.894,0.0
7519,0.894,0.0
7520,0.894,0.0
7521,0.894,0.0
7522,0.894,0.0
7523,0.894,0.0
7524,0.894,0.0
7525,0.894,0.0
7526,0.894,0.0
7527,0.894,0.0
7528,0.894,0.0
7529,0.894,0.0
7530,0.894,0.0
7531,0.894,0.0
7532,0.894,0.0
7533,0.894,0.0
7534,0.894,0.0
7535,0.894,0.0
7536,0.894,0.0
7537,0.894,0.0
7538,0.894,0.0
7539,0.894,0.0
7540,0.894,0.0
7541,0.894,0.0
7542,0.894,0.0
7543,0.894,0.0
7544,0.894,0.0
7545,0.894,0.0
7546,0.894,0.0
7547,0.894,0.0
7548,0.894,0.0
7549,0.894,0.0
7550,0.894,0.0
7551,0.894,0.0
7552,0.894,0.0
7553,0.894,0.0
7554,0.894,0.0
7555,0.894,0.0
7556,0.894,0.0
7557,0.894,0.58
7558,0.894,0.0
7559,0.894,0.0
7560,0.894,0.0
7561,0.894,0.0
7562,0.894,0.0
7563,0.894,0.0
7564,0.894,0.0
7565,0.894,0.0
7566,0.894,0.0
7567,0.894,0.0
7568,0.894,0.0
7569,0.894,0.0
7570,0.894,0.0
7571,0.894,0.0
7572,0.894,0.0
7573,0.894,0.0
7574,0.894,0.0
7575,0.894,0.0
7576,0.894,0.0
7577,0.894,0.0
7578,0.894,0.0
7579,0.894,0.0
7580,0.894,0.0
7581,0.894,0.0
7582,0.894,0.0
7583,0.894,0.0
7584,0.894,0.0
7585,0.894,0.0
7586,0.894,0.0
7587,0.894,0.0
7588,0.894,0.0
7589,0.894,0.0
7590,0.894,0.0
7591,0.894,0.0
7592,0.894,0.0
7593,0.894,0.0
7594,0.894,0.0
7595,0.894,0.0
7596,0.894,0.0
7597,0.894,0.0
7598,0.894,0.0
7599,0.894,0.0
7600,0.894,0.0
7601,0.894,0.0
7602,0.894,0.0
7603,0.894,0.0
7604,0.894,0.0
7605,0.894,0.0
7606,0.894,0.0
7607,0.894,0.0
7608,0.894,0.0
7609,0.894,0.0
7610,0.894,0.0
7611,0.894,0.0
7612,0.894,0.0
7613,0.894,0.0
7614,0.894,0.0
7615,0.894,0.0
7616,0.894,0.0
7617,0.894,0.0
7618,0.894,0.0
7619,0.894,0.0
7620,0.894,0.0
7621,0.894,0.0
7622,0.894,0.0
7623,0.894,0.0
7624,0.894,0.0
7625,0.894,0.0
7626,0.894,0.0
7627,0.894,0.0
7628,0.894,0.0
7629,0.894,0.0
7630,0.894,0.0
7631,0.894,0.0
7632,0.894,0.0
7633,0.894,0.0
7634,0.894,0.0
7635,0.894,0.0
7636,0.894,0.0
7637,0.894,0.0
7638,0.894,0.0
7639,0.894,0.0
7640,0.894,0.0
7641,0.894,0.0
7642,0.894,0.0
7643,0.894,0.0
7644,0.894,0.0
7645,0.894,0.0
7646,0.894,0.0
7647,0.894,0.0
7648,0.894,0.0
7649,0.894,0.0
7650,0.894,0.0
7651,0.894,0.0
7652,0.894,0.0
7653,0.894,0.0
7654,0.894,0.0
7655,0.894,0.0
7656,0.894,0.0
7657,0.894,0.0
7658,0.894,0.0
7659,0.894,0.0
7660,0.894,0.0
7661,0.894,0.0
7662,0.894,0.0
7663,0.894,0.0
7664,0.894,0.0
7665,0.894,0.0
7666,0.894,0.0
7667,0.894,0.0
7668,0.894,0.43
7669,0.894,0.0
7670,0.894,0.5
7671,0.894,0.0
7672,0.894,0.0
7673,0.894,0.0
7674,0.894,0.0
7675,0.894,0.0
7676,0.894,0.0
7677,0.894,0.0
7678,0.894,0.0
7679,0.894,0.0
7680,0.894,0.0
7681,0.894,0.0
7682,0.894,0.0
7683,0.894,0.0
7684,0.894,0.0
7685,0.894,0.0
7686,0.894,0.0
7687,0.894,0.0
7688,0.894,0.0
7689,0.894,0.0
7690,0.894,0.0
7691,0.894,0.0
7692,0.894,0.0
7693,0.894,0.0
7694,0.894,0.0
7695,0.894,14.35
7696,0.894,7.59
7697,0.894,18.44
7698,0.894,16.65
7699,0.894,5.41
7700,0.894,0.01
7701,0.894,29.69
7702,0.894,6.2
7703,0.894,0.0
7704,0.894,0.0
7705,0.894,0.0
7706,0.894,0.0
7707,0.894,0.0
7708,0.894,0.0
7709,0.894,0.0
7710,0.894,0.0
7711,0.894,0.0
7712,0.894,0.0
7713,0.894,0.0
7714,0.894,0.0
7715,0.894,0.0
7716,0.894,0.0
7717,0.894,0.0
7718,0.894,0.0
7719,0.894,0.0
7720,0.894,0.0
7721,0.894,0.0
7722,0.894,0.0
7723,0.894,0.0
7724,0.894,0.0
7725,0.894,0.0
7726,0.894,0.0
7727,0.894,0.0
7728,0.894,0.0
7729,0.894,0.0
7730,0.894,0.0
7731,0.894,0.0
7732,0.894,0.0
7733,0.894,0.0
7734,0.894,0.0
7735,0.894,10.12
7736,0.894,0.0
7737,0.894,0.0
7738,0.894,0.0
7739,0.894,0.04
7740,0.894,0.0
7741,0.894,0.0
7742,0.894,0.0
7743,0.894,0.0
7744,0.894,0.0
7745,0.894,0.0
7746,0.894,0.0
7747,0.894,0.0
7748,0.894,0.0
7749,0.894,0.0
7750,0.894,0.0
7751,0.894,0.0
7752,0.894,0.0
7753,0.894,0.0
7754,0.894,0.0
7755,0.894,0.0
7756,0.894,0.0
7757,0.894,0.0
7758,0.894,0.0
7759,0.894,0.0
7760,0.894,0.0
7761,0.894,0.0
7762,0.894,0.0
7763,0.894,0.0
7764,0.894,0.0
7765,0.894,0.0
7766,0.894,0.0
7767,0.894,0.0
7768,0.894,0.0
7769,0.894,0.0
7770,0.894,0.0
7771,0.894,0.0
7772,0.894,0.0
7773,0.894,0.0
7774,0.894,0.0
7775,0.894,0.0
7776,0.894,0.0
7777,0.894,0.0
7778,0.894,0.0
7779,0.894,0.0
7780,0.894,0.0
7781,0.894,0.0
7782,0.894,0.0
7783,0.894,0.0
7784,0.894,0.0
7785,0.894,0.0
7786,0.894,0.0
7787,0.894,0.0
7788,0.894,0.0
7789,0.894,0.0
7790,0.894,0.0
7791,0.894,0.0
7792,0.894,0.0
7793,0.894,0.0
7794,0.894,0.0
7795,0.894,0.0
7796,0.894,0.0
7797,0.894,24.52
7798,0.894,0.0
7799,0.894,0.0
7800,0.894,0.0
7801,0.894,0.0
7802,0.894,0.0
7803,0.894,0.0
7804,0.894,0.0
7805,0.894,0.0
7806,0.894,0.0
7807,0.894,0.0
7808,0.894,0.0
7809,0.894,0.0
7810,0.894,0.0
7811,0.894,0.0
7812,0.894,0.0
7813,0.894,0.0
7814,0.894,0.0
7815,0.894,0.0
7816,0.894,0.0
7817,0.894,0.0
7818,0.894,0.0
7819,0.894,0.0
7820,0.894,0.0
7821,0.894,0.0
7822,0.894,0.0
7823,0.894,0.0
7824,0.894,0.0
7825,0.894,0.0
7826,0.894,0.0
7827,0.894,0.0
7828,0.894,0.0
7829,0.894,0.0
7830,0.894,0.0
7831,0.894,0.56
7832,0.894,0.0
7833,0.894,0.0
7834,0.894,0.0
7835,0.894,0.0
7836,0.894,0.0
7837,0.894,0.0
7838,0.894,0.0
7839,0.914,0.0
7840,0.914,0.0
7841,0.914,0.0
7842,0.914,0.0
7843,0.914,0.0
7844,0.914,0.0
7845,0.914,0.0
7846,0.914,0.0
7847,0.914,0.0
7848,0.914,0.0
7849,0.914,0.0
7850,0.914,0.0
7851,0.914,0.0
7852,0.914,0.0
7853,0.914,0.0
7854,0.914,0.0
7855,0.914,0.0
7856,0.914,0.0
7857,0.914,0.0
7858,0.914,0.0
7859,0.914,0.0
7860,0.914,0.0
7861,0.914,0.0
7862,0.914,0.0
7863,0.914,0.0
7864,0.914,0.0
7865,0.914,0.0
7866,0.914,0.0
7867,0.914,0.0
7868,0.914,0.0
7869,0.914,0.0
7870,0.914,0.0
7871,0.914,0.0
7872,0.914,0.0
7873,0.914,0.0
7874,0.914,0.0
7875,0.914,0.0
7876,0.914,0.0
7877,0.914,0.0
7878,0.914,0.0
7879,0.914,0.0
7880,0.914,0.0
7881,0.914,0.0
7882,0.914,0.0
7883,0.914,0.0
7884,0.914,0.0
7885,0.914,0.0
7886,0.914,0.0
7887,0.914,0.0
7888,0.914,0.0
7889,0.914,0.0
7890,0.914,0.0
7891,0.914,0.0
7892,0.914,0.0
7893,0.914,0.0
7894,0.914,0.0
7895,0.914,0.0
7896,0.914,0.0
7897,0.914,0.0
7898,0.914,0.0
7899,0.914,0.0
7900,0.914,0.0
7901,0.914,0.0
7902,0.914,0.81
7903,0.914,0.0
7904,0.914,0.0
7905,0.914,0.84
7906,0.914,0.0
7907,0.914,0.0
7908,0.914,0.0
7909,0.914,0.0
7910,0.914,0.0
7911,0.914,0.0
7912,0.914,0.0
7913,0.914,0.0
7914,0.914,0.0
7915,0.914,0.21
7916,0.914,0.0
7917,0.914,0.0
7918,0.914,0.0
7919,0.914,0.0
7920,0.914,0.0
7921,0.914,0.0
7922,0.914,0.0
7923,0.914,0.0
7924,0.914,0.0
7925,0.914,0.0
7926,0.914,0.0
7927,0.914,0.0
7928,0.914,0.0
7929,0.914,0.0
7930,0.914,0.0
7931,0.914,0.0
7932,0.914,0.0
7933,0.914,0.0
7934,0.914,0.0
7935,0.914,0.0
7936,0.914,0.0
7937,0.914,0.0
7938,0.914,0.0
7939,0.914,0.0
7940,0.914,0.0
7941,0.914,0.0
7942,0.914,0.0
7943,0.914,0.0
7944,0.914,0.0
7945,0.914,0.0
7946,0.914,0.0
7947,0.914,0.0
7948,0.914,0.0
7949,0.914,0.0
7950,0.914,0.0
7951,0.914,0.0
7952,0.914,0.0
7953,0.914,0.0
7954,0.914,0.0
7955,0.914,0.0
7956,0.914,0.13
7957,0.914,0.0
7958,0.914,4.63
7959,0.914,0.0
7960,0.914,0.23
7961,0.914,0.0
7962,0.914,0.0
7963,0.914,0.0
7964,0.914,0.0
7965,0.914,0.0
7966,0.914,0.0
7967,0.914,0.0
7968,0.914,0.0
7969,0.914,0.0
7970,0.914,0.0
7971,0.914,0.0
7972,0.914,0.0
7973,0.914,0.0
7974,0.914,0.0
7975,0.914,0.0
7976,0.914,0.0
7977,0.914,0.0
7978,0.914,0.0
7979,0.914,0.0
7980,0.914,0.0
7981,0.914,0.0
7982,0.914,0.0
7983,0.92,0.0
7984,0.92,0.0
7985,0.92,0.0
7986,0.92,0.0
7987,0.92,0.0
7988,0.92,1.45
7989,0.92,0.0
7990,0.92,0.0
7991,0.92,0.61
7992,0.92,0.0
7993,0.92,0.0
7994,0.92,9.46
7995,0.92,0.0
7996,0.92,1.49
7997,0.92,11.2
7998,0.92,6.24
7999,0.92,17.35
8000,0.92,5.43
8001,0.92,16.84
8002,0.92,0.18
8003,0.92,0.0
8004,0.92,0.0
8005,0.92,0.0
8006,0.92,0.0
8007,0.92,0.0
8008,0.92,0.0
8009,0.92,0.0
8010,0.92,0.0
8011,0.92,0.0
8012,0.92,0.0
8013,0.92,0.36
8014,0.92,2.38
8015,0.92,14.02
8016,0.92,13.16
8017,0.92,9.28
8018,0.92,1.93
8019,0.92,3.95
8020,0.92,6.04
8021,0.92,0.0
8022,0.92,0.0
8023,0.92,0.0
8024,0.92,0.0
8025,0.92,0.0
8026,0.92,0.0
8027,0.92,0.0
8028,0.92,0.0
8029,0.92,0.93
8030,0.92,0.0
8031,0.92,0.0
8032,0.92,0.0
8033,0.92,0.0
8034,0.92,0.0
8035,0.92,0.0
8036,0.92,0.0
8037,0.92,0.0
8038,0.92,0.0
8039,0.92,0.0
8040,0.92,0.0
8041,0.92,0.0
8042,0.92,0.0
8043,0.92,0.0
8044,0.92,0.0
8045,0.92,0.0
8046,0.92,0.0
8047,0.92,0.62
8048,0.92,2.2
8049,0.92,0.0
8050,0.92,0.0
8051,0.92,0.0
8052,0.92,0.0
8053,0.92,0.0
8054,0.92,0.0
8055,0.92,0.0
8056,0.92,0.0
8057,0.92,0.0
8058,0.92,0.0
8059,0.92,0.0
8060,0.92,0.0
8061,0.92,0.0
8062,0.92,0.0
8063,0.92,0.0
8064,0.92,0.0
8065,0.92,0.0
8066,0.92,0.0
8067,0.92,0.0
8068,0.92,0.0
8069,0.92,0.0
8070,0.92,0.0
8071,0.92,0.0
8072,0.92,0.0
8073,0.92,0.0
8074,0.92,0.0
8075,0.92,0.0
8076,0.92,0.0
8077,0.92,0.0
8078,0.92,0.0
8079,0.92,0.0
8080,0.92,0.0
8081,0.92,0.0
8082,0.92,0.0
8083,0.92,0.0
8084,0.92,0.0
8085,0.92,0.0
8086,0.92,0.0
8087,0.92,0.0
8088,0.92,0.0
8089,0.92,0.0
8090,0.92,0.0
8091,0.92,0.0
8092,0.92,0.0
8093,0.92,0.0
8094,0.92,0.0
8095,0.92,0.0
8096,0.92,0.0
8097,0.92,0.0
8098,0.92,0.0
8099,0.92,0.0
8100,0.92,0.0
8101,0.92,0.0
8102,0.92,0.0
8103,0.92,0.0
8104,0.92,0.0
8105,0.92,0.0
8106,0.92,0.0
8107,0.92,0.0
8108,0.92,0.0
8109,0.92,0.0
8110,0.92,0.0
8111,0.92,0.0
8112,0.92,0.0
8113,0.92,0.0
8114,0.92,0.0
8115,0.92,0.0
8116,0.92,0.0
8117,0.92,0.0
8118,0.92,0.0
8119,0.92,0.0
8120,0.92,0.0
8121,0.92,0.0
8122,0.92,0.0
8123,0.92,0.0
8124,0.92,0.0
8125,0.92,0.0
8126,0.92,0.0
8127,0.875,2.19
8128,0.875,6.22
8129,0.875,0.0
8130,0.875,0.0
8131,0.875,0.0
8132,0.875,0.0
8133,0.875,0.0
8134,0.875,0.0
8135,0.875,0.0
8136,0.875,0.0
8137,0.875,0.0
8138,0.875,0.0
8139,0.875,0.0
8140,0.875,0.0
8141,0.875,0.0
8142,0.875,0.0
8143,0.875,0.0
8144,0.875,0.0
8145,0.875,0.0
8146,0.875,0.0
8147,0.875,0.0
8148,0.875,0.0
8149,0.875,0.0
8150,0.875,0.0
8151,0.875,0.0
8152,0.875,0.0
8153,0.875,0.0
8154,0.875,0.0
8155,0.875,0.0
8156,0.875,0.0
8157,0.875,0.0
8158,0.875,0.0
8159,0.875,0.0
8160,0.875,0.0
8161,0.875,0.0
8162,0.875,0.0
8163,0.875,0.0
8164,0.875,0.0
8165,0.875,0.0
8166,0.875,0.0
8167,0.875,0.0
8168,0.875,0.0
8169,0.875,0.0
8170,0.875,0.0
8171,0.875,0.0
8172,0.875,0.0
8173,0.875,0.0
8174,0.875,0.0
8175,0.875,0.0
8176,0.875,0.0
8177,0.875,0.0
8178,0.875,0.0
8179,0.875,0.0
8180,0.875,0.0
8181,0.875,0.0
8182,0.875,0.0
8183,0.875,0.0
8184,0.875,0.0
8185,0.875,0.0
8186,0.875,0.0
8187,0.875,0.0
8188,0.875,0.0
8189,0.875,0.0
8190,0.875,0.0
8191,0.875,0.0
8192,0.875,0.0
8193,0.875,0.0
8194,0.875,0.0
8195,0.875,0.0
8196,0.875,0.0
8197,0.875,0.0
8198,0.875,0.0
8199,0.875,0.0
8200,0.875,0.0
8201,0.875,0.0
8202,0.875,0.0
8203,0.875,0.0
8204,0.875,0.0
8205,0.875,0.0
8206,0.875,0.0
8207,0.875,0.0
8208,0.875,0.0
8209,0.875,0.0
8210,0.875,0.0
8211,0.875,0.0
8212,0.875,0.0
8213,0.875,0.0
8214,0.875,0.0
8215,0.875,0.0
8216,0.875,0.0
8217,0.875,0.0
8218,0.875,0.0
8219,0.875,0.0
8220,0.875,0.0
8221,0.875,0.0
8222,0.875,0.0
8223,0.875,0.51
8224,0.875,0.0
8225,0.875,3.0
8226,0.875,12.96
8227,0.875,0.0
8228,0.875,0.0
8229,0.875,0.74
8230,0.875,0.0
8231,0.875,0.0
8232,0.875,0.0
8233,0.875,0.0
8234,0.875,0.0
8235,0.875,0.0
8236,0.875,0.0
8237,0.875,0.0
8238,0.875,0.0
8239,0.875,0.0
8240,0.875,0.0
8241,0.875,0.0
8242,0.875,0.0
8243,0.875,0.0
8244,0.875,0.0
8245,0.875,0.0
8246,0.875,0.0
8247,0.875,0.0
8248,0.875,0.0
8249,0.875,0.0
8250,0.875,0.0
8251,0.875,0.0
8252,0.875,0.0
8253,0.875,0.0
8254,0.875,0.0
8255,0.875,0.0
8256,0.875,0.0
8257,0.875,0.0
8258,0.875,0.0
8259,0.875,0.0
8260,0.875,0.0
8261,0.875,0.0
8262,0.875,0.0
8263,0.875,14.26
8264,0.875,21.96
8265,0.875,20.03
8266,0.875,7.96
8267,0.875,33.6
8268,0.875,12.66
8269,0.875,41.13
8270,0.875,37.2
8271,0.948,0.0
8272,0.948,0.0
8273,0.948,0.0
8274,0.948,0.0
8275,0.948,0.0
8276,0.948,0.0
8277,0.948,0.0
8278,0.948,0.0
8279,0.948,0.0
8280,0.948,0.0
8281,0.948,0.0
8282,0.948,0.0
8283,0.833,0.0
8284,0.833,0.0
8285,0.833,0.0
8286,0.833,0.0
8287,0.833,0.0
8288,0.833,0.0
8289,0.833,0.0
8290,0.833,0.0
8291,0.833,0.0
8292,0.833,0.0
8293,0.833,0.0
8294,0.833,0.0
8295,0.833,0.0
8296,0.833,0.0
8297,0.833,0.0
8298,0.833,0.0
8299,0.833,0.0
8300,0.833,0.0
8301,0.833,0.0
8302,0.833,0.0
8303,0.833,0.0
8304,0.833,0.0
8305,0.833,0.0
8306,0.833,0.0
8307,0.948,0.0
8308,0.948,0.0
8309,0.948,0.0
8310,0.948,0.0
8311,0.948,0.0
8312,0.948,0.0
8313,0.948,0.0
8314,0.948,0.0
8315,0.948,0.0
8316,0.948,0.0
8317,0.948,0.0
8318,0.948,0.0
8319,0.948,0.0
8320,0.948,0.0
8321,0.948,0.0
8322,0.948,0.0
8323,0.948,0.0
8324,0.948,0.0
8325,0.948,0.12
8326,0.948,0.0
8327,0.948,0.0
8328,0.948,0.0
8329,0.948,0.0
8330,0.948,0.0
8331,0.833,0.0
8332,0.833,0.0
8333,0.833,6.73
8334,0.833,0.0
8335,0.833,0.0
8336,0.833,0.0
8337,0.833,0.0
8338,0.833,0.0
8339,0.833,0.0
8340,0.833,0.0
8341,0.833,0.0
8342,0.833,0.0
8343,0.908,0.0
8344,0.908,0.0
8345,0.908,0.0
8346,0.908,0.0
8347,0.908,0.0
8348,0.908,0.0
8349,0.908,0.0
8350,0.908,0.0
8351,0.908,16.86
8352,0.908,0.0
8353,0.908,0.0
8354,0.908,0.0
8355,0.951,11.33
8356,0.951,13.84
8357,0.951,18.49
8358,0.951,29.58
8359,0.951,1.72
8360,0.951,2.61
8361,0.951,4.99
8362,0.951,2.03
8363,0.951,18.39
8364,0.951,9.57
8365,0.951,12.49
8366,0.951,12.47
8367,0.951,19.28
8368,0.951,22.03
8369,0.951,0.0
8370,0.951,12.17
8371,0.951,8.74
8372,0.951,0.0
8373,0.951,0.85
8374,0.951,0.0
8375,0.951,6.51
8376,0.951,18.52
8377,0.951,0.0
8378,0.951,0.0
8379,0.908,3.73
8380,0.908,4.06
8381,0.908,0.0
8382,0.908,0.0
8383,0.908,0.49
8384,0.908,0.0
8385,0.908,0.4
8386,0.908,0.0
8387,0.908,0.0
8388,0.908,0.0
8389,0.908,0.0
8390,0.908,0.01
8391,0.908,0.0
8392,0.908,0.0
8393,0.908,0.0
8394,0.908,0.0
8395,0.908,0.0
8396,0.908,5.78
8397,0.908,0.0
8398,0.908,0.0
8399,0.908,0.0
8400,0.908,0.0
8401,0.908,0.0
8402,0.908,0.0
8403,0.951,0.0
8404,0.951,0.0
8405,0.951,0.0
8406,0.951,0.0
8407,0.951,0.0
8408,0.951,0.0
8409,0.951,0.0
8410,0.951,0.0
8411,0.951,0.0
8412,0.951,0.0
8413,0.951,0.0
8414,0.951,0.0
8415,0.886,7.81
8416,0.886,22.8
8417,0.886,0.0
8418,0.886,10.17
8419,0.886,33.18
8420,0.886,30.45
8421,0.886,24.46
8422,0.886,34.42
8423,0.886,14.16
8424,0.886,0.0
8425,0.886,28.96
8426,0.886,0.05
8427,0.849,0.0
8428,0.849,0.0
8429,0.849,20.51
8430,0.849,10.5
8431,0.849,0.0
8432,0.849,0.0
8433,0.849,0.0
8434,0.849,0.0
8435,0.849,0.0
8436,0.849,0.0
8437,0.849,0.0
8438,0.849,0.0
8439,0.849,0.0
8440,0.849,0.0
8441,0.849,0.0
8442,0.849,0.0
8443,0.849,0.0
8444,0.849,0.0
8445,0.849,0.0
8446,0.849,0.0
8447,0.849,0.8
8448,0.849,0.0
8449,0.849,0.0
8450,0.849,0.0
8451,0.886,6.08
8452,0.886,5.54
8453,0.886,0.0
8454,0.886,0.0
8455,0.886,5.15
8456,0.886,0.0
8457,0.886,5.88
8458,0.886,2.2
8459,0.886,0.0
8460,0.886,12.45
8461,0.886,15.02
8462,0.886,4.28
8463,0.886,18.61
8464,0.886,9.87
8465,0.886,4.22
8466,0.886,1.35
8467,0.886,0.4
8468,0.886,3.18
8469,0.886,11.03
8470,0.886,5.83
8471,0.886,6.78
8472,0.886,0.74
8473,0.886,1.94
8474,0.886,0.0
8475,0.849,0.25
8476,0.849,0.31
8477,0.849,0.0
8478,0.849,0.0
8479,0.849,2.22
8480,0.849,2.33
8481,0.849,7.14
8482,0.849,0.0
8483,0.849,0.0
8484,0.849,0.0
8485,0.849,0.0
8486,0.849,0.0
8487,0.866,0.0
8488,0.866,0.06
8489,0.866,0.3
8490,0.866,0.04
8491,0.866,16.98
8492,0.866,15.04
8493,0.866,14.24
8494,0.866,8.84
8495,0.866,6.19
8496,0.866,2.03
8497,0.866,12.35
8498,0.866,10.46
8499,0.795,11.2
8500,0.795,5.2
8501,0.795,13.24
8502,0.795,2.77
8503,0.795,1.9
8504,0.795,9.89
8505,0.795,0.0
8506,0.795,0.0
8507,0.795,0.0
8508,0.795,0.0
8509,0.795,0.0
8510,0.795,0.0
8511,0.795,0.0
8512,0.795,0.0
8513,0.795,13.22
8514,0.795,0.0
8515,0.795,0.0
8516,0.795,0.0
8517,0.795,0.0
8518,0.795,0.0
8519,0.795,0.0
8520,0.795,1.41
8521,0.795,0.0
8522,0.795,8.12
8523,0.866,9.11
8524,0.866,13.66
8525,0.866,17.87
8526,0.866,22.02
8527,0.866,7.52
8528,0.866,6.98
8529,0.866,3.76
8530,0.866,0.48
8531,0.866,0.5
8532,0.866,0.07
8533,0.866,0.0
8534,0.866,0.0
8535,0.866,3.14
8536,0.866,0.0
8537,0.866,8.94
8538,0.866,0.0
8539,0.866,11.77
8540,0.866,1.74
8541,0.866,17.32
8542,0.866,5.57
8543,0.866,12.25
8544,0.866,16.47
8545,0.866,0.0
8546,0.866,7.94
8547,0.795,0.0
8548,0.795,2.27
8549,0.795,0.0
8550,0.795,0.0
8551,0.795,0.0
8552,0.795,0.0
8553,0.795,0.25
8554,0.795,0.21
8555,0.795,2.97
8556,0.795,0.0
8557,0.795,0.0
8558,0.795,0.0
8559,0.802,26.74
8560,0.802,24.67
8561,0.802,29.38
8562,0.802,10.1
8563,0.802,3.25
8564,0.802,3.11
8565,0.802,10.3
8566,0.802,0.0
8567,0.802,1.72
8568,0.802,6.27
8569,0.802,10.24
8570,0.802,15.72
8571,0.877,28.31
8572,0.877,29.76
8573,0.877,39.96
8574,0.877,38.72
8575,0.877,17.59
8576,0.898,0.0
8577,0.877,34.08
8578,0.898,0.0
8579,0.898,0.0
8580,0.898,0.0
8581,0.898,12.11
8582,0.898,15.9
8583,0.898,0.0
8584,0.898,0.0
8585,0.907,23.02
8586,0.907,12.74
8587,0.877,25.83
8588,0.898,0.0
8589,0.838,16.97
8590,0.907,6.69
8591,0.877,25.06
8592,0.877,32.84
8593,0.838,18.89
8594,0.838,28.59
8595,0.802,8.88
8596,0.802,25.9
8597,0.802,18.93
8598,0.802,9.89
8599,0.802,24.86
8600,0.802,27.95
8601,0.802,0.08
8602,0.802,29.88
8603,0.802,15.93
8604,0.802,7.99
8605,0.802,14.54
8606,0.802,18.06
8607,0.802,0.0
8608,0.802,1.06
8609,0.802,0.0
8610,0.802,0.0
8611,0.802,0.03
8612,0.802,3.06
8613,0.802,0.0
8614,0.802,0.0
8615,0.802,10.37
8616,0.802,10.8
8617,0.802,0.0
8618,0.802,0.0
8619,0.838,5.34
8620,0.838,7.04
8621,0.838,11.65
8622,0.838,15.95
8623,0.838,3.36
8624,0.907,6.55
8625,0.838,15.29
8626,0.907,29.89
8627,0.907,34.95
8628,0.907,40.58
8629,0.907,0.98
8630,0.907,0.0
8631,0.825,14.5
8632,0.825,0.0
8633,0.825,15.68
8634,0.825,0.0
8635,0.825,1.01
8636,0.825,33.13
8637,0.825,16.86
8638,0.825,24.87
8639,0.825,0.0
8640,0.825,9.8
8641,0.825,0.0
8642,0.825,13.98
8643,0.743,0.0
8644,0.743,0.0
8645,0.743,0.0
8646,0.743,0.0
8647,0.743,0.0
8648,0.743,0.0
8649,0.743,0.0
8650,0.743,0.0
8651,0.743,0.0
8652,0.743,0.0
8653,0.743,0.0
8654,0.743,0.0
8655,0.743,0.0
8656,0.743,0.0
8657,0.743,1.34
8658,0.743,0.0
8659,0.743,0.0
8660,0.743,0.0
8661,0.743,0.0
8662,0.743,0.0
8663,0.743,0.0
8664,0.743,0.0
8665,0.743,0.0
8666,0.743,0.0
8667,0.825,0.0
8668,0.825,4.18
8669,0.825,0.0
8670,0.825,0.0
8671,0.825,17.49
8672,0.825,24.78
8673,0.825,0.05
8674,0.825,0.0
8675,0.825,0.0
8676,0.825,0.0
8677,0.825,0.79
8678,0.825,17.8
8679,0.825,0.0
8680,0.825,0.0
8681,0.825,0.0
8682,0.825,0.0
8683,0.825,0.0
8684,0.825,0.0
8685,0.825,0.0
8686,0.825,0.0
8687,0.825,0.0
8688,0.825,0.0
8689,0.825,0.0
8690,0.825,0.0
8691,0.743,0.0
8692,0.743,0.0
8693,0.743,0.0
8694,0.743,0.0
8695,0.743,0.0
8696,0.743,0.0
8697,0.743,0.0
8698,0.743,0.0
8699,0.743,21.7
8700,0.743,11.64
8701,0.743,11.25
8702,0.743,11.41
8703,0.707,0.0
8704,0.707,0.0
8705,0.707,0.0
8706,0.707,0.0
8707,0.707,0.0
8708,0.707,0.0
8709,0.707,0.0
8710,0.707,0.0
8711,0.726,0.0
8712,0.726,0.0
8713,0.726,0.0
8714,0.726,0.0
8715,0.726,0.0
8716,0.726,0.0
8717,0.726,0.0
8718,0.726,0.0
8719,0.726,0.0
8720,0.726,0.0
8721,0.726,0.0
8722,0.726,0.0
8723,0.726,0.0
8724,0.726,0.0
8725,0.726,0.0
8726,0.726,0.0
8727,0.707,0.0
8728,0.707,0.0
8729,0.707,0.26
8730,0.707,0.0
8731,0.707,0.0
8732,0.707,0.0
8733,0.707,0.0
8734,0.707,0.0
8735,0.605,0.0
8736,0.605,0.0
8737,0.605,0.0
8738,0.605,0.0
8739,0.605,0.01
8740,0.605,0.0
8741,0.605,0.0
8742,0.605,0.0
8743,0.678,0.0
8744,0.678,0.0
8745,0.678,0.0
8746,0.678,0.0
8747,0.678,0.0
8748,0.678,0.0
8749,0.678,0.0
8750,0.678,0.0
8751,0.678,0.0
8752,0.678,12.38
8753,0.678,0.42
8754,0.678,0.0
8755,0.678,0.0
8756,0.678,0.0
8757,0.678,0.0
8758,0.678,0.0
8759,0.605,0.0
8760,0.605,0.0
8761,0.605,0.0
8762,0.605,0.0
8763,0.605,0.0
8764,0.605,0.0
8765,0.605,0.0
8766,0.605,0.0
8767,0.652,0.0
8768,0.652,0.0
8769,0.652,0.0
8770,0.652,0.0
8771,0.652,0.0
8772,0.652,0.0
8773,0.652,0.0
8774,0.652,0.0
8775,0.754,0.0
8776,0.754,0.0
8777,0.754,0.0
8778,0.754,0.0
8779,0.754,0.24
8780,0.754,0.0
8781,0.754,0.0
8782,0.754,0.0
8783,0.754,0.0
8784,0.754,0.0
8785,0.754,0.0
8786,0.754,0.0
8787,0.754,0.0
8788,0.754,0.0
8789,0.754,0.0
8790,0.754,0.0
8791,0.652,2.68
8792,0.652,0.76
8793,0.652,6.02
8794,0.652,0.98
8795,0.652,2.53
8796,0.652,11.84
8797,0.652,18.49
8798,0.652,25.3
8799,0.748,0.0
8800,0.748,0.0
8801,0.748,0.0
8802,0.748,0.0
8803,0.748,0.0
8804,0.748,0.91
8805,0.748,0.0
8806,0.748,0.0
8807,0.731,0.0
8808,0.731,0.0
8809,0.731,0.0
8810,0.731,0.0
8811,0.731,0.0
8812,0.731,0.0
8813,0.731,0.0
8814,0.731,0.0
8815,0.708,0.0
8816,0.708,0.0
8817,0.708,0.0
8818,0.708,0.0
8819,0.708,0.0
8820,0.708,0.0
8821,0.708,0.0
8822,0.708,0.0
8823,0.708,0.0
8824,0.708,0.0
8825,0.708,11.58
8826,0.708,0.0
8827,0.708,0.0
8828,0.708,0.0
8829,0.708,0.0
8830,0.708,3.8
8831,0.731,0.0
8832,0.731,0.01
8833,0.731,7.74
8834,0.731,7.8
8835,0.731,0.0
8836,0.731,0.0
8837,0.731,0.0
8838,0.731,0.0
8839,0.748,0.0
8840,0.748,0.0
8841,0.748,0.0
8842,0.748,0.0
8843,0.748,0.0
8844,0.748,0.0
8845,0.748,0.0
8846,0.748,0.0
8847,0.72,0.0
8848,0.72,0.0
8849,0.72,0.0
8850,0.72,0.0
8851,0.72,0.0
8852,0.72,0.0
8853,0.72,0.0
8854,0.72,0.0
8855,0.77,0.0
8856,0.77,0.0
8857,0.77,0.0
8858,0.77,5.87
8859,0.77,0.0
8860,0.77,0.83
8861,0.77,0.03
8862,0.77,0.0
8863,0.835,3.67
8864,0.835,11.34
8865,0.835,3.45
8866,0.835,3.0
8867,0.835,7.07
8868,0.835,5.26
8869,0.835,2.97
8870,0.835,6.54
8871,0.835,2.23
8872,0.835,3.83
8873,0.835,13.29
8874,0.835,10.95
8875,0.835,16.14
8876,0.835,10.95
8877,0.835,11.46
8878,0.835,5.01
8879,0.77,15.28
8880,0.77,3.25
8881,0.77,28.78
8882,0.77,25.49
8883,0.77,0.0
8884,0.77,9.65
8885,0.77,0.38
8886,0.77,12.63
8887,0.72,0.0
8888,0.72,0.0
8889,0.72,0.0
8890,0.72,0.75
8891,0.72,0.0
8892,0.72,0.0
8893,0.72,0.0
8894,0.72,0.0
8895,0.677,0.0
8896,0.677,0.0
8897,0.677,0.0
8898,0.677,0.0
8899,0.677,0.0
8900,0.677,0.0
8901,0.677,0.0
8902,0.677,0.0
8903,0.718,0.0
8904,0.718,13.56
8905,0.718,0.0
8906,0.718,0.0
8907,0.718,2.74
8908,0.718,6.38
8909,0.718,0.0
8910,0.718,31.57
8911,0.74,29.62
8912,0.74,0.9
8913,0.74,0.0
8914,0.74,0.0
8915,0.74,15.54
8916,0.74,0.0
8917,0.74,0.0
8918,0.74,0.0
8919,0.74,0.0
8920,0.74,0.0
8921,0.74,2.14
8922,0.74,4.01
8923,0.74,0.0
8924,0.74,0.0
8925,0.74,0.0
8926,0.74,0.0
8927,0.718,0.0
8928,0.718,0.0
8929,0.718,0.0
8930,0.718,0.0
8931,0.718,0.0
8932,0.718,0.0
8933,0.718,0.21
8934,0.718,0.0
8935,0.677,0.0
8936,0.677,0.0
8937,0.677,0.0
8938,0.677,0.0
8939,0.677,0.0
8940,0.677,0.0
8941,0.677,0.0
8942,0.677,0.0
8943,0.65,2.66
8944,0.65,0.0
8945,0.65,0.55
8946,0.65,2.11
8947,0.65,0.0
8948,0.65,0.0
8949,0.65,0.0
8950,0.65,0.0
8951,0.679,0.0
8952,0.679,3.9
8953,0.679,0.0
8954,0.679,3.1
8955,0.733,7.78
8956,0.733,11.65
8957,0.733,5.62
8958,0.733,16.88
8959,0.76,12.93
8960,0.76,10.09
8961,0.76,33.28
8962,0.76,10.4
8963,0.744,4.86
8964,0.744,0.24
8965,0.744,33.7
8966,0.744,0.06
8967,0.681,22.09
8968,0.681,0.0
8969,0.681,0.0
8970,0.681,0.0
8971,0.659,21.37
8972,0.659,24.02
8973,0.659,23.85
8974,0.659,0.0
8975,0.725,1.46
8976,0.725,21.71
8977,0.725,0.11
8978,0.725,22.01
8979,0.714,0.0
8980,0.714,2.12
8981,0.714,1.05
8982,0.714,1.03
8983,0.65,0.33
8984,0.65,0.0
8985,0.65,0.24
8986,0.65,0.0
8987,0.65,3.39
8988,0.65,3.73
8989,0.65,0.0
8990,0.65,1.77
8991,0.706,3.3
8992,0.706,2.01
8993,0.706,0.74
8994,0.706,4.14
8995,0.706,0.0
8996,0.706,0.0
8997,0.706,2.0
8998,0.706,2.23
8999,0.668,3.7
9000,0.668,3.49
9001,0.668,6.24
9002,0.668,2.64
9003,0.639,3.88
9004,0.639,12.28
9005,0.639,1.28
9006,0.639,21.57
9007,0.675,0.0
9008,0.675,0.0
9009,0.675,26.21
9010,0.675,0.0
9011,0.675,0.0
9012,0.675,0.0
9013,0.675,0.0
9014,0.675,5.25
9015,0.675,0.0
9016,0.675,0.0
9017,0.675,0.0
9018,0.675,0.0
9019,0.675,17.49
9020,0.675,0.12
9021,0.675,25.63
9022,0.675,6.98
9023,0.683,30.32
9024,0.683,24.02
9025,0.683,9.8
9026,0.683,9.45
9027,0.585,0.89
9028,0.585,3.99
9029,0.585,0.0
9030,0.585,0.0
9031,0.706,0.0
9032,0.706,0.0
9033,0.706,0.0
9034,0.706,0.0
9035,0.706,0.0
9036,0.706,2.17
9037,0.706,0.0
9038,0.706,1.98
9039,0.729,0.0
9040,0.729,2.65
9041,0.729,2.5
9042,0.729,0.37
9043,0.716,0.0
9044,0.716,0.03
9045,0.716,0.0
9046,0.716,0.0
9047,0.705,4.08
9048,0.705,1.54
9049,0.705,4.75
9050,0.705,6.24
9051,0.717,26.52
9052,0.717,14.93
9053,0.717,20.26
9054,0.717,26.62
9055,0.731,33.5
9056,0.731,19.5
9057,0.731,26.7
9058,0.731,39.29
9059,0.731,0.0
9060,0.731,0.0
9061,0.731,17.89
9062,0.731,0.0
9063,0.731,2.12
9064,0.731,0.0
9065,0.731,2.04
9066,0.731,0.0
9067,0.731,27.57
9068,0.731,34.84
9069,0.731,9.09
9070,0.731,8.35
9071,0.718,30.31
9072,0.718,36.71
9073,0.718,20.27
9074,0.718,22.97
9075,0.654,1.4
9076,0.654,3.95
9077,0.654,5.32
9078,0.654,12.08
9079,0.65,0.0
9080,0.65,3.28
9081,0.65,0.39
9082,0.65,11.16
9083,0.719,4.34
9084,0.719,0.0
9085,0.719,0.52
9086,0.719,0.0
9087,0.585,0.0
9088,0.585,8.07
9089,0.585,2.91
9090,0.585,8.61
9091,0.542,12.78
9092,0.542,1.53
9093,0.542,10.58
9094,0.542,12.65
9095,0.553,5.03
9096,0.553,1.29
9097,0.553,10.87
9098,0.553,2.25
9099,0.624,7.0
9100,0.624,0.0
9101,0.624,7.86
9102,0.624,0.0
9103,0.624,11.33
9104,0.624,4.12
9105,0.624,5.66
9106,0.624,6.32
9107,0.592,0.73
9108,0.592,2.92
9109,0.592,7.72
9110,0.592,2.8
9111,0.577,11.33
9112,0.577,0.0
9113,0.577,1.73
9114,0.577,1.99
9115,0.714,10.64
9116,0.714,7.18
9117,0.714,1.37
9118,0.714,2.1
9119,0.714,1.98
9120,0.714,3.75
9121,0.732,1.21
9122,0.732,3.47
9123,0.732,19.3
9124,0.764,14.88
9125,0.616,8.1
9126,0.764,21.3
9127,0.614,12.58
9128,0.663,14.05
9129,0.663,1.3
9130,0.663,4.11
9131,0.663,4.65
9132,0.681,6.99
9133,0.681,0.21
9134,0.681,2.43
9135,0.681,3.77
9136,0.681,5.64
9137,0.681,3.07
9138,0.681,2.99
9139,0.681,2.0
9140,0.702,0.0
9141,0.702,0.0
9142,0.702,0.0
9143,0.702,0.0
9144,0.716,2.74
9145,0.716,2.12
9146,0.716,14.51
9147,0.716,0.46
9148,0.724,1.44
9149,0.724,7.15
9150,0.724,11.48
9151,0.724,0.03
9152,0.612,0.01
9153,0.612,0.0
9154,0.612,21.59
9155,0.612,8.44
9156,0.594,12.49
9157,0.594,19.04
9158,0.594,25.26
9159,0.594,27.53
9160,0.594,2.2
9161,0.594,7.05
9162,0.64,0.2
9163,0.64,8.01
9164,0.64,4.49
9165,0.64,13.11
9166,0.675,21.16
9167,0.675,14.37
9168,0.675,17.28
9169,0.675,1.08
9170,0.703,4.52
9171,0.703,11.9
9172,0.703,4.58
9173,0.703,18.4
9174,0.731,9.88
9175,0.731,30.8
9176,0.731,12.61
9177,0.731,35.79
9178,0.715,11.23
9179,0.715,2.18
9180,0.715,32.76
9181,0.715,29.83
9182,0.701,8.8
9183,0.701,0.0
9184,0.701,15.77
9185,0.701,2.62
9186,0.702,18.01
9187,0.702,7.58
9188,0.702,5.54
9189,0.702,0.72
9190,0.737,28.7
9191,0.737,41.38
9192,0.737,27.67
9193,0.737,38.2
9194,0.674,10.3
9195,0.674,16.29
9196,0.674,21.39
9197,0.674,5.24
9198,0.644,16.8
9199,0.644,19.17
9200,0.644,14.41
9201,0.644,18.35
9202,0.714,2.41
9203,0.714,0.94
9204,0.714,3.0
9205,0.714,8.03
9206,0.668,12.39
9207,0.668,29.43
9208,0.668,24.18
9209,0.668,17.1
9210,0.668,3.18
9211,0.668,9.39
9212,0.83,0.0
9213,0.83,9.96
9214,0.83,0.0
9215,0.83,0.0
9216,0.83,10.62
9217,0.83,2.22
9218,0.83,13.13
9219,0.83,28.32
9220,0.856,0.8
9221,0.856,0.0
9222,0.856,0.0
9223,0.856,0.0
9224,0.856,0.77
9225,0.856,12.62
9226,0.856,0.0
9227,0.856,0.0
9228,0.856,0.0
9229,0.856,0.0
9230,0.856,0.0
9231,0.856,0.82
9232,0.856,0.0
9233,0.856,0.0
9234,0.856,0.0
9235,0.856,0.0
9236,0.83,0.0
9237,0.83,14.13
9238,0.83,0.0
9239,0.83,0.0
9240,0.83,0.0
9241,0.83,3.03
9242,0.83,21.88
9243,0.83,0.0
9244,0.842,18.76
9245,0.842,6.37
9246,0.842,6.09
9247,0.842,0.0
9248,0.842,0.0
9249,0.842,0.0
9250,0.842,0.0
9251,0.842,0.0
9252,0.856,0.0
9253,0.856,0.0
9254,0.856,0.0
9255,0.856,0.0
9256,0.856,0.0
9257,0.856,0.0
9258,0.856,0.0
9259,0.856,0.0
9260,0.856,0.0
9261,0.856,0.0
9262,0.856,5.12
9263,0.856,5.14
9264,0.856,0.0
9265,0.856,0.0
9266,0.856,0.0
9267,0.856,0.0
9268,0.842,0.0
9269,0.842,0.03
9270,0.842,4.03
9271,0.842,12.74
9272,0.842,3.47
9273,0.842,0.0
9274,0.842,0.0
9275,0.842,0.0
9276,0.857,4.82
9277,0.857,0.0
9278,0.857,5.66
9279,0.857,7.75
9280,0.857,8.31
9281,0.857,36.28
9282,0.857,16.37
9283,0.857,10.38
9284,0.832,0.0
9285,0.832,0.0
9286,0.832,0.0
9287,0.832,0.0
9288,0.832,0.84
9289,0.832,0.0
9290,0.832,0.0
9291,0.832,0.0
9292,0.832,2.72
9293,0.832,1.98
9294,0.832,0.42
9295,0.832,1.76
9296,0.832,8.04
9297,0.832,0.0
9298,0.832,0.0
9299,0.832,0.0
9300,0.857,2.57
9301,0.857,12.56
9302,0.857,0.01
9303,0.857,0.28
9304,0.857,0.0
9305,0.857,0.16
9306,0.857,0.0
9307,0.857,0.0
9308,0.835,13.14
9309,0.835,0.67
9310,0.835,2.18
9311,0.835,0.0
9312,0.835,0.0
9313,0.835,0.0
9314,0.835,0.0
9315,0.835,0.0
9316,0.829,0.0
9317,0.829,0.0
9318,0.829,0.0
9319,0.829,1.22
9320,0.829,0.0
9321,0.829,0.0
9322,0.829,3.8
9323,0.829,0.0
9324,0.815,18.78
9325,0.815,14.06
9326,0.815,7.91
9327,0.815,19.84
9328,0.815,0.0
9329,0.815,0.0
9330,0.815,0.0
9331,0.815,0.0
9332,0.815,0.0
9333,0.815,0.0
9334,0.815,8.33
9335,0.815,14.33
9336,0.815,7.6
9337,0.815,7.07
9338,0.815,6.33
9339,0.815,0.0
9340,0.829,5.4
9341,0.829,1.68
9342,0.829,0.0
9343,0.829,0.0
9344,0.829,0.0
9345,0.829,0.24
9346,0.829,0.0
9347,0.829,0.0
9348,0.835,0.0
9349,0.835,0.0
9350,0.835,0.0
9351,0.835,0.0
9352,0.835,0.15
9353,0.835,2.17
9354,0.835,0.0
9355,0.835,3.3
9356,0.83,2.31
9357,0.83,25.57
9358,0.83,8.11
9359,0.83,24.7
9360,0.83,0.0
9361,0.83,0.0
9362,0.83,11.83
9363,0.83,12.34
9364,0.81,0.0
9365,0.81,0.0
9366,0.81,0.0
9367,0.81,0.0
9368,0.81,0.0
9369,0.81,0.0
9370,0.81,0.0
9371,0.81,0.0
9372,0.804,0.0
9373,0.804,0.0
9374,0.804,2.53
9375,0.804,0.0
9376,0.804,3.8
9377,0.804,12.73
9378,0.804,0.0
9379,0.804,8.46
9380,0.804,0.0
9381,0.804,9.86
9382,0.804,0.0
9383,0.804,5.51
9384,0.804,0.0
9385,0.804,0.0
9386,0.804,0.0
9387,0.804,0.09
9388,0.81,0.0
9389,0.81,3.34
9390,0.81,0.0
9391,0.81,0.0
9392,0.81,0.0
9393,0.81,1.82
9394,0.81,14.63
9395,0.81,8.71
9396,0.83,8.96
9397,0.83,6.33
9398,0.83,23.95
9399,0.83,7.56
9400,0.83,1.94
9401,0.83,12.12
9402,0.83,27.08
9403,0.83,20.1
9404,0.832,38.02
9405,0.832,39.36
9406,0.832,37.34
9407,0.832,12.03
9408,0.832,26.01
9409,0.832,0.0
9410,0.832,12.88
9411,0.832,0.0
9412,0.808,13.81
9413,0.808,5.96
9414,0.808,0.0
9415,0.808,0.0
9416,0.808,0.0
9417,0.808,0.0
9418,0.808,0.0
9419,0.808,0.0
9420,0.804,0.0
9421,0.804,0.0
9422,0.804,0.0
9423,0.804,0.0
9424,0.804,0.0
9425,0.804,0.0
9426,0.804,0.0
9427,0.804,0.0
9428,0.804,0.0
9429,0.804,0.0
9430,0.804,0.0
9431,0.804,0.0
9432,0.804,0.0
9433,0.804,0.0
9434,0.804,0.0
9435,0.804,0.0
9436,0.808,0.0
9437,0.808,0.0
9438,0.808,0.0
9439,0.808,0.0
9440,0.808,0.0
9441,0.808,0.0
9442,0.808,0.0
9443,0.808,0.0
9444,0.832,5.85
9445,0.832,0.0
9446,0.832,0.0
9447,0.832,0.02
9448,0.832,0.0
9449,0.832,0.0
9450,0.832,0.0
9451,0.832,0.0
9452,0.821,0.0
9453,0.821,0.0
9454,0.821,0.0
9455,0.821,0.0
9456,0.821,3.6
9457,0.821,0.0
9458,0.821,3.93
9459,0.821,4.7
9460,0.762,0.0
9461,0.762,0.0
9462,0.762,0.0
9463,0.762,0.0
9464,0.762,0.0
9465,0.762,0.02
9466,0.762,11.92
9467,0.762,2.07
9468,0.727,0.0
9469,0.727,0.0
9470,0.727,0.0
9471,0.727,0.65
9472,0.727,0.0
9473,0.727,0.0
9474,0.727,0.0
9475,0.727,0.0
9476,0.727,0.47
9477,0.727,0.0
9478,0.727,17.46
9479,0.727,0.0
9480,0.727,0.47
9481,0.727,6.07
9482,0.727,10.51
9483,0.727,22.49
9484,0.762,0.0
9485,0.762,1.76
9486,0.762,1.15
9487,0.762,3.68
9488,0.762,0.0
9489,0.762,0.0
9490,0.762,0.0
9491,0.762,0.0
9492,0.821,1.24
9493,0.821,0.0
9494,0.821,0.0
9495,0.821,0.0
9496,0.821,0.0
9497,0.821,0.0
9498,0.821,0.0
9499,0.821,8.3
9500,0.819,0.41
9501,0.819,0.0
9502,0.819,0.55
9503,0.819,0.0
9504,0.819,0.0
9505,0.819,0.0
9506,0.819,0.0
9507,0.819,0.0
9508,0.767,0.0
9509,0.767,0.0
9510,0.767,1.38
9511,0.767,0.27
9512,0.767,15.39
9513,0.713,10.02
9514,0.766,27.9
9515,0.714,18.74
9516,0.708,10.36
9517,0.708,28.15
9518,0.708,8.57
9519,0.708,6.54
9520,0.838,18.54
9521,0.838,0.0
9522,0.838,11.96
9523,0.838,0.0
9524,0.92,3.07
9525,0.92,0.0
9526,0.92,2.21
9527,0.92,18.42
9528,0.806,29.15
9529,0.806,9.37
9530,0.806,34.58
9531,0.806,13.19
9532,0.799,30.7
9533,0.799,31.23
9534,0.799,19.11
9535,0.799,23.03
9536,0.698,7.32
9537,0.698,4.01
9538,0.698,0.0
9539,0.698,10.16
9540,0.819,0.0
9541,0.819,0.0
9542,0.819,0.0
9543,0.819,0.0
9544,0.819,0.0
9545,0.819,0.0
9546,0.819,0.0
9547,0.819,0.0
9548,0.649,0.15
9549,0.649,0.0
9550,0.649,4.53
9551,0.649,0.92
9552,0.649,2.01
9553,0.649,1.59
9554,0.649,0.69
9555,0.649,0.41
9556,0.676,0.0
9557,0.676,13.38
9558,0.676,0.01
9559,0.676,2.84
9560,0.696,20.52
9561,0.696,30.26
9562,0.696,8.62
9563,0.696,20.06
9564,0.77,19.74
9565,0.77,15.67
9566,0.77,13.29
9567,0.77,21.51
9568,0.93,20.48
9569,0.93,17.85
9570,0.93,1.69
9571,0.93,29.93
9572,0.942,7.95
9573,0.942,16.79
9574,0.942,0.82
9575,0.942,6.97
9576,0.777,14.95
9577,0.777,13.02
9578,0.777,17.68
9579,0.777,15.81
9580,0.765,3.64
9581,0.765,17.5
9582,0.765,3.64
9583,0.765,7.08
9584,0.676,0.41
9585,0.676,0.0
9586,0.676,0.0
9587,0.676,0.0
9588,0.649,0.0
9589,0.649,0.0
9590,0.649,0.0
9591,0.649,0.0
9592,0.649,4.87
9593,0.649,0.0
9594,0.649,7.56
9595,0.649,0.0
9596,0.193,0.0
9597,0.193,12.6
9598,0.193,20.13
9599,0.193,3.92
9600,0.83,31.4
9601,0.83,13.42
9602,0.83,9.34
9603,0.83,2.21
9604,0.921,3.03
9605,0.921,0.0
9606,0.921,0.0
9607,0.921,0.0
9608,0.837,0.0
9609,0.837,0.0
9610,0.837,0.0
9611,0.837,0.0
9612,0.433,2.06
9613,0.897,1.31
9614,0.219,25.94
9615,0.897,0.0
9616,0.184,7.92
9617,0.184,3.58
9618,0.184,0.0
9619,0.184,1.99
9620,0.669,0.0
9621,0.669,2.0
9622,0.669,0.2
9623,0.669,3.9
9624,0.669,0.0
9625,0.669,0.0
9626,0.669,0.71
9627,0.669,0.0
9628,0.74,0.0
9629,0.74,9.83
9630,0.74,0.0
9631,0.74,3.35
9632,0.645,0.89
9633,0.645,2.78
9634,0.645,2.15
9635,0.645,0.0
9636,0.682,21.71
9637,0.682,3.1
9638,0.682,7.44
9639,0.682,4.03
9640,0.678,19.31
9641,0.678,28.8
9642,0.678,1.92
9643,0.678,6.42
9644,0.423,1.8
9645,0.423,4.74
9646,0.423,6.91
9647,0.423,15.42
9648,0.423,10.38
9649,0.423,19.3
9650,0.543,3.41
9651,0.543,0.28
9652,0.543,1.2
9653,0.543,0.0
9654,0.543,4.38
9655,0.543,0.0
9656,0.543,5.43
9657,0.543,4.26
9658,0.544,3.04
9659,0.544,1.82
9660,0.544,6.08
9661,0.544,0.54
9662,0.543,4.23
9663,0.543,3.25
9664,0.543,0.0
9665,0.543,0.95
9666,0.441,11.44
9667,0.441,25.74
9668,0.441,12.57
9669,0.441,3.83
9670,0.414,4.59
9671,0.414,0.0
9672,0.414,8.7
9673,0.834,2.51
9674,0.834,0.0
9675,0.834,1.56
9676,0.834,0.0
9677,0.834,0.0
9678,0.834,0.0
9679,0.834,0.0
9680,0.834,0.0
9681,0.797,0.0
9682,0.797,0.89
9683,0.797,0.0
9684,0.797,1.33
9685,0.797,0.0
9686,0.797,0.0
9687,0.797,0.98
9688,0.797,0.0
9689,0.797,5.76
9690,0.797,0.0
9691,0.797,0.0
9692,0.797,0.0
9693,0.797,3.98
9694,0.797,4.39
9695,0.797,2.34
9696,0.797,2.41
9697,0.834,0.0
9698,0.834,0.0
9699,0.834,0.96
9700,0.834,0.76
9701,0.834,4.44
9702,0.834,0.0
9703,0.834,0.0
9704,0.834,0.0
9705,0.89,1.99
9706,0.89,2.17
9707,0.89,0.0
9708,0.89,0.0
9709,0.89,2.09
9710,0.89,2.24
9711,0.89,0.0
9712,0.89,0.0
9713,0.918,1.21
9714,0.918,2.08
9715,0.918,0.35
9716,0.918,0.0
9717,0.918,0.0
9718,0.918,0.0
9719,0.918,0.0
9720,0.918,0.0
9721,0.918,0.0
9722,0.918,0.0
9723,0.918,0.0
9724,0.918,0.0
9725,0.918,0.0
9726,0.918,0.0
9727,0.918,4.49
9728,0.918,0.0
9729,0.89,2.24
9730,0.89,5.52
9731,0.89,14.0
9732,0.89,0.2
9733,0.89,0.0
9734,0.89,0.0
9735,0.89,5.89
9736,0.89,31.21
9737,0.869,11.55
9738,0.869,26.68
9739,0.869,14.56
9740,0.869,23.01
9741,0.869,0.0
9742,0.869,0.0
9743,0.869,0.0
9744,0.869,0.04
9745,0.935,0.24
9746,0.935,0.0
9747,0.935,22.17
9748,0.935,0.12
9749,0.935,0.0
9750,0.935,0.0
9751,0.935,0.0
9752,0.935,0.0
9753,0.935,0.95
9754,0.935,9.88
9755,0.935,10.07
9756,0.935,18.25
9757,0.935,0.0
9758,0.935,0.0
9759,0.935,0.0
9760,0.935,0.0
9761,0.869,0.0
9762,0.869,0.0
9763,0.869,0.0
9764,0.869,5.04
9765,0.869,0.0
9766,0.869,3.77
9767,0.869,0.0
9768,0.869,0.0
9769,0.856,7.18
9770,0.856,6.68
9771,0.856,1.59
9772,0.856,9.74
9773,0.856,3.99
9774,0.856,0.0
9775,0.856,0.0
9776,0.856,0.0
9777,0.839,0.2
9778,0.839,5.93
9779,0.839,0.0
9780,0.839,9.62
9781,0.839,12.67
9782,0.839,12.09
9783,0.839,6.36
9784,0.839,15.1
9785,0.847,5.91
9786,0.847,0.0
9787,0.847,9.2
9788,0.847,14.71
9789,0.847,0.0
9790,0.847,4.22
9791,0.847,0.0
9792,0.847,0.0
9793,0.847,0.0
9794,0.847,0.0
9795,0.847,8.89
9796,0.847,0.0
9797,0.847,13.56
9798,0.847,2.99
9799,0.847,23.3
9800,0.847,24.91
9801,0.839,6.76
9802,0.839,20.39
9803,0.839,15.71
9804,0.839,27.02
9805,0.839,0.0
9806,0.839,0.02
9807,0.839,9.36
9808,0.839,30.74
9809,0.856,0.0
9810,0.856,0.0
9811,0.856,0.0
9812,0.856,0.0
9813,0.856,0.0
9814,0.856,0.0
9815,0.856,0.0
9816,0.856,0.0
9817,0.824,0.0
9818,0.824,0.0
9819,0.824,0.0
9820,0.824,0.0
9821,0.824,0.0
9822,0.824,0.0
9823,0.824,0.0
9824,0.824,1.92
9825,0.902,0.0
9826,0.902,14.93
9827,0.902,0.0
9828,0.902,3.58
9829,0.918,6.14
9830,0.918,3.37
9831,0.918,2.84
9832,0.918,6.7
9833,0.922,10.23
9834,0.922,1.98
9835,0.922,6.73
9836,0.922,7.79
9837,0.923,4.0
9838,0.923,0.01
9839,0.923,3.57
9840,0.923,0.54
9841,0.918,5.07
9842,0.918,12.91
9843,0.918,0.35
9844,0.918,0.0
9845,0.919,7.47
9846,0.919,2.12
9847,0.919,8.88
9848,0.919,5.75
9849,0.915,0.0
9850,0.915,0.0
9851,0.915,0.0
9852,0.915,4.0
9853,0.789,24.36
9854,0.789,23.6
9855,0.789,1.54
9856,0.789,4.34
9857,0.824,0.0
9858,0.824,15.36
9859,0.824,5.76
9860,0.824,22.24
9861,0.824,2.95
9862,0.824,0.0
9863,0.824,6.12
9864,0.824,4.27
9865,0.818,0.0
9866,0.818,10.2
9867,0.818,0.0
9868,0.818,21.1
9869,0.786,10.33
9870,0.786,7.65
9871,0.786,8.78
9872,0.786,17.79
9873,0.852,22.42
9874,0.852,15.74
9875,0.852,8.69
9876,0.852,19.25
9877,0.852,10.06
9878,0.852,3.19
9879,0.852,8.17
9880,0.852,1.74
9881,0.908,7.52
9882,0.908,9.65
9883,0.908,5.07
9884,0.908,7.59
9885,0.908,12.27
9886,0.908,0.0
9887,0.908,0.0
9888,0.908,0.0
9889,0.908,0.0
9890,0.908,0.0
9891,0.908,0.0
9892,0.908,0.0
9893,0.908,19.42
9894,0.908,11.54
9895,0.908,28.0
9896,0.908,11.28
9897,0.852,0.0
9898,0.852,0.0
9899,0.852,0.75
9900,0.852,0.0
9901,0.852,8.64
9902,0.852,0.57
9903,0.852,0.0
9904,0.852,0.0
9905,0.774,1.32
9906,0.774,19.78
9907,0.774,1.91
9908,0.774,9.6
9909,0.818,1.97
9910,0.818,15.42
9911,0.818,3.7
9912,0.818,0.0
9913,0.943,0.0
9914,0.943,0.0
9915,0.943,0.0
9916,0.943,0.0
9917,0.943,6.42
9918,0.943,5.71
9919,0.943,0.0
9920,0.943,9.57
9921,0.895,7.93
9922,0.895,0.0
9923,0.895,0.0
9924,0.895,2.31
9925,0.895,0.0
9926,0.895,0.0
9927,0.895,0.48
9928,0.895,0.0
9929,0.843,0.0
9930,0.843,0.0
9931,0.843,0.0
9932,0.843,1.48
9933,0.843,0.0
9934,0.843,0.0
9935,0.843,0.0
9936,0.843,13.28
9937,0.843,10.15
9938,0.843,24.72
9939,0.843,26.29
9940,0.843,16.53
9941,0.843,0.0
9942,0.843,0.0
9943,0.843,6.1
9944,0.843,17.32
9945,0.895,7.14
9946,0.895,0.0
9947,0.895,9.35
9948,0.895,28.55
9949,0.895,2.81
9950,0.895,19.19
9951,0.895,17.38
9952,0.895,12.9
9953,0.943,1.58
9954,0.943,0.0
9955,0.943,0.0
9956,0.943,0.0
9957,0.943,0.0
9958,0.943,0.0
9959,0.943,2.53
9960,0.943,0.0
9961,0.959,6.25
9962,0.959,2.88
9963,0.959,16.38
9964,0.959,5.89
9965,0.843,4.67
9966,0.843,0.0
9967,0.843,2.66
9968,0.843,6.57
9969,0.831,13.86
9970,0.831,17.31
9971,0.831,6.78
9972,0.831,4.13
9973,0.802,0.0
9974,0.802,1.66
9975,0.802,1.77
9976,0.802,0.73
9977,0.819,13.98
9978,0.819,22.74
9979,0.819,14.66
9980,0.819,13.61
9981,0.814,37.28
9982,0.814,14.12
9983,0.814,25.35
9984,0.814,13.42
9985,0.817,27.83
9986,0.817,15.06
9987,0.817,24.9
9988,0.817,12.9
9989,0.811,2.01
9990,0.811,15.1
9991,0.811,6.31
9992,0.811,13.42
9993,0.785,2.19
9994,0.785,5.26
9995,0.785,3.92
9996,0.785,17.6
9997,0.799,0.91
9998,0.799,1.71
9999,0.799,3.87
10000,0.799,0.27
10001,0.864,20.08
10002,0.864,3.06
10003,0.864,6.49
10004,0.864,3.52
10005,0.937,5.53
10006,0.937,10.17
10007,0.937,2.55
10008,0.937,6.38
10009,0.913,29.25
10010,0.913,15.21
10011,0.913,0.48
10012,0.913,3.89
10013,0.896,11.89
10014,0.896,23.3
10015,0.896,14.57
10016,0.896,0.14
10017,0.786,0.0
10018,0.786,1.45
10019,0.786,0.0
10020,0.786,0.22
10021,0.786,1.4
10022,0.786,13.9
10023,0.786,0.22
10024,0.786,11.5
10025,0.815,7.36
10026,0.815,13.56
10027,0.815,20.97
10028,0.815,11.3
10029,0.815,2.73
10030,0.815,0.0
10031,0.815,0.0
10032,0.815,0.0
10033,0.815,0.0
10034,0.815,0.0
10035,0.815,0.0
10036,0.815,0.0
10037,0.815,1.9
10038,0.815,1.42
10039,0.815,1.55
10040,0.815,0.0
10041,0.786,0.0
10042,0.786,0.0
10043,0.786,0.0
10044,0.786,0.0
10045,0.786,0.0
10046,0.786,0.0
10047,0.786,0.0
10048,0.786,0.0
10049,0.877,21.41
10050,0.877,4.07
10051,0.877,9.52
10052,0.877,0.0
10053,0.911,0.0
10054,0.911,2.11
10055,0.911,0.0
10056,0.911,0.0
10057,0.939,0.0
10058,0.939,0.0
10059,0.939,0.0
10060,0.939,0.0
10061,0.939,0.0
10062,0.939,0.0
10063,0.938,0.0
10064,0.938,0.0
10065,0.938,0.0
10066,0.938,1.19
10067,0.906,3.7
10068,0.906,23.18
10069,0.906,32.59
10070,0.906,2.5
10071,0.931,0.75
10072,0.931,0.0
10073,0.931,11.12
10074,0.931,0.0
10075,0.872,31.16
10076,0.872,0.0
10077,0.872,19.2
10078,0.872,3.85
10079,0.906,17.09
10080,0.907,6.34
10081,0.867,8.18
10082,0.961,22.47
10083,0.926,6.82
10084,0.926,22.55
10085,0.926,5.79
10086,0.926,38.03
10087,0.937,0.0
10088,0.937,0.0
10089,0.937,0.0
10090,0.937,0.0
10091,0.937,0.0
10092,0.937,0.0
10093,0.869,0.0
10094,0.869,0.0
10095,0.869,0.47
10096,0.869,0.0
10097,0.926,19.83
10098,0.855,43.75
10099,0.864,20.13
10100,0.855,47.44
10101,0.864,7.46
10102,0.961,25.55
10103,0.849,31.34
10104,0.849,31.87
10105,0.852,23.98
10106,0.851,0.0
10107,0.851,6.86
10108,0.851,1.39
10109,0.945,24.36
10110,0.945,2.52
10111,0.941,6.0
10112,0.941,0.01
10113,0.892,35.41
10114,0.892,41.34
10115,0.892,37.49
10116,0.892,37.44
10117,0.851,28.08
10118,0.851,38.46
10119,0.851,27.8
10120,0.851,31.46
10121,0.862,0.0
10122,0.862,0.0
10123,0.862,1.51
10124,0.829,21.23
10125,0.825,32.78
10126,0.829,15.89
10127,0.822,43.3
10128,0.922,30.34
10129,0.93,14.04
10130,0.938,19.42
10131,0.908,25.41
10132,0.933,4.04
10133,0.935,9.32
10134,0.907,3.03
10135,0.908,2.9
10136,0.843,0.0
10137,0.843,0.0
10138,0.843,0.02
10139,0.843,0.0
10140,0.941,13.31
10141,0.908,3.08
10142,0.963,32.32
10143,0.852,15.36
10144,0.772,2.87
10145,0.773,36.41
10146,0.759,0.0
10147,0.864,33.35
10148,0.842,0.0
10149,0.842,0.0
10150,0.842,0.0
10151,0.842,0.0
10152,0.877,0.0
10153,0.877,0.0
10154,0.877,0.0
10155,0.877,0.0
10156,0.877,0.0
10157,0.877,0.0
10158,0.877,0.0
10159,0.877,0.0
10160,0.877,0.0
10161,0.877,0.0
10162,0.877,0.0
10163,0.877,0.0
10164,0.842,0.0
10165,0.842,0.0
10166,0.842,0.0
10167,0.842,0.0
10168,0.842,0.0
10169,0.842,0.0
10170,0.842,0.0
10171,0.842,0.24
10172,0.841,5.25
10173,0.841,0.0
10174,0.841,0.0
10175,0.841,0.0
10176,0.841,0.0
10177,0.841,0.0
10178,0.841,0.0
10179,0.841,0.0
10180,0.826,0.0
10181,0.826,0.0
10182,0.826,0.0
10183,0.826,0.0
10184,0.826,3.14
10185,0.826,0.0
10186,0.826,0.0
10187,0.826,0.0
10188,0.826,0.0
10189,0.826,0.0
10190,0.826,0.0
10191,0.826,0.0
10192,0.826,0.0
10193,0.826,0.0
10194,0.826,0.0
10195,0.826,0.0
10196,0.841,0.0
10197,0.841,0.0
10198,0.841,0.0
10199,0.841,0.0
10200,0.841,0.0
10201,0.841,0.0
10202,0.841,0.0
10203,0.841,0.0
10204,0.9,0.0
10205,0.9,0.0
10206,0.9,0.0
10207,0.9,0.0
10208,0.9,0.0
10209,0.9,0.0
10210,0.9,0.0
10211,0.9,0.0
10212,0.836,0.0
10213,0.836,0.0
10214,0.836,0.0
10215,0.836,0.0
10216,0.836,0.0
10217,0.836,2.31
10218,0.836,11.16
10219,0.836,0.0
10220,0.836,0.04
10221,0.836,0.0
10222,0.836,0.0
10223,0.836,0.0
10224,0.836,0.0
10225,0.836,0.0
10226,0.836,0.0
10227,0.836,0.0
10228,0.9,0.0
10229,0.9,0.0
10230,0.9,0.0
10231,0.9,0.0
10232,0.9,0.0
10233,0.9,0.0
10234,0.9,0.0
10235,0.9,0.0
10236,0.795,0.0
10237,0.795,0.0
10238,0.795,0.0
10239,0.795,0.0
10240,0.855,0.0
10241,0.855,0.0
10242,0.855,0.0
10243,0.855,1.33
10244,0.83,2.63
10245,0.83,6.88
10246,0.83,13.43
10247,0.83,0.0
10248,0.83,20.45
10249,0.83,25.79
10250,0.83,8.0
10251,0.83,0.0
10252,0.83,21.47
10253,0.83,10.28
10254,0.83,2.5
10255,0.83,18.66
10256,0.855,3.54
10257,0.855,10.44
10258,0.855,0.12
10259,0.855,0.0
10260,0.855,0.0
10261,0.855,0.0
10262,0.855,2.51
10263,0.855,0.0
10264,0.795,0.0
10265,0.795,0.0
10266,0.795,0.0
10267,0.795,16.54
10268,0.795,0.0
10269,0.795,0.0
10270,0.795,0.0
10271,0.795,0.0
10272,0.786,0.0
10273,0.786,0.0
10274,0.786,0.0
10275,0.786,0.0
10276,0.786,0.0
10277,0.786,15.44
10278,0.786,0.0
10279,0.786,0.0
10280,0.786,11.19
10281,0.786,0.0
10282,0.786,0.01
10283,0.786,0.0
10284,0.786,0.0
10285,0.786,0.0
10286,0.786,0.0
10287,0.786,0.0
10288,0.762,0.26
10289,0.762,4.17
10290,0.762,0.0
10291,0.762,0.0
10292,0.762,12.09
10293,0.762,10.66
10294,0.762,5.95
10295,0.762,6.7
10296,0.762,0.0
10297,0.762,0.0
10298,0.762,0.0
10299,0.762,0.0
10300,0.762,0.0
10301,0.762,0.0
10302,0.762,0.0
10303,0.762,0.0
10304,0.786,0.0
10305,0.786,0.0
10306,0.786,6.78
10307,0.786,0.0
10308,0.786,23.26
10309,0.786,0.09
10310,0.786,0.0
10311,0.786,0.0
10312,0.786,0.0
10313,0.786,4.75
10314,0.786,0.0
10315,0.786,1.03
10316,0.786,0.0
10317,0.786,0.0
10318,0.786,0.0
10319,0.786,0.0
10320,0.869,0.0
10321,0.869,0.0
10322,0.869,1.65
10323,0.869,24.0
10324,0.869,0.0
10325,0.869,5.79
10326,0.869,8.47
10327,0.869,6.42
10328,0.879,1.2
10329,0.879,0.0
10330,0.879,6.78
10331,0.879,0.0
10332,0.879,17.35
10333,0.879,2.19
10334,0.879,16.65
10335,0.879,2.48
10336,0.911,0.0
10337,0.911,0.18
10338,0.911,0.0
10339,0.911,0.0
10340,0.911,0.0
10341,0.911,1.2
10342,0.911,0.0
10343,0.911,0.0
10344,0.911,0.0
10345,0.911,0.0
10346,0.911,0.0
10347,0.911,0.0
10348,0.911,0.0
10349,0.911,0.0
10350,0.911,0.9
10351,0.911,0.0
10352,0.879,0.08
10353,0.879,0.0
10354,0.879,4.82
10355,0.879,4.11
10356,0.879,1.47
10357,0.879,0.0
10358,0.879,8.59
10359,0.879,2.39
10360,0.869,11.73
10361,0.869,0.0
10362,0.869,2.64
10363,0.869,4.46
10364,0.869,6.64
10365,0.869,15.01
10366,0.869,4.7
10367,0.869,5.92
10368,0.881,0.0
10369,0.881,0.0
10370,0.881,0.0
10371,0.881,0.0
10372,0.881,0.0
10373,0.881,0.0
10374,0.874,0.0
10375,0.874,0.0
10376,0.874,0.0
10377,0.874,0.0
10378,0.874,0.0
10379,0.874,0.0
10380,0.874,0.0
10381,0.874,0.0
10382,0.874,0.0
10383,0.874,0.0
10384,0.874,0.0
10385,0.874,0.0
10386,0.874,0.0
10387,0.874,0.0
10388,0.874,0.0
10389,0.874,0.0
10390,0.874,0.0
10391,0.874,0.0
10392,0.881,0.0
10393,0.881,0.0
10394,0.881,0.0
10395,0.881,0.0
10396,0.881,0.0
10397,0.881,0.0
10398,0.881,0.0
10399,0.881,0.0
10400,0.881,0.0
10401,0.881,0.0
10402,0.881,0.0
10403,0.881,0.0
10404,0.881,0.0
10405,0.881,0.0
10406,0.881,0.0
10407,0.881,0.0
10408,0.881,0.0
10409,0.881,0.0
10410,0.881,0.0
10411,0.881,0.0
10412,0.881,0.0
10413,0.881,0.0
10414,0.881,0.0
10415,0.881,0.0
10416,0.874,0.0
10417,0.874,0.0
10418,0.874,0.0
10419,0.874,0.0
10420,0.874,0.0
10421,0.874,0.0
10422,0.874,0.0
10423,0.874,0.0
10424,0.874,0.0
10425,0.874,0.0
10426,0.874,0.0
10427,0.874,0.0
10428,0.873,0.0
10429,0.873,0.0
10430,0.873,0.0
10431,0.873,0.0
10432,0.873,0.0
10433,0.873,0.0
10434,0.873,0.0
10435,0.873,0.0
10436,0.873,0.0
10437,0.873,0.0
10438,0.873,0.0
10439,0.873,0.0
10440,0.876,0.0
10441,0.876,0.0
10442,0.876,0.0
10443,0.876,0.0
10444,0.876,0.0
10445,0.876,0.0
10446,0.876,0.0
10447,0.876,0.0
10448,0.876,0.0
10449,0.876,0.0
10450,0.876,0.0
10451,0.876,0.0
10452,0.876,22.07
10453,0.876,0.0
10454,0.876,25.76
10455,0.876,0.0
10456,0.876,0.0
10457,0.876,0.0
10458,0.876,0.0
10459,0.876,1.01
10460,0.876,0.0
10461,0.876,0.0
10462,0.876,0.97
10463,0.876,0.0
10464,0.873,0.0
10465,0.873,0.0
10466,0.873,0.0
10467,0.873,0.0
10468,0.873,0.0
10469,0.873,0.0
10470,0.873,0.0
10471,0.873,0.0
10472,0.873,0.0
10473,0.873,0.0
10474,0.873,0.0
10475,0.873,0.0
10476,0.873,0.0
10477,0.873,0.0
10478,0.873,0.0
10479,0.873,0.0
10480,0.873,0.0
10481,0.873,0.0
10482,0.873,0.0
10483,0.873,0.0
10484,0.873,0.0
10485,0.873,0.0
10486,0.873,0.0
10487,0.873,0.0
10488,0.876,0.0
10489,0.876,0.0
10490,0.876,0.0
10491,0.876,0.0
10492,0.876,0.0
10493,0.876,0.0
10494,0.876,0.0
10495,0.876,0.0
10496,0.876,0.01
10497,0.876,0.0
10498,0.876,0.0
10499,0.876,0.0
10500,0.938,0.0
10501,0.938,0.0
10502,0.938,2.0
10503,0.938,0.5
10504,0.938,4.08
10505,0.956,0.19
10506,0.956,2.72
10507,0.956,3.41
10508,0.956,0.0
10509,0.956,0.0
10510,0.956,0.29
10511,0.956,5.08
10512,0.956,15.69
10513,0.956,0.0
10514,0.956,0.41
10515,0.956,0.0
10516,0.956,0.0
10517,0.938,11.3
10518,0.938,0.0
10519,0.938,5.57
10520,0.938,0.0
10521,0.938,0.0
10522,0.938,9.36
10523,0.938,0.0
10524,0.938,0.66
10525,0.938,0.0
10526,0.938,2.93
10527,0.882,5.63
10528,0.882,0.0
10529,0.882,1.64
10530,0.882,0.0
10531,0.882,0.0
10532,0.882,3.03
10533,0.882,0.0
10534,0.882,0.0
10535,0.882,3.27
10536,0.882,9.03
10537,0.94,3.69
10538,0.94,7.78
10539,0.94,12.8
10540,0.94,0.01
10541,0.965,4.59
10542,0.965,11.62
10543,0.965,0.0
10544,0.965,18.79
10545,0.97,12.66
10546,0.97,0.0
10547,0.97,6.3
10548,0.97,0.0
10549,0.93,22.33
10550,0.93,10.95
10551,0.93,7.66
10552,0.93,2.23
10553,0.882,20.43
10554,0.882,23.89
10555,0.882,24.36
10556,0.882,28.77
10557,0.882,0.0
10558,0.882,16.15
10559,0.882,0.0
10560,0.882,20.23
10561,0.882,0.0
10562,0.882,0.0
10563,0.889,6.67
10564,0.889,0.0
10565,0.889,0.0
10566,0.889,9.64
10567,0.889,0.0
10568,0.889,0.0
10569,0.889,30.04
10570,0.889,22.18
10571,0.889,0.0
10572,0.889,3.01
10573,0.949,0.42
10574,0.949,0.0
10575,0.949,0.0
10576,0.949,0.0
10577,0.949,0.0
10578,0.949,0.0
10579,0.949,0.0
10580,0.949,10.23
10581,0.949,0.0
10582,0.949,0.0
10583,0.949,0.0
10584,0.949,0.0
10585,0.949,0.0
10586,0.949,0.0
10587,0.949,1.68
10588,0.949,13.81
10589,0.889,2.02
10590,0.889,9.56
10591,0.889,0.0
10592,0.889,1.07
10593,0.889,0.0
10594,0.889,2.56
10595,0.889,0.0
10596,0.889,0.0
10597,0.889,0.0
10598,0.889,1.92
10599,0.983,5.4
10600,0.983,19.28
10601,0.983,0.0
10602,0.983,2.05
10603,0.983,0.47
10604,0.983,0.0
10605,0.983,0.0
10606,0.983,0.0
10607,0.983,0.0
10608,0.983,0.0
10609,0.983,0.0
10610,0.983,0.0
10611,0.983,0.0
10612,0.983,0.0
10613,0.983,0.0
10614,0.983,0.0
10615,0.983,0.0
10616,0.983,0.0
10617,0.983,0.0
10618,0.983,0.0
10619,0.983,0.0
10620,0.983,0.0
10621,0.983,0.0
10622,0.983,0.0
10623,0.983,0.0
10624,0.983,0.0
10625,0.983,0.0
10626,0.983,0.0
10627,0.983,0.0
10628,0.983,0.0
10629,0.983,0.0
10630,0.983,0.0
10631,0.983,0.0
10632,0.983,0.0
10633,0.983,0.0
10634,0.983,0.0
10635,0.983,0.0
10636,0.983,0.0
10637,0.983,0.0
10638,0.983,0.0
10639,0.983,0.0
10640,0.983,0.0
10641,0.983,0.0
10642,0.983,0.0
10643,0.983,0.0
10644,0.983,0.0
10645,0.983,0.0
10646,0.983,0.0
10647,0.983,0.0
10648,0.983,0.0
10649,0.983,0.0
10650,0.983,0.0
10651,0.983,0.96
10652,0.983,0.0
10653,0.983,0.0
10654,0.983,0.0
10655,0.983,0.0
10656,0.983,0.0
10657,0.983,0.0
10658,0.983,0.0
10659,0.983,0.0
10660,0.983,0.0
10661,0.983,0.0
10662,0.983,0.0
10663,0.983,0.0
10664,0.983,0.0
10665,0.983,0.0
10666,0.983,0.0
10667,0.983,0.0
10668,0.983,0.0
10669,0.983,0.0
10670,0.983,0.0
10671,0.983,0.0
10672,0.983,0.0
10673,0.983,0.0
10674,0.983,0.0
10675,0.983,0.0
10676,0.983,0.0
10677,0.983,0.0
10678,0.983,0.0
10679,0.983,0.0
10680,0.983,0.0
10681,0.983,0.0
10682,0.983,0.0
10683,0.967,0.0
10684,0.967,0.0
10685,0.967,0.0
10686,0.967,0.0
10687,0.967,0.0
10688,0.967,0.0
10689,0.967,0.0
10690,0.967,0.0
10691,0.967,0.0
10692,0.967,0.0
10693,0.967,0.0
10694,0.967,0.0
10695,0.967,0.0
10696,0.967,0.0
10697,0.967,0.0
10698,0.967,0.0
10699,0.967,0.0
10700,0.967,0.0
10701,0.967,0.0
10702,0.967,0.0
10703,0.967,0.0
10704,0.967,0.0
10705,0.967,0.0
10706,0.967,0.0
10707,0.983,0.0
10708,0.983,0.0
10709,0.983,0.0
10710,0.983,0.0
10711,0.983,0.0
10712,0.983,0.0
10713,0.983,0.0
10714,0.983,0.0
10715,0.983,0.0
10716,0.983,0.0
10717,0.983,0.0
10718,0.983,0.0
10719,0.983,0.0
10720,0.983,0.0
10721,0.983,0.0
10722,0.983,0.0
10723,0.983,0.0
10724,0.983,0.0
10725,0.983,0.0
10726,0.983,0.0
10727,0.983,0.0
10728,0.983,0.0
10729,0.983,0.0
10730,0.983,0.0
10731,0.967,0.0
10732,0.967,0.0
10733,0.967,0.0
10734,0.967,0.0
10735,0.967,0.0
10736,0.967,0.0
10737,0.967,0.0
10738,0.967,0.0
10739,0.967,0.0
10740,0.967,0.0
10741,0.967,0.0
10742,0.967,0.0
10743,0.786,0.0
10744,0.786,0.0
10745,0.786,0.0
10746,0.786,0.0
10747,0.786,0.0
10748,0.786,0.0
10749,0.786,0.0
10750,0.786,0.0
10751,0.786,0.0
10752,0.786,0.0
10753,0.786,0.0
10754,0.786,0.0
10755,0.877,0.99
10756,0.877,6.36
10757,0.877,0.0
10758,0.877,1.85
10759,0.877,0.0
10760,0.877,0.0
10761,0.877,0.0
10762,0.877,0.0
10763,0.877,0.0
10764,0.877,0.0
10765,0.877,0.0
10766,0.877,0.0
10767,0.877,0.0
10768,0.877,0.0
10769,0.877,0.0
10770,0.877,0.0
10771,0.877,0.0
10772,0.877,0.0
10773,0.877,0.0
10774,0.877,0.0
10775,0.877,0.0
10776,0.877,0.0
10777,0.877,0.0
10778,0.877,0.0
10779,0.786,0.0
10780,0.786,0.0
10781,0.786,0.0
10782,0.786,0.0
10783,0.786,0.0
10784,0.786,0.0
10785,0.786,0.0
10786,0.786,0.0
10787,0.786,0.0
10788,0.786,0.0
10789,0.786,0.0
10790,0.786,0.0
10791,0.786,0.0
10792,0.786,0.0
10793,0.786,0.0
10794,0.786,0.0
10795,0.786,0.0
10796,0.786,0.0
10797,0.786,0.0
10798,0.786,0.0
10799,0.786,0.0
10800,0.786,0.0
10801,0.786,0.0
10802,0.786,0.0
10803,0.877,0.0
10804,0.877,0.0
10805,0.877,0.0
10806,0.877,0.0
10807,0.877,0.0
10808,0.877,0.0
10809,0.877,0.0
10810,0.877,0.0
10811,0.877,0.0
10812,0.877,0.0
10813,0.877,0.0
10814,0.877,0.0
10815,0.879,0.0
10816,0.879,0.0
10817,0.879,0.0
10818,0.879,0.0
10819,0.879,0.0
10820,0.879,0.0
10821,0.879,0.0
10822,0.879,0.0
10823,0.879,0.0
10824,0.879,0.0
10825,0.879,0.0
10826,0.879,0.0
10827,0.872,0.0
10828,0.872,0.0
10829,0.872,0.0
10830,0.872,0.0
10831,0.872,0.0
10832,0.872,0.0
10833,0.872,0.0
10834,0.872,0.0
10835,0.872,0.0
10836,0.872,0.0
10837,0.872,0.0
10838,0.872,0.0
10839,0.872,0.0
10840,0.872,0.0
10841,0.872,0.0
10842,0.872,0.0
10843,0.872,0.0
10844,0.872,0.0
10845,0.872,0.0
10846,0.872,0.0
10847,0.872,0.0
10848,0.872,0.0
10849,0.872,0.0
10850,0.872,0.0
10851,0.879,0.0
10852,0.879,0.2
10853,0.879,0.0
10854,0.879,0.0
10855,0.879,0.0
10856,0.879,0.0
10857,0.879,0.0
10858,0.879,0.0
10859,0.879,0.0
10860,0.879,0.0
10861,0.879,0.0
10862,0.879,0.0
10863,0.879,0.0
10864,0.879,0.0
10865,0.879,0.0
10866,0.879,0.0
10867,0.879,0.0
10868,0.879,0.0
10869,0.879,0.0
10870,0.879,0.0
10871,0.879,0.0
10872,0.879,0.0
10873,0.879,0.0
10874,0.879,0.0
10875,0.872,0.0
10876,0.872,0.0
10877,0.872,0.0
10878,0.872,0.0
10879,0.872,0.0
10880,0.872,0.0
10881,0.872,0.0
10882,0.872,0.0
10883,0.872,0.0
10884,0.872,0.0
10885,0.872,0.0
10886,0.872,0.0
10887,0.78,0.0
10888,0.78,6.94
10889,0.78,0.0
10890,0.78,0.0
10891,0.78,6.02
10892,0.78,0.0
10893,0.78,0.05
10894,0.78,0.0
10895,0.75,0.0
10896,0.75,0.0
10897,0.75,0.0
10898,0.75,0.0
10899,0.75,0.0
10900,0.75,0.0
10901,0.75,0.0
10902,0.75,0.0
10903,0.785,0.0
10904,0.785,0.0
10905,0.785,0.0
10906,0.785,0.0
10907,0.785,0.0
10908,0.785,0.0
10909,0.785,0.0
10910,0.785,0.0
10911,0.785,0.0
10912,0.785,0.0
10913,0.785,0.0
10914,0.785,0.0
10915,0.785,0.0
10916,0.785,0.0
10917,0.785,0.0
10918,0.785,0.0
10919,0.75,0.0
10920,0.75,0.0
10921,0.75,0.0
10922,0.75,0.0
10923,0.75,0.0
10924,0.75,0.0
10925,0.75,0.0
10926,0.75,0.0
10927,0.78,0.0
10928,0.78,0.0
10929,0.78,0.0
10930,0.78,0.0
10931,0.78,10.57
10932,0.78,4.72
10933,0.78,35.01
10934,0.78,13.11
10935,0.818,27.15
10936,0.818,1.73
10937,0.818,23.85
10938,0.818,13.09
10939,0.818,3.18
10940,0.818,0.0
10941,0.818,28.87
10942,0.818,36.97
10943,0.811,0.0
10944,0.811,0.0
10945,0.811,27.35
10946,0.811,29.78
10947,0.811,0.0
10948,0.811,0.0
10949,0.811,0.22
10950,0.811,1.7
10951,0.785,0.0
10952,0.785,0.0
10953,0.785,1.07
10954,0.785,0.0
10955,0.785,0.0
10956,0.785,0.0
10957,0.785,0.0
10958,0.785,0.0
10959,0.785,0.0
10960,0.785,0.0
10961,0.785,0.0
10962,0.785,0.0
10963,0.785,4.16
10964,0.785,0.0
10965,0.785,13.18
10966,0.785,0.0
10967,0.811,18.93
10968,0.811,14.22
10969,0.811,25.6
10970,0.811,12.53
10971,0.811,1.22
10972,0.811,11.48
10973,0.811,35.52
10974,0.811,1.74
10975,0.818,17.79
10976,0.818,39.98
10977,0.818,11.51
10978,0.818,31.11
10979,0.818,31.07
10980,0.818,37.92
10981,0.818,10.83
10982,0.818,18.3
10983,0.919,2.22
10984,0.919,0.0
10985,0.919,0.04
10986,0.919,18.45
10987,0.919,3.65
10988,0.919,34.12
10989,0.919,16.91
10990,0.919,33.22
10991,0.867,2.77
10992,0.867,28.71
10993,0.867,20.96
10994,0.867,34.22
10995,0.867,0.0
10996,0.867,12.69
10997,0.867,16.33
10998,0.867,27.11
10999,0.841,1.36
11000,0.841,0.0
11001,0.841,4.0
11002,0.841,0.0
11003,0.841,0.0
11004,0.841,0.0
11005,0.841,0.0
11006,0.841,0.0
11007,0.841,0.0
11008,0.841,1.89
11009,0.841,40.01
11010,0.841,27.04
11011,0.841,15.04
11012,0.841,21.54
11013,0.841,6.75
11014,0.841,30.24
11015,0.867,3.79
11016,0.867,13.13
11017,0.867,0.0
11018,0.867,11.15
11019,0.867,29.96
11020,0.867,5.57
11021,0.867,20.84
11022,0.867,28.76
11023,0.919,3.25
11024,0.919,0.0
11025,0.919,0.0
11026,0.919,0.0
11027,0.919,6.35
11028,0.919,5.02
11029,0.919,19.03
11030,0.919,3.53
11031,0.812,0.0
11032,0.812,0.0
11033,0.812,7.13
11034,0.812,1.28
11035,0.812,0.0
11036,0.812,0.0
11037,0.812,0.0
11038,0.812,0.0
11039,0.799,0.0
11040,0.799,12.43
11041,0.799,0.0
11042,0.799,6.31
11043,0.801,9.49
11044,0.801,0.0
11045,0.801,7.47
11046,0.801,7.08
11047,0.819,22.1
11048,0.819,37.71
11049,0.819,13.87
11050,0.819,33.77
11051,0.908,20.17
11052,0.908,1.58
11053,0.908,27.57
11054,0.908,0.21
11055,0.906,24.31
11056,0.906,4.43
11057,0.906,25.67
11058,0.906,26.35
11059,0.895,11.96
11060,0.878,37.85
11061,0.882,28.77
11062,0.88,37.56
11063,0.951,0.45
11064,0.951,6.51
11065,0.951,0.0
11066,0.951,0.39
11067,0.944,0.0
11068,0.944,7.58
11069,0.944,0.0
11070,0.944,4.31
11071,0.812,3.95
11072,0.812,0.06
11073,0.812,24.25
11074,0.812,24.57
11075,0.812,19.5
11076,0.812,1.58
11077,0.812,31.88
11078,0.812,18.66
11079,0.825,19.73
11080,0.825,26.1
11081,0.825,3.82
11082,0.825,4.3
11083,0.825,35.51
11084,0.825,16.98
11085,0.825,9.17
11086,0.825,13.77
11087,0.873,11.68
11088,0.873,2.82
11089,0.873,0.0
11090,0.873,2.0
11091,0.873,0.01
11092,0.873,0.0
11093,0.873,0.0
11094,0.873,0.0
11095,0.867,0.0
11096,0.867,0.01
11097,0.867,0.0
11098,0.867,0.57
11099,0.867,16.02
11100,0.867,38.37
11101,0.867,23.53
11102,0.867,35.81
11103,0.867,25.35
11104,0.867,45.8
11105,0.867,24.03
11106,0.867,12.63
11107,0.867,0.0
11108,0.867,1.04
11109,0.867,0.07
11110,0.867,2.64
11111,0.873,0.0
11112,0.873,0.0
11113,0.873,19.13
11114,0.873,2.49
11115,0.873,0.0
11116,0.873,1.99
11117,0.873,0.0
11118,0.873,1.99
11119,0.825,1.02
11120,0.825,19.54
11121,0.825,0.0
11122,0.825,0.0
11123,0.825,0.44
11124,0.825,0.0
11125,0.825,0.0
11126,0.825,0.0
11127,0.8,0.0
11128,0.8,0.0
11129,0.8,0.0
11130,0.8,0.0
11131,0.8,0.0
11132,0.8,0.76
11133,0.8,0.0
11134,0.8,0.55
11135,0.83,1.26
11136,0.83,1.25
11137,0.83,2.36
11138,0.83,6.5
11139,0.83,16.83
11140,0.83,5.67
11141,0.83,2.77
11142,0.83,23.52
11143,0.858,3.98
11144,0.858,10.25
11145,0.858,32.13
11146,0.858,20.12
11147,0.783,12.91
11148,0.783,5.38
11149,0.783,17.59
11150,0.783,19.51
11151,0.811,5.73
11152,0.811,9.89
11153,0.811,0.0
11154,0.811,7.07
11155,0.81,38.96
11156,0.81,17.01
11157,0.81,8.29
11158,0.81,19.4
11159,0.83,22.55
11160,0.83,17.28
11161,0.83,4.72
11162,0.83,1.98
11163,0.83,22.13
11164,0.83,29.47
11165,0.83,27.63
11166,0.83,23.06
11167,0.8,24.98
11168,0.8,38.67
11169,0.8,22.02
11170,0.8,11.51
11171,0.8,0.0
11172,0.8,0.06
11173,0.8,0.0
11174,0.8,0.04
11175,0.829,0.0
11176,0.829,0.0
11177,0.829,0.0
11178,0.829,0.0
11179,0.829,0.0
11180,0.829,0.01
11181,0.829,16.55
11182,0.829,12.36
11183,0.829,29.76
11184,0.829,11.86
11185,0.829,32.09
11186,0.829,24.01
11187,0.829,3.01
11188,0.829,8.9
11189,0.829,0.0
11190,0.829,4.67
11191,0.783,0.0
11192,0.783,0.0
11193,0.783,0.53
11194,0.783,7.38
11195,0.783,8.8
11196,0.783,20.91
11197,0.783,8.9
11198,0.783,2.17
11199,0.783,14.58
11200,0.783,1.24
11201,0.783,14.41
11202,0.783,0.0
11203,0.783,7.35
11204,0.783,11.98
11205,0.783,0.0
11206,0.783,9.03
11207,0.743,0.0
11208,0.743,0.0
11209,0.743,0.0
11210,0.743,0.0
11211,0.743,0.0
11212,0.743,0.0
11213,0.743,0.0
11214,0.743,0.0
11215,0.743,0.0
11216,0.743,0.0
11217,0.743,0.0
11218,0.743,0.0
11219,0.743,0.0
11220,0.743,0.0
11221,0.743,0.0
11222,0.743,0.0
11223,0.907,0.0
11224,0.907,0.0
11225,0.907,0.0
11226,0.907,0.0
11227,0.907,0.0
11228,0.907,0.0
11229,0.907,0.0
11230,0.907,0.0
11231,0.907,0.0
11232,0.907,0.0
11233,0.907,0.0
11234,0.907,0.0
11235,0.907,0.0
11236,0.907,0.0
11237,0.907,0.0
11238,0.907,0.0
11239,0.907,0.0
11240,0.907,0.0
11241,0.907,0.0
11242,0.907,0.0
11243,0.907,0.0
11244,0.907,0.0
11245,0.907,0.0
11246,0.907,0.0
11247,0.907,0.0
11248,0.907,0.0
11249,0.907,0.0
11250,0.907,0.0
11251,0.907,0.0
11252,0.907,0.0
11253,0.907,0.0
11254,0.907,0.0
11255,0.907,0.0
11256,0.907,0.0
11257,0.907,0.0
11258,0.907,0.0
11259,0.907,0.0
11260,0.907,0.0
11261,0.907,0.0
11262,0.907,0.0
11263,0.907,0.0
11264,0.907,0.0
11265,0.907,0.0
11266,0.907,0.0
11267,0.907,0.0
11268,0.907,0.0
11269,0.907,0.0
11270,0.907,0.0
11271,0.907,0.0
11272,0.907,0.0
11273,0.907,0.0
11274,0.907,0.0
11275,0.907,0.0
11276,0.907,0.0
11277,0.907,0.0
11278,0.907,0.0
11279,0.907,0.0
11280,0.907,0.0
11281,0.907,0.0
11282,0.907,0.0
11283,0.907,0.0
11284,0.907,0.0
11285,0.907,0.0
11286,0.907,0.0
11287,0.907,0.0
11288,0.907,0.0
11289,0.907,0.0
11290,0.907,0.0
11291,0.907,0.0
11292,0.907,0.0
11293,0.907,0.0
11294,0.907,0.0
11295,0.927,0.0
11296,0.927,0.0
11297,0.927,0.0
11298,0.927,0.0
11299,0.927,0.0
11300,0.927,0.0
11301,0.927,0.0
11302,0.927,0.0
11303,0.927,0.0
11304,0.927,0.0
11305,0.927,0.0
11306,0.927,0.0
11307,0.923,0.0
11308,0.923,0.0
11309,0.923,0.0
11310,0.923,0.0
11311,0.923,0.0
11312,0.923,0.0
11313,0.923,0.83
11314,0.923,0.0
11315,0.923,0.0
11316,0.923,0.0
11317,0.923,0.0
11318,0.923,0.0
11319,0.923,0.0
11320,0.923,1.34
11321,0.923,1.72
11322,0.923,11.14
11323,0.923,0.83
11324,0.923,0.0
11325,0.923,1.33
11326,0.923,0.54
11327,0.923,0.0
11328,0.923,0.0
11329,0.923,0.0
11330,0.923,0.0
11331,0.927,0.0
11332,0.927,0.0
11333,0.927,0.0
11334,0.927,0.0
11335,0.927,0.0
11336,0.927,0.0
11337,0.927,0.0
11338,0.927,0.0
11339,0.927,0.0
11340,0.927,0.0
11341,0.927,0.0
11342,0.927,0.0
11343,0.927,0.0
11344,0.927,0.0
11345,0.927,0.0
11346,0.927,0.0
11347,0.927,0.0
11348,0.927,0.0
11349,0.927,0.0
11350,0.927,0.0
11351,0.927,0.0
11352,0.927,0.0
11353,0.927,0.0
11354,0.927,0.0
11355,0.923,0.0
11356,0.923,0.0
11357,0.923,0.0
11358,0.923,0.0
11359,0.923,22.57
11360,0.923,0.53
11361,0.923,4.88
11362,0.923,7.97
11363,0.923,0.0
11364,0.923,21.29
11365,0.923,5.1
11366,0.923,12.41
11367,0.789,0.0
11368,0.789,0.0
11369,0.789,0.0
11370,0.789,0.0
11371,0.789,0.0
11372,0.789,0.0
11373,0.789,0.0
11374,0.789,0.0
11375,0.789,0.0
11376,0.789,0.0
11377,0.789,0.0
11378,0.789,0.0
11379,0.785,0.0
11380,0.785,0.0
11381,0.785,0.0
11382,0.785,0.0
11383,0.785,0.0
11384,0.785,0.0
11385,0.785,0.0
11386,0.785,0.0
11387,0.785,0.0
11388,0.785,0.0
11389,0.785,0.0
11390,0.785,0.0
11391,0.785,0.0
11392,0.785,0.0
11393,0.785,0.0
11394,0.785,0.0
11395,0.785,0.0
11396,0.785,0.0
11397,0.785,0.0
11398,0.785,0.0
11399,0.785,0.0
11400,0.785,0.0
11401,0.785,0.0
11402,0.785,0.0
11403,0.789,0.0
11404,0.789,0.0
11405,0.789,0.0
11406,0.789,0.0
11407,0.789,0.0
11408,0.789,0.0
11409,0.789,0.0
11410,0.789,0.0
11411,0.789,0.0
11412,0.789,0.0
11413,0.789,0.0
11414,0.789,0.0
11415,0.789,0.0
11416,0.789,0.0
11417,0.789,0.0
11418,0.789,0.0
11419,0.789,0.0
11420,0.789,0.0
11421,0.789,0.0
11422,0.789,0.0
11423,0.789,0.0
11424,0.789,0.0
11425,0.789,0.0
11426,0.789,0.0
11427,0.785,0.0
11428,0.785,0.0
11429,0.785,0.0
11430,0.785,0.0
11431,0.785,0.0
11432,0.785,0.0
11433,0.785,0.0
11434,0.785,0.0
11435,0.785,0.0
11436,0.785,0.0
11437,0.785,0.0
11438,0.785,0.0
11439,0.807,0.0
11440,0.807,0.0
11441,0.807,0.0
11442,0.807,0.0
11443,0.807,0.0
11444,0.807,0.0
11445,0.807,0.0
11446,0.807,0.0
11447,0.807,0.0
11448,0.807,0.0
11449,0.807,0.0
11450,0.807,0.0
11451,0.785,0.0
11452,0.785,0.0
11453,0.785,0.0
11454,0.785,0.0
11455,0.785,0.0
11456,0.785,0.0
11457,0.785,0.0
11458,0.785,0.0
11459,0.785,0.0
11460,0.785,0.0
11461,0.785,0.0
11462,0.785,0.0
11463,0.785,0.0
11464,0.785,0.0
11465,0.785,0.0
11466,0.785,0.0
11467,0.785,0.0
11468,0.785,0.0
11469,0.785,0.0
11470,0.785,0.0
11471,0.785,0.0
11472,0.785,0.0
11473,0.785,0.0
11474,0.785,0.0
11475,0.807,0.0
11476,0.807,0.0
11477,0.807,0.0
11478,0.807,0.0
11479,0.807,0.0
11480,0.807,0.0
11481,0.807,0.0
11482,0.807,0.0
11483,0.807,0.0
11484,0.807,0.0
11485,0.807,0.0
11486,0.807,0.0
11487,0.807,0.0
11488,0.807,0.0
11489,0.807,0.0
11490,0.807,0.0
11491,0.807,0.0
11492,0.807,0.0
11493,0.807,0.0
11494,0.807,0.0
11495,0.807,0.0
11496,0.807,0.0
11497,0.807,0.0
11498,0.807,0.0
11499,0.785,0.0
11500,0.785,0.0
11501,0.785,0.0
11502,0.785,0.0
11503,0.785,0.0
11504,0.785,0.0
11505,0.785,0.0
11506,0.785,0.0
11507,0.785,0.0
11508,0.785,0.0
11509,0.785,0.0
11510,0.785,0.0
11511,0.81,0.0
11512,0.81,0.0
11513,0.81,0.0
11514,0.81,0.0
11515,0.81,0.0
11516,0.81,0.0
11517,0.81,0.0
11518,0.81,0.0
11519,0.814,0.0
11520,0.814,0.0
11521,0.814,0.0
11522,0.814,0.0
11523,0.814,0.0
11524,0.814,2.82
11525,0.814,0.0
11526,0.814,0.04
11527,0.829,8.35
11528,0.829,30.62
11529,0.829,9.33
11530,0.829,41.76
11531,0.94,9.72
11532,0.94,11.01
11533,0.94,17.12
11534,0.94,3.29
11535,0.94,15.96
11536,0.94,4.67
11537,0.94,8.97
11538,0.94,8.99
11539,0.9,6.28
11540,0.9,27.38
11541,0.9,13.02
11542,0.9,30.08
11543,0.814,0.0
11544,0.814,5.03
11545,0.814,0.33
11546,0.814,3.38
11547,0.814,0.0
11548,0.814,0.0
11549,0.814,6.09
11550,0.814,4.06
11551,0.81,0.0
11552,0.81,0.0
11553,0.81,0.0
11554,0.81,0.0
11555,0.81,0.0
11556,0.81,0.0
11557,0.81,0.0
11558,0.81,0.0
11559,0.811,0.0
11560,0.811,0.0
11561,0.811,0.0
11562,0.811,0.0
11563,0.811,0.0
11564,0.811,2.86
11565,0.811,0.0
11566,0.811,0.0
11567,0.811,13.2
11568,0.811,8.2
11569,0.811,0.0
11570,0.811,0.0
11571,0.811,1.61
11572,0.811,4.16
11573,0.811,1.0
11574,0.811,4.65
11575,0.845,0.0
11576,0.845,0.0
11577,0.845,2.83
11578,0.845,6.85
11579,0.845,0.0
11580,0.845,0.0
11581,0.845,0.0
11582,0.845,0.0
11583,0.845,0.0
11584,0.845,0.0
11585,0.845,0.0
11586,0.845,0.0
11587,0.845,0.0
11588,0.845,13.65
11589,0.845,0.0
11590,0.845,0.0
11591,0.811,0.0
11592,0.811,8.19
11593,0.811,0.0
11594,0.811,0.0
11595,0.811,0.0
11596,0.811,0.0
11597,0.811,0.0
11598,0.811,0.0
11599,0.811,0.0
11600,0.811,0.0
11601,0.811,0.0
11602,0.811,0.0
11603,0.811,0.0
11604,0.811,0.0
11605,0.811,0.0
11606,0.811,0.0
11607,0.813,1.21
11608,0.813,0.62
11609,0.813,0.0
11610,0.813,0.0
11611,0.813,0.0
11612,0.813,0.0
11613,0.813,0.0
11614,0.813,0.0
11615,0.811,0.0
11616,0.811,0.0
11617,0.811,0.0
11618,0.811,0.0
11619,0.811,0.0
11620,0.811,0.0
11621,0.811,0.0
11622,0.811,0.0
11623,0.811,0.0
11624,0.811,0.0
11625,0.811,0.0
11626,0.811,0.0
11627,0.811,0.0
11628,0.811,0.0
11629,0.811,0.0
11630,0.811,0.0
11631,0.811,0.0
11632,0.811,0.0
11633,0.811,0.0
11634,0.811,0.0
11635,0.811,0.0
11636,0.811,0.0
11637,0.811,0.0
11638,0.811,0.0
11639,0.811,0.0
11640,0.811,0.0
11641,0.811,0.0
11642,0.811,0.0
11643,0.811,0.0
11644,0.811,0.0
11645,0.811,0.0
11646,0.811,0.0
11647,0.813,0.0
11648,0.813,0.0
11649,0.813,0.43
11650,0.813,0.0
11651,0.813,0.0
11652,0.813,0.0
11653,0.813,0.0
11654,0.813,0.0
11655,0.842,0.58
11656,0.842,1.97
11657,0.842,0.89
11658,0.842,0.0
11659,0.842,17.83
11660,0.842,4.45
11661,0.842,0.0
11662,0.842,13.91
11663,0.774,1.91
11664,0.774,27.62
11665,0.774,0.59
11666,0.774,0.45
11667,0.759,29.74
11668,0.759,0.0
11669,0.759,5.2
11670,0.759,0.0
11671,0.749,0.0
11672,0.749,10.33
11673,0.749,0.0
11674,0.749,0.0
11675,0.749,0.0
11676,0.749,0.0
11677,0.749,0.0
11678,0.749,0.0
11679,0.749,0.0
11680,0.749,0.0
11681,0.749,0.0
11682,0.749,0.0
11683,0.749,0.0
11684,0.749,0.0
11685,0.749,0.0
11686,0.749,0.0
11687,0.772,0.0
11688,0.772,0.0
11689,0.772,0.0
11690,0.772,0.0
11691,0.792,0.0
11692,0.792,0.0
11693,0.792,4.84
11694,0.792,0.0
11695,0.842,3.21
11696,0.842,2.03
11697,0.842,0.0
11698,0.842,7.68
11699,0.842,0.0
11700,0.842,0.0
11701,0.842,0.0
11702,0.842,0.0
11703,0.822,0.0
11704,0.822,0.0
11705,0.822,0.0
11706,0.822,0.0
11707,0.822,0.0
11708,0.822,0.0
11709,0.822,0.0
11710,0.822,0.0
11711,0.792,0.0
11712,0.792,0.0
11713,0.792,0.0
11714,0.792,0.0
11715,0.792,0.0
11716,0.792,0.0
11717,0.792,0.0
11718,0.792,0.0
11719,0.753,0.0
11720,0.753,0.0
11721,0.753,0.0
11722,0.753,0.0
11723,0.753,0.0
11724,0.753,0.0
11725,0.753,0.0
11726,0.753,0.0
11727,0.753,0.0
11728,0.753,0.0
11729,0.753,0.0
11730,0.753,0.0
11731,0.753,0.0
11732,0.753,0.0
11733,0.753,2.07
11734,0.753,0.0
11735,0.792,0.0
11736,0.792,0.0
11737,0.792,0.0
11738,0.792,0.0
11739,0.792,0.0
11740,0.792,0.0
11741,0.792,0.0
11742,0.792,0.0
11743,0.822,0.0
11744,0.822,0.0
11745,0.822,0.0
11746,0.822,0.0
11747,0.822,0.0
11748,0.822,0.0
11749,0.822,0.0
11750,0.822,0.0
11751,0.825,0.0
11752,0.825,0.0
11753,0.825,0.0
11754,0.825,0.0
11755,0.825,0.0
11756,0.825,0.0
11757,0.825,0.0
11758,0.825,0.0
11759,0.796,0.0
11760,0.796,0.0
11761,0.796,0.0
11762,0.796,3.99
11763,0.796,0.0
11764,0.796,0.0
11765,0.796,0.0
11766,0.796,0.0
11767,0.849,2.08
11768,0.849,0.0
11769,0.849,2.0
11770,0.849,17.54
11771,0.849,0.0
11772,0.849,0.0
11773,0.849,0.0
11774,0.849,0.0
11775,0.849,5.4
11776,0.849,0.0
11777,0.849,20.56
11778,0.849,0.59
11779,0.849,14.09
11780,0.849,17.63
11781,0.849,35.74
11782,0.849,17.68
11783,0.796,3.55
11784,0.796,3.4
11785,0.796,19.87
11786,0.796,12.12
11787,0.796,0.0
11788,0.796,5.67
11789,0.796,0.0
11790,0.796,8.48
11791,0.825,0.0
11792,0.825,0.0
11793,0.825,0.0
11794,0.825,0.0
11795,0.825,0.0
11796,0.825,0.0
11797,0.825,0.0
11798,0.825,0.57
11799,0.887,0.11
11800,0.887,0.0
11801,0.887,0.0
11802,0.887,0.0
11803,0.887,0.0
11804,0.887,4.8
11805,0.887,5.18
11806,0.887,0.33
11807,0.887,0.35
11808,0.887,1.78
11809,0.887,0.0
11810,0.887,0.0
11811,0.887,0.0
11812,0.887,0.0
11813,0.887,4.16
11814,0.887,0.0
11815,0.856,0.22
11816,0.856,0.0
11817,0.856,0.0
11818,0.856,0.0
11819,0.856,0.0
11820,0.856,0.0
11821,0.856,0.0
11822,0.856,0.0
11823,0.856,2.08
11824,0.856,0.0
11825,0.856,2.66
11826,0.856,0.0
11827,0.856,2.56
11828,0.856,4.46
11829,0.856,0.0
11830,0.856,2.63
11831,0.831,0.0
11832,0.831,1.24
11833,0.831,0.0
11834,0.831,0.0
11835,0.831,0.52
11836,0.831,0.0
11837,0.831,0.0
11838,0.831,0.0
11839,0.831,0.0
11840,0.831,5.05
11841,0.831,0.0
11842,0.831,0.0
11843,0.831,1.98
11844,0.831,0.0
11845,0.831,3.08
11846,0.831,0.0
11847,0.876,0.0
11848,0.876,0.0
11849,0.876,0.0
11850,0.876,0.0
11851,0.876,0.05
11852,0.876,8.29
11853,0.876,0.0
11854,0.876,5.36
11855,0.876,0.0
11856,0.876,0.0
11857,0.876,0.0
11858,0.876,0.0
11859,0.875,0.0
11860,0.875,0.0
11861,0.875,0.0
11862,0.875,0.0
11863,0.875,0.0
11864,0.875,0.0
11865,0.875,0.0
11866,0.875,0.0
11867,0.875,0.0
11868,0.875,0.0
11869,0.875,0.0
11870,0.875,0.0
11871,0.875,0.0
11872,0.875,0.0
11873,0.875,0.0
11874,0.875,0.0
11875,0.875,0.0
11876,0.875,0.0
11877,0.875,0.0
11878,0.875,0.0
11879,0.875,0.0
11880,0.875,0.0
11881,0.875,0.0
11882,0.875,0.0
11883,0.876,0.0
11884,0.876,0.0
11885,0.876,0.0
11886,0.876,0.0
11887,0.876,0.0
11888,0.876,0.0
11889,0.876,0.0
11890,0.876,0.0
11891,0.876,0.0
11892,0.876,0.0
11893,0.876,0.0
11894,0.876,0.0
11895,0.876,0.0
11896,0.876,0.0
11897,0.876,0.0
11898,0.876,0.0
11899,0.876,0.0
11900,0.876,0.0
11901,0.876,0.0
11902,0.876,0.0
11903,0.876,0.0
11904,0.876,0.0
11905,0.876,0.0
11906,0.876,0.0
11907,0.875,0.0
11908,0.875,0.0
11909,0.875,0.0
11910,0.875,0.0
11911,0.875,0.0
11912,0.875,0.0
11913,0.875,0.0
11914,0.875,0.0
11915,0.875,0.0
11916,0.875,0.0
11917,0.875,0.0
11918,0.875,0.0
11919,0.875,0.0
11920,0.875,0.0
11921,0.875,0.0
11922,0.875,0.0
11923,0.875,0.0
11924,0.875,0.0
11925,0.875,0.0
11926,0.875,0.0
11927,0.875,0.0
11928,0.875,0.0
11929,0.875,0.0
11930,0.875,0.0
11931,0.875,0.0
11932,0.875,0.0
11933,0.875,0.0
11934,0.875,0.0
11935,0.875,0.0
11936,0.875,0.0
11937,0.875,0.0
11938,0.875,0.0
11939,0.875,0.0
11940,0.875,0.0
11941,0.875,0.0
11942,0.875,0.0
11943,0.875,0.0
11944,0.875,0.0
11945,0.875,0.0
11946,0.875,0.0
11947,0.875,0.0
11948,0.875,0.0
11949,0.875,0.0
11950,0.875,0.0
11951,0.875,0.0
11952,0.875,0.0
11953,0.875,0.0
11954,0.875,0.0
11955,0.875,0.0
11956,0.875,0.0
11957,0.875,0.0
11958,0.875,0.0
11959,0.875,0.0
11960,0.875,0.0
11961,0.875,0.0
11962,0.875,0.0
11963,0.875,0.0
11964,0.875,0.0
11965,0.875,0.0
11966,0.875,0.0
11967,0.875,0.0
11968,0.875,0.0
11969,0.875,0.0
11970,0.875,0.0
11971,0.875,0.0
11972,0.875,0.0
11973,0.875,0.0
11974,0.875,0.0
11975,0.875,0.0
11976,0.875,0.0
11977,0.875,0.0
11978,0.875,0.0
11979,0.875,0.0
11980,0.875,0.0
11981,0.875,0.0
11982,0.875,0.0
11983,0.875,0.0
11984,0.875,0.0
11985,0.875,0.0
11986,0.875,0.0
11987,0.875,0.0
11988,0.875,0.0
11989,0.875,0.0
11990,0.875,0.0
11991,0.875,0.0
11992,0.875,0.0
11993,0.875,0.0
11994,0.875,0.0
11995,0.875,0.0
11996,0.875,0.0
11997,0.875,0.0
11998,0.875,0.0
11999,0.875,0.0
12000,0.875,0.0
12001,0.875,0.0
12002,0.875,0.0
12003,0.875,0.0
12004,0.875,0.0
12005,0.875,0.0
12006,0.875,0.0
12007,0.875,0.0
12008,0.875,0.0
12009,0.875,0.0
12010,0.875,0.0
12011,0.875,0.0
12012,0.875,0.0
12013,0.875,0.0
12014,0.875,0.0
12015,0.875,0.0
12016,0.875,0.0
12017,0.875,0.0
12018,0.875,0.0
12019,0.875,0.0
12020,0.875,0.0
12021,0.875,0.0
12022,0.875,0.0
12023,0.875,0.0
12024,0.875,0.0
12025,0.875,0.0
12026,0.875,0.0
12027,0.875,0.0
12028,0.875,0.0
12029,0.875,0.0
12030,0.875,0.0
12031,0.875,0.0
12032,0.875,0.0
12033,0.875,0.0
12034,0.875,0.0
12035,0.875,0.0
12036,0.875,0.0
12037,0.875,0.0
12038,0.875,0.0
12039,0.875,0.0
12040,0.875,0.0
12041,0.875,0.0
12042,0.875,0.0
12043,0.875,0.0
12044,0.875,0.0
12045,0.875,0.0
12046,0.875,0.0
12047,0.875,0.0
12048,0.875,0.0
12049,0.875,0.0
12050,0.875,0.0
12051,0.875,0.0
12052,0.875,0.0
12053,0.875,0.0
12054,0.875,0.0
12055,0.875,0.0
12056,0.875,0.0
12057,0.875,0.0
12058,0.875,0.0
12059,0.875,0.0
12060,0.875,0.0
12061,0.875,0.0
12062,0.875,0.0
12063,0.875,0.0
12064,0.875,0.0
12065,0.875,0.0
12066,0.875,0.0
12067,0.875,0.0
12068,0.875,0.0
12069,0.875,0.0
12070,0.875,0.0
12071,0.875,0.0
12072,0.875,0.0
12073,0.875,0.0
12074,0.875,0.0
12075,0.875,0.0
12076,0.875,0.0
12077,0.875,0.0
12078,0.875,0.0
12079,0.875,0.0
12080,0.875,0.0
12081,0.875,0.0
12082,0.875,0.0
12083,0.875,0.0
12084,0.875,0.0
12085,0.875,0.0
12086,0.875,0.0
12087,0.875,0.0
12088,0.875,0.0
12089,0.875,0.0
12090,0.875,0.0
12091,0.875,0.0
12092,0.875,0.0
12093,0.875,0.0
12094,0.875,0.0
12095,0.875,0.0
12096,0.875,0.0
12097,0.875,0.0
12098,0.875,0.0
12099,0.875,0.0
12100,0.875,0.0
12101,0.875,0.0
12102,0.875,0.0
12103,0.875,0.0
12104,0.875,0.0
12105,0.875,0.0
12106,0.875,0.0
12107,0.875,0.0
12108,0.875,0.0
12109,0.875,0.0
12110,0.875,0.0
12111,0.875,0.0
12112,0.875,0.0
12113,0.875,0.0
12114,0.875,0.0
12115,0.875,0.0
12116,0.875,0.0
12117,0.875,0.0
12118,0.875,0.0
12119,0.875,0.0
12120,0.875,0.0
12121,0.875,0.0
12122,0.875,0.0
12123,0.875,0.0
12124,0.875,0.0
12125,0.875,0.0
12126,0.875,0.0
12127,0.875,0.0
12128,0.875,0.0
12129,0.875,0.0
12130,0.875,0.0
12131,0.875,0.0
12132,0.875,0.0
12133,0.875,0.0
12134,0.875,0.0
12135,0.905,0.0
12136,0.905,0.0
12137,0.905,0.08
12138,0.905,0.0
12139,0.905,0.0
12140,0.905,0.0
12141,0.905,0.0
12142,0.905,0.0
12143,0.905,0.0
12144,0.905,0.0
12145,0.905,0.0
12146,0.905,0.0
12147,0.909,0.0
12148,0.909,0.0
12149,0.909,0.0
12150,0.909,0.0
12151,0.909,0.0
12152,0.909,0.0
12153,0.909,0.0
12154,0.909,0.0
12155,0.909,0.0
12156,0.909,0.0
12157,0.909,0.0
12158,0.909,0.0
12159,0.909,0.0
12160,0.909,0.0
12161,0.909,0.0
12162,0.909,0.0
12163,0.909,0.0
12164,0.909,0.0
12165,0.909,0.0
12166,0.909,0.0
12167,0.909,0.0
12168,0.909,0.0
12169,0.909,0.0
12170,0.909,0.0
12171,0.905,0.0
12172,0.905,0.0
12173,0.905,0.0
12174,0.905,0.0
12175,0.905,0.0
12176,0.905,0.22
12177,0.905,0.0
12178,0.905,0.26
12179,0.905,6.36
12180,0.905,4.58
12181,0.905,1.69
12182,0.905,0.0
12183,0.905,0.0
12184,0.905,0.0
12185,0.905,0.0
12186,0.905,0.0
12187,0.905,0.0
12188,0.905,0.0
12189,0.905,2.75
12190,0.905,10.52
12191,0.905,0.0
12192,0.905,0.0
12193,0.905,0.0
12194,0.905,0.0
12195,0.909,0.0
12196,0.909,0.0
12197,0.909,0.0
12198,0.909,0.0
12199,0.909,0.0
12200,0.909,0.0
12201,0.909,0.0
12202,0.909,0.0
12203,0.909,0.0
12204,0.909,0.0
12205,0.909,0.0
12206,0.909,0.0
12207,0.916,0.0
12208,0.916,0.0
12209,0.916,0.0
12210,0.916,0.0
12211,0.916,0.0
12212,0.916,0.0
12213,0.916,0.0
12214,0.916,0.0
12215,0.916,0.0
12216,0.916,0.0
12217,0.916,0.0
12218,0.916,0.0
12219,0.867,0.0
12220,0.867,0.0
12221,0.867,0.0
12222,0.867,0.0
12223,0.867,0.0
12224,0.867,0.0
12225,0.867,0.0
12226,0.867,0.0
12227,0.867,0.0
12228,0.867,0.0
12229,0.867,0.0
12230,0.867,0.0
12231,0.867,0.0
12232,0.867,0.0
12233,0.867,0.0
12234,0.867,0.0
12235,0.867,0.0
12236,0.867,0.0
12237,0.867,0.0
12238,0.867,0.0
12239,0.867,0.0
12240,0.867,0.0
12241,0.867,0.0
12242,0.867,0.0
12243,0.916,0.0
12244,0.916,0.0
12245,0.916,0.0
12246,0.916,9.26
12247,0.916,0.0
12248,0.916,0.0
12249,0.916,15.27
12250,0.916,0.04
12251,0.916,0.0
12252,0.916,0.0
12253,0.916,0.0
12254,0.916,0.0
12255,0.916,0.0
12256,0.916,0.0
12257,0.916,7.06
12258,0.916,0.0
12259,0.916,16.77
12260,0.916,17.0
12261,0.916,9.72
12262,0.916,26.02
12263,0.916,0.0
12264,0.916,25.87
12265,0.916,4.03
12266,0.916,13.97
12267,0.867,0.0
12268,0.867,0.0
12269,0.867,0.0
12270,0.867,0.0
12271,0.867,0.0
12272,0.867,0.0
12273,0.867,0.0
12274,0.867,0.0
12275,0.867,0.0
12276,0.867,0.0
12277,0.867,0.0
12278,0.867,0.0
12279,0.868,0.0
12280,0.868,0.0
12281,0.868,0.0
12282,0.868,0.0
12283,0.868,0.0
12284,0.868,0.0
12285,0.868,0.0
12286,0.868,0.0
12287,0.859,0.0
12288,0.859,0.0
12289,0.859,0.0
12290,0.859,0.0
12291,0.859,0.0
12292,0.859,0.0
12293,0.859,0.0
12294,0.859,0.0
12295,0.893,0.0
12296,0.893,0.0
12297,0.893,0.0
12298,0.893,0.0
12299,0.893,0.0
12300,0.893,0.0
12301,0.893,0.0
12302,0.893,0.0
12303,0.893,0.0
12304,0.893,0.0
12305,0.893,0.0
12306,0.893,0.0
12307,0.893,0.0
12308,0.893,0.0
12309,0.893,0.0
12310,0.893,0.0
12311,0.859,0.0
12312,0.859,0.0
12313,0.859,1.16
12314,0.859,0.0
12315,0.859,0.0
12316,0.859,0.0
12317,0.859,0.0
12318,0.859,0.15
12319,0.868,0.0
12320,0.868,0.0
12321,0.868,1.8
12322,0.868,0.0
12323,0.868,0.0
12324,0.868,0.0
12325,0.868,0.2
12326,0.868,5.51
12327,0.841,7.1
12328,0.841,0.19
12329,0.841,0.0
12330,0.841,0.0
12331,0.841,0.0
12332,0.841,0.0
12333,0.841,0.0
12334,0.841,0.7
12335,0.898,0.0
12336,0.898,0.0
12337,0.898,1.42
12338,0.898,0.0
12339,0.898,0.0
12340,0.898,0.0
12341,0.898,0.0
12342,0.898,0.0
12343,0.835,0.0
12344,0.835,0.0
12345,0.835,0.0
12346,0.835,0.0
12347,0.835,0.0
12348,0.835,0.0
12349,0.835,0.0
12350,0.835,0.0
12351,0.835,0.0
12352,0.835,0.0
12353,0.835,0.0
12354,0.835,0.0
12355,0.835,0.0
12356,0.835,0.0
12357,0.835,0.0
12358,0.835,0.0
12359,0.898,0.0
12360,0.898,0.0
12361,0.898,0.0
12362,0.898,0.0
12363,0.898,0.95
12364,0.898,0.0
12365,0.898,1.47
12366,0.898,0.0
12367,0.841,14.49
12368,0.841,0.72
12369,0.841,5.59
12370,0.841,9.8
12371,0.841,0.0
12372,0.841,0.0
12373,0.841,0.0
12374,0.841,3.05
12375,0.852,9.12
12376,0.852,15.02
12377,0.852,0.0
12378,0.852,0.43
12379,0.852,18.28
12380,0.852,31.56
12381,0.852,21.7
12382,0.852,17.29
12383,0.891,3.31
12384,0.891,1.42
12385,0.891,17.39
12386,0.891,11.51
12387,0.891,7.23
12388,0.891,1.69
12389,0.891,3.21
12390,0.891,0.0
12391,0.732,0.0
12392,0.732,0.0
12393,0.732,0.0
12394,0.732,0.0
12395,0.732,0.0
12396,0.732,0.0
12397,0.732,0.0
12398,0.732,0.0
12399,0.732,0.0
12400,0.732,0.0
12401,0.732,0.0
12402,0.732,0.0
12403,0.732,7.25
12404,0.732,0.0
12405,0.732,20.83
12406,0.732,8.45
12407,0.891,3.14
12408,0.891,12.25
12409,0.891,28.54
12410,0.891,31.97
12411,0.891,6.31
12412,0.891,22.2
12413,0.891,4.98
12414,0.891,30.64
12415,0.852,3.93
12416,0.852,18.71
12417,0.852,13.45
12418,0.852,1.32
12419,0.852,0.38
12420,0.852,0.92
12421,0.852,0.0
12422,0.852,0.0
12423,0.903,0.0
12424,0.903,0.0
12425,0.903,0.0
12426,0.903,0.0
12427,0.903,0.0
12428,0.903,2.11
12429,0.903,0.0
12430,0.903,0.0
12431,0.903,0.0
12432,0.903,0.0
12433,0.903,0.0
12434,0.903,0.55
12435,0.903,0.0
12436,0.903,0.0
12437,0.903,0.0
12438,0.903,0.0
12439,0.695,0.0
12440,0.695,0.0
12441,0.695,0.0
12442,0.695,0.0
12443,0.695,0.0
12444,0.695,3.64
12445,0.695,0.0
12446,0.695,0.0
12447,0.695,0.0
12448,0.695,0.0
12449,0.695,0.0
12450,0.695,0.0
12451,0.695,0.0
12452,0.695,0.0
12453,0.695,0.0
12454,0.695,0.0
12455,0.684,0.0
12456,0.684,0.0
12457,0.684,0.0
12458,0.684,0.0
12459,0.684,0.0
12460,0.684,0.0
12461,0.684,0.0
12462,0.684,0.0
12463,0.684,0.0
12464,0.684,0.0
12465,0.684,0.0
12466,0.684,0.0
12467,0.684,4.37
12468,0.684,0.12
12469,0.684,3.66
12470,0.684,0.0
12471,0.947,0.0
12472,0.947,0.0
12473,0.947,0.0
12474,0.947,0.0
12475,0.947,0.0
12476,0.947,0.0
12477,0.962,0.0
12478,0.962,0.0
12479,0.962,0.0
12480,0.962,0.0
12481,0.962,0.0
12482,0.962,0.0
12483,0.962,0.0
12484,0.962,0.0
12485,0.962,0.0
12486,0.962,0.0
12487,0.962,0.0
12488,0.962,0.0
12489,0.962,0.0
12490,0.962,0.0
12491,0.962,0.0
12492,0.962,0.0
12493,0.962,0.0
12494,0.962,0.0
12495,0.947,0.0
12496,0.947,0.0
12497,0.947,0.0
12498,0.947,0.0
12499,0.947,0.0
12500,0.947,0.0
12501,0.947,0.0
12502,0.947,0.0
12503,0.947,0.0
12504,0.947,0.0
12505,0.947,0.0
12506,0.947,0.0
12507,0.947,0.0
12508,0.947,0.0
12509,0.947,0.0
12510,0.947,0.0
12511,0.947,0.0
12512,0.947,0.0
12513,0.947,0.0
12514,0.947,0.0
12515,0.947,0.0
12516,0.947,0.0
12517,0.947,0.0
12518,0.947,0.0
12519,0.962,0.0
12520,0.962,0.0
12521,0.962,0.0
12522,0.962,0.0
12523,0.962,0.0
12524,0.962,0.0
12525,0.962,0.0
12526,0.962,0.0
12527,0.962,0.0
12528,0.962,0.0
12529,0.962,0.0
12530,0.962,0.0
12531,0.962,0.0
12532,0.962,0.0
12533,0.962,0.0
12534,0.962,0.0
12535,0.962,0.0
12536,0.962,0.0
12537,0.962,0.0
12538,0.962,0.0
12539,0.962,0.0
12540,0.962,0.0
12541,0.962,0.0
12542,0.962,0.0
12543,0.941,0.0
12544,0.941,0.0
12545,0.941,0.0
12546,0.941,0.0
12547,0.941,0.0
12548,0.941,0.0
12549,0.941,0.0
12550,0.941,0.0
12551,0.941,0.0
12552,0.941,0.0
12553,0.941,0.0
12554,0.941,0.0
12555,0.941,0.0
12556,0.941,0.0
12557,0.941,0.0
12558,0.941,0.0
12559,0.941,0.0
12560,0.941,0.0
12561,0.941,0.0
12562,0.941,4.64
12563,0.941,2.43
12564,0.941,0.0
12565,0.941,7.71
12566,0.941,0.0
12567,0.962,0.0
12568,0.962,0.0
12569,0.962,0.0
12570,0.962,0.0
12571,0.962,0.0
12572,0.962,0.0
12573,0.962,0.0
12574,0.962,0.0
12575,0.962,0.0
12576,0.962,0.0
12577,0.962,0.0
12578,0.962,0.0
12579,0.962,0.0
12580,0.962,0.0
12581,0.962,0.0
12582,0.962,0.0
12583,0.962,0.0
12584,0.962,0.0
12585,0.962,0.0
12586,0.962,0.0
12587,0.962,0.0
12588,0.962,0.0
12589,0.962,0.0
12590,0.962,1.31
12591,0.941,0.0
12592,0.941,0.0
12593,0.941,0.0
12594,0.941,0.0
12595,0.941,31.04
12596,0.941,12.24
12597,0.941,39.31
12598,0.941,13.26
12599,0.941,0.0
12600,0.941,4.14
12601,0.941,0.0
12602,0.941,13.7
12603,0.875,0.0
12604,0.875,0.0
12605,0.875,0.0
12606,0.875,0.0
12607,0.875,0.0
12608,0.875,0.0
12609,0.875,0.0
12610,0.875,0.0
12611,0.875,0.0
12612,0.875,0.0
12613,0.875,0.0
12614,0.875,0.0
12615,0.875,0.0
12616,0.875,0.0
12617,0.875,0.0
12618,0.875,0.0
12619,0.875,0.0
12620,0.875,0.0
12621,0.875,0.0
12622,0.875,0.0
12623,0.875,0.0
12624,0.875,0.0
12625,0.875,0.0
12626,0.875,0.0
12627,0.875,0.0
12628,0.875,0.0
12629,0.875,0.0
12630,0.875,0.0
12631,0.875,0.0
12632,0.875,0.0
12633,0.875,0.0
12634,0.875,0.0
12635,0.875,0.0
12636,0.875,0.0
12637,0.875,0.0
12638,0.875,0.0
12639,0.875,0.0
12640,0.875,0.0
12641,0.875,0.0
12642,0.875,0.0
12643,0.875,0.0
12644,0.875,0.0
12645,0.875,0.0
12646,0.875,0.0
12647,0.875,0.0
12648,0.875,0.0
12649,0.875,0.0
12650,0.875,0.0
12651,0.875,0.0
12652,0.875,0.0
12653,0.875,7.53
12654,0.875,0.0
12655,0.875,0.0
12656,0.875,0.0
12657,0.875,0.0
12658,0.875,0.0
12659,0.875,0.0
12660,0.875,0.0
12661,0.875,0.0
12662,0.875,0.0
12663,0.875,0.0
12664,0.875,0.0
12665,0.875,0.0
12666,0.875,0.0
12667,0.875,0.0
12668,0.875,0.0
12669,0.875,0.0
12670,0.875,0.0
12671,0.875,0.0
12672,0.875,0.0
12673,0.875,0.0
12674,0.875,0.0
12675,0.875,0.0
12676,0.875,0.0
12677,0.875,0.0
12678,0.875,0.0
12679,0.875,0.0
12680,0.875,0.0
12681,0.875,0.0
12682,0.875,0.0
12683,0.875,0.0
12684,0.875,0.0
12685,0.875,0.0
12686,0.875,0.0
12687,0.875,0.0
12688,0.875,0.0
12689,0.875,0.0
12690,0.875,0.0
12691,0.875,0.0
12692,0.875,0.0
12693,0.875,0.0
12694,0.875,0.0
12695,0.875,0.0
12696,0.875,0.0
12697,0.875,0.0
12698,0.875,0.0
12699,0.875,0.0
12700,0.875,0.0
12701,0.875,0.0
12702,0.875,0.0
12703,0.875,0.0
12704,0.875,0.0
12705,0.875,0.0
12706,0.875,0.0
12707,0.875,0.0
12708,0.875,0.0
12709,0.875,0.0
12710,0.875,0.0
12711,0.875,0.0
12712,0.875,0.0
12713,0.875,0.0
12714,0.875,0.0
12715,0.875,0.0
12716,0.875,0.0
12717,0.875,0.0
12718,0.875,0.0
12719,0.875,0.0
12720,0.875,0.0
12721,0.875,0.0
12722,0.875,0.0
12723,0.875,0.0
12724,0.875,0.0
12725,0.875,0.0
12726,0.875,0.0
12727,0.875,0.0
12728,0.875,0.0
12729,0.875,0.0
12730,0.875,0.0
12731,0.875,0.0
12732,0.875,0.0
12733,0.875,0.0
12734,0.875,0.0
12735,0.787,0.0
12736,0.787,0.0
12737,0.787,0.0
12738,0.787,0.0
12739,0.787,0.0
12740,0.787,0.0
12741,0.787,0.0
12742,0.787,0.0
12743,0.787,0.0
12744,0.787,0.0
12745,0.787,0.0
12746,0.787,0.0
12747,0.787,0.0
12748,0.787,0.0
12749,0.787,0.0
12750,0.787,0.0
12751,0.787,0.0
12752,0.787,0.0
12753,0.787,0.81
12754,0.787,0.0
12755,0.787,0.0
12756,0.787,0.0
12757,0.787,0.0
12758,0.787,3.16
12759,0.787,0.0
12760,0.787,0.0
12761,0.787,0.0
12762,0.787,0.0
12763,0.787,0.0
12764,0.787,0.0
12765,0.787,0.0
12766,0.787,0.0
12767,0.787,0.0
12768,0.787,0.0
12769,0.787,0.0
12770,0.787,0.0
12771,0.787,0.0
12772,0.787,0.0
12773,0.787,0.0
12774,0.787,0.0
12775,0.787,0.0
12776,0.787,0.0
12777,0.787,0.0
12778,0.787,0.0
12779,0.787,0.0
12780,0.787,0.0
12781,0.787,0.0
12782,0.787,0.0
12783,0.787,0.31
12784,0.787,18.72
12785,0.787,0.0
12786,0.787,0.0
12787,0.787,1.04
12788,0.787,0.01
12789,0.787,2.99
12790,0.787,1.37
12791,0.787,0.0
12792,0.787,0.0
12793,0.787,0.0
12794,0.787,0.0
12795,0.787,0.0
12796,0.787,0.0
12797,0.787,0.0
12798,0.787,0.0
12799,0.787,0.0
12800,0.787,0.0
12801,0.787,0.0
12802,0.787,0.0
12803,0.787,0.0
12804,0.787,0.0
12805,0.787,0.0
12806,0.787,0.0
12807,0.788,0.0
12808,0.788,0.0
12809,0.788,0.0
12810,0.788,0.0
12811,0.788,0.0
12812,0.788,0.0
12813,0.788,0.0
12814,0.788,0.0
12815,0.788,0.0
12816,0.788,0.0
12817,0.788,0.0
12818,0.788,0.0
12819,0.788,0.0
12820,0.788,0.0
12821,0.788,0.0
12822,0.788,0.0
12823,0.788,0.0
12824,0.788,0.0
12825,0.788,0.0
12826,0.788,0.0
12827,0.788,0.0
12828,0.788,0.0
12829,0.788,0.0
12830,0.788,0.0
12831,0.787,0.0
12832,0.787,0.0
12833,0.787,0.0
12834,0.787,0.0
12835,0.787,0.0
12836,0.787,0.0
12837,0.787,0.0
12838,0.787,0.0
12839,0.787,0.0
12840,0.787,0.0
12841,0.787,0.0
12842,0.787,0.0
12843,0.787,0.0
12844,0.787,0.0
12845,0.787,0.0
12846,0.787,0.0
12847,0.787,0.0
12848,0.787,0.0
12849,0.787,0.0
12850,0.787,0.0
12851,0.787,0.0
12852,0.787,0.0
12853,0.787,0.0
12854,0.787,0.0
12855,0.788,0.0
12856,0.788,0.0
12857,0.788,0.0
12858,0.788,0.0
12859,0.788,0.0
12860,0.788,0.0
12861,0.788,0.0
12862,0.788,0.0
12863,0.788,0.0
12864,0.788,0.0
12865,0.788,0.0
12866,0.788,0.0
12867,0.825,0.0
12868,0.825,0.0
12869,0.825,0.0
12870,0.825,0.0
12871,0.825,0.0
12872,0.825,0.0
12873,0.813,0.0
12874,0.813,0.0
12875,0.813,1.26
12876,0.813,0.0
12877,0.813,0.0
12878,0.813,0.0
12879,0.813,0.0
12880,0.813,0.0
12881,0.813,0.0
12882,0.813,0.0
12883,0.813,0.0
12884,0.813,0.0
12885,0.813,0.0
12886,0.813,0.0
12887,0.813,10.16
12888,0.813,0.0
12889,0.813,3.8
12890,0.813,10.82
12891,0.825,0.0
12892,0.825,0.0
12893,0.825,0.0
12894,0.825,0.0
12895,0.825,0.0
12896,0.825,0.0
12897,0.825,0.0
12898,0.825,0.0
12899,0.825,0.0
12900,0.825,0.0
12901,0.825,0.0
12902,0.825,0.0
12903,0.825,0.0
12904,0.825,0.0
12905,0.825,0.0
12906,0.825,0.0
12907,0.825,0.0
12908,0.825,0.0
12909,0.825,0.0
12910,0.825,0.0
12911,0.825,0.0
12912,0.825,0.0
12913,0.825,0.0
12914,0.825,0.0
12915,0.813,0.0
12916,0.813,0.99
12917,0.813,0.0
12918,0.813,0.0
12919,0.813,0.0
12920,0.813,0.0
12921,0.813,0.0
12922,0.813,0.0
12923,0.813,0.0
12924,0.813,0.0
12925,0.813,0.0
12926,0.813,0.0
12927,0.814,0.0
12928,0.814,0.0
12929,0.814,0.0
12930,0.814,0.0
12931,0.814,0.0
12932,0.814,0.0
12933,0.814,0.0
12934,0.814,0.0
12935,0.814,0.0
12936,0.814,0.0
12937,0.814,0.0
12938,0.814,0.0
12939,0.825,0.0
12940,0.825,0.0
12941,0.825,0.0
12942,0.825,0.0
12943,0.825,0.0
12944,0.825,0.0
12945,0.825,0.0
12946,0.825,0.0
12947,0.825,0.0
12948,0.825,0.0
12949,0.825,0.0
12950,0.825,0.0
12951,0.825,0.0
12952,0.825,0.0
12953,0.825,0.0
12954,0.825,0.0
12955,0.825,0.0
12956,0.825,0.0
12957,0.825,0.0
12958,0.825,0.0
12959,0.825,0.0
12960,0.825,0.0
12961,0.825,0.0
12962,0.825,0.0
12963,0.814,0.0
12964,0.814,0.19
12965,0.814,0.0
12966,0.814,0.0
12967,0.814,0.0
12968,0.814,0.0
12969,0.814,0.0
12970,0.814,0.0
12971,0.814,0.0
12972,0.814,0.0
12973,0.814,0.0
12974,0.814,0.0
12975,0.814,0.0
12976,0.814,0.0
12977,0.814,0.0
12978,0.814,0.0
12979,0.814,0.0
12980,0.814,0.0
12981,0.814,0.0
12982,0.814,0.0
12983,0.814,0.0
12984,0.814,0.0
12985,0.814,0.0
12986,0.814,0.0
12987,0.825,0.0
12988,0.825,0.0
12989,0.825,0.0
12990,0.825,0.0
12991,0.825,0.0
12992,0.825,0.0
12993,0.825,0.0
12994,0.825,0.0
12995,0.825,0.0
12996,0.825,0.0
12997,0.825,0.0
12998,0.825,0.0
12999,0.841,0.0
13000,0.841,0.0
13001,0.841,0.0
13002,0.841,0.0
13003,0.841,0.0
13004,0.841,0.0
13005,0.841,0.0
13006,0.841,0.0
13007,0.841,0.0
13008,0.841,0.0
13009,0.841,0.0
13010,0.841,0.0
13011,0.845,0.0
13012,0.845,0.0
13013,0.845,0.0
13014,0.845,0.0
13015,0.845,0.0
13016,0.845,0.0
13017,0.845,0.0
13018,0.845,0.0
13019,0.845,0.0
13020,0.845,0.0
13021,0.845,0.0
13022,0.845,0.0
13023,0.845,0.0
13024,0.845,0.0
13025,0.845,0.0
13026,0.845,0.0
13027,0.826,0.0
13028,0.826,0.0
13029,0.826,0.0
13030,0.826,0.0
13031,0.826,0.0
13032,0.826,1.74
13033,0.826,0.0
13034,0.826,0.0
13035,0.826,0.0
13036,0.826,0.0
13037,0.826,0.0
13038,0.826,0.72
13039,0.826,0.0
13040,0.826,0.0
13041,0.826,0.0
13042,0.826,0.0
13043,0.896,0.0
13044,0.896,0.0
13045,0.896,0.0
13046,0.896,0.0
13047,0.896,0.0
13048,0.896,0.0
13049,0.896,0.0
13050,0.896,0.0
13051,0.896,0.0
13052,0.896,0.0
13053,0.896,0.0
13054,0.896,0.0
13055,0.976,0.0
13056,0.976,0.0
13057,0.976,0.0
13058,0.976,0.0
13059,0.976,0.0
13060,0.976,0.0
13061,0.976,0.49
13062,0.976,0.72
13063,0.976,0.0
13064,0.976,0.0
13065,0.976,3.34
13066,0.976,0.0
13067,0.976,5.07
13068,0.976,0.7
13069,0.976,6.69
13070,0.976,0.98
13071,0.976,8.53
13072,0.976,10.27
13073,0.976,10.97
13074,0.976,13.53
13075,0.976,0.0
13076,0.976,0.02
13077,0.976,0.0
13078,0.976,0.0
13079,0.896,0.0
13080,0.896,0.0
13081,0.896,0.0
13082,0.896,0.0
13083,0.896,0.0
13084,0.896,0.0
13085,0.896,0.0
13086,0.896,0.0
13087,0.896,0.0
13088,0.896,0.0
13089,0.896,0.0
13090,0.896,0.0
13091,0.896,0.0
13092,0.896,0.0
13093,0.896,0.0
13094,0.896,0.0
13095,0.896,0.0
13096,0.896,0.0
13097,0.896,0.0
13098,0.896,0.0
13099,0.896,0.0
13100,0.896,0.0
13101,0.896,0.0
13102,0.896,0.0
13103,0.976,0.0
13104,0.976,2.05
13105,0.976,0.0
13106,0.976,0.0
13107,0.976,5.48
13108,0.976,0.68
13109,0.976,0.0
13110,0.976,0.0
13111,0.976,1.94
13112,0.976,0.0
13113,0.976,0.0
13114,0.976,0.0
13115,0.926,0.0
13116,0.926,0.0
13117,0.926,0.0
13118,0.926,0.0
13119,0.926,0.0
13120,0.926,1.71
13121,0.926,0.0
13122,0.926,0.0
13123,0.926,0.0
13124,0.926,0.0
13125,0.926,0.0
13126,0.926,0.0
13127,0.918,0.0
13128,0.918,0.0
13129,0.918,0.0
13130,0.918,0.0
13131,0.918,0.0
13132,0.918,0.0
13133,0.918,0.0
13134,0.918,0.0
13135,0.918,0.0
13136,0.918,0.0
13137,0.918,0.0
13138,0.918,0.0
13139,0.918,0.0
13140,0.918,0.0
13141,0.918,0.0
13142,0.918,0.0
13143,0.918,0.0
13144,0.918,0.0
13145,0.918,0.0
13146,0.918,0.0
13147,0.918,0.0
13148,0.918,0.0
13149,0.918,0.0
13150,0.918,0.0
13151,0.926,0.0
13152,0.926,0.0
13153,0.926,0.0
13154,0.926,0.0
13155,0.926,0.0
13156,0.926,0.0
13157,0.926,0.0
13158,0.926,0.0
13159,0.926,0.0
13160,0.926,0.0
13161,0.926,0.0
13162,0.926,0.0
13163,0.926,0.0
13164,0.926,0.0
13165,0.926,0.0
13166,0.926,0.0
13167,0.926,0.0
13168,0.926,0.0
13169,0.926,0.0
13170,0.926,0.0
13171,0.926,0.0
13172,0.926,0.0
13173,0.926,0.0
13174,0.926,0.0
13175,0.918,0.0
13176,0.918,0.0
13177,0.918,0.0
13178,0.918,0.0
13179,0.918,0.0
13180,0.918,0.0
13181,0.918,0.0
13182,0.918,0.0
13183,0.918,0.0
13184,0.918,0.0
13185,0.918,0.0
13186,0.918,0.0
13187,0.825,0.0
13188,0.825,0.0
13189,0.825,0.0
13190,0.825,0.0
13191,0.825,0.0
13192,0.825,0.0
13193,0.825,0.0
13194,0.825,0.0
13195,0.825,0.0
13196,0.825,0.0
13197,0.825,0.0
13198,0.825,0.0
13199,0.825,0.0
13200,0.825,0.0
13201,0.825,0.0
13202,0.825,0.0
13203,0.825,0.0
13204,0.825,0.0
13205,0.825,0.0
13206,0.825,0.0
13207,0.825,0.0
13208,0.825,0.0
13209,0.825,0.0
13210,0.825,0.0
13211,0.825,0.0
13212,0.825,0.0
13213,0.825,0.0
13214,0.825,0.0
13215,0.825,0.0
13216,0.825,0.0
13217,0.825,0.0
13218,0.825,0.0
13219,0.825,0.0
13220,0.825,0.0
13221,0.825,0.0
13222,0.825,0.0
13223,0.825,0.0
13224,0.825,0.0
13225,0.825,0.0
13226,0.825,0.0
13227,0.825,0.0
13228,0.825,0.0
13229,0.825,0.0
13230,0.825,0.0
13231,0.825,0.0
13232,0.825,0.0
13233,0.825,0.0
13234,0.825,0.0
13235,0.825,0.0
13236,0.825,0.0
13237,0.825,0.0
13238,0.825,0.0
13239,0.825,0.0
13240,0.825,0.0
13241,0.825,0.0
13242,0.825,0.0
13243,0.825,0.0
13244,0.825,0.0
13245,0.825,0.0
13246,0.825,0.0
13247,0.825,0.0
13248,0.825,0.0
13249,0.825,0.0
13250,0.825,0.0
13251,0.825,0.0
13252,0.825,0.0
13253,0.825,0.0
13254,0.825,0.0
13255,0.825,0.0
13256,0.825,0.0
13257,0.825,0.0
13258,0.825,0.0
13259,0.897,0.0
13260,0.897,0.0
13261,0.897,0.0
13262,0.897,0.0
13263,0.897,0.0
13264,0.897,0.0
13265,0.897,0.0
13266,0.897,0.0
13267,0.897,0.0
13268,0.897,0.0
13269,0.897,0.0
13270,0.897,0.0
13271,0.855,0.0
13272,0.855,0.0
13273,0.855,0.0
13274,0.855,0.0
13275,0.855,0.0
13276,0.855,0.0
13277,0.855,0.0
13278,0.855,0.0
13279,0.855,0.0
13280,0.855,0.0
13281,0.855,0.0
13282,0.855,0.0
13283,0.855,0.0
13284,0.855,0.0
13285,0.855,0.0
13286,0.855,0.0
13287,0.855,0.0
13288,0.855,0.0
13289,0.855,0.0
13290,0.855,0.0
13291,0.855,0.0
13292,0.855,0.0
13293,0.855,0.0
13294,0.855,0.0
13295,0.897,0.0
13296,0.897,0.0
13297,0.897,0.0
13298,0.897,0.0
13299,0.897,0.0
13300,0.897,0.0
13301,0.897,0.0
13302,0.897,0.0
13303,0.897,0.0
13304,0.897,0.0
13305,0.897,0.0
13306,0.897,0.0
13307,0.897,0.0
13308,0.897,0.0
13309,0.897,0.0
13310,0.897,0.0
13311,0.897,0.0
13312,0.897,0.0
13313,0.897,0.0
13314,0.897,0.0
13315,0.897,0.0
13316,0.897,0.0
13317,0.897,0.0
13318,0.897,0.0
13319,0.855,0.0
13320,0.855,0.0
13321,0.855,0.0
13322,0.855,0.0
13323,0.855,0.0
13324,0.855,0.0
13325,0.855,0.0
13326,0.855,0.0
13327,0.855,0.0
13328,0.855,0.0
13329,0.855,0.0
13330,0.855,0.0
13331,0.92,0.0
13332,0.92,1.19
13333,0.92,0.0
13334,0.92,4.89
13335,0.92,1.2
13336,0.92,2.0
13337,0.92,6.49
13338,0.92,1.03
13339,0.92,0.0
13340,0.92,0.0
13341,0.92,0.0
13342,0.92,0.0
13343,0.92,0.0
13344,0.92,0.0
13345,0.92,0.0
13346,0.92,0.0
13347,0.92,0.0
13348,0.92,0.0
13349,0.92,0.0
13350,0.92,0.0
13351,0.92,0.0
13352,0.92,0.0
13353,0.92,0.0
13354,0.92,0.0
13355,0.92,0.0
13356,0.92,0.0
13357,0.92,0.0
13358,0.92,0.0
13359,0.92,0.0
13360,0.92,0.0
13361,0.92,0.0
13362,0.92,0.0
13363,0.92,0.0
13364,0.92,0.0
13365,0.92,0.0
13366,0.92,0.0
13367,0.92,0.0
13368,0.92,0.0
13369,0.92,0.0
13370,0.92,0.0
13371,0.92,7.71
13372,0.92,4.03
13373,0.92,0.0
13374,0.92,0.0
13375,0.92,0.0
13376,0.92,2.58
13377,0.92,0.0
13378,0.92,0.0
13379,0.92,0.0
13380,0.92,0.0
13381,0.92,0.0
13382,0.92,0.0
13383,0.92,0.0
13384,0.92,0.0
13385,0.92,0.0
13386,0.92,0.0
13387,0.92,0.0
13388,0.92,0.0
13389,0.92,0.0
13390,0.92,0.0
13391,0.92,0.0
13392,0.92,0.0
13393,0.92,0.0
13394,0.92,0.0
13395,0.92,0.0
13396,0.92,0.0
13397,0.92,0.0
13398,0.92,0.0
13399,0.92,0.0
13400,0.92,0.0
13401,0.92,0.0
13402,0.92,0.0
13403,0.92,0.0
13404,0.92,0.0
13405,0.92,0.0
13406,0.92,0.0
13407,0.92,0.0
13408,0.92,0.0
13409,0.92,0.0
13410,0.92,0.0
13411,0.92,0.0
13412,0.92,0.0
13413,0.92,0.0
13414,0.92,0.0
13415,0.901,0.0
13416,0.901,0.0
13417,0.901,0.0
13418,0.901,0.0
13419,0.901,0.0
13420,0.901,0.0
13421,0.901,0.0
13422,0.901,0.97
13423,0.901,0.0
13424,0.901,0.0
13425,0.901,0.01
13426,0.901,2.16
13427,0.901,0.0
13428,0.901,7.41
13429,0.901,8.93
13430,0.901,27.99
13431,0.901,0.0
13432,0.901,0.0
13433,0.901,0.41
13434,0.901,0.0
13435,0.901,0.0
13436,0.901,0.0
13437,0.901,0.0
13438,0.901,0.0
13439,0.92,0.0
13440,0.92,0.0
13441,0.92,0.0
13442,0.92,0.0
13443,0.92,0.0
13444,0.92,0.0
13445,0.92,0.0
13446,0.92,1.79
13447,0.92,0.0
13448,0.92,0.0
13449,0.92,0.0
13450,0.92,0.0
13451,0.92,0.0
13452,0.92,0.0
13453,0.92,0.0
13454,0.92,0.0
13455,0.92,0.0
13456,0.92,0.0
13457,0.92,0.0
13458,0.92,0.0
13459,0.92,0.0
13460,0.92,0.0
13461,0.92,0.0
13462,0.92,0.0
13463,0.901,0.0
13464,0.901,0.0
13465,0.901,0.0
13466,0.901,0.0
13467,0.901,6.89
13468,0.901,0.0
13469,0.901,0.0
13470,0.901,0.0
13471,0.901,17.5
13472,0.901,11.77
13473,0.901,17.72
13474,0.901,3.92
13475,0.895,2.26
13476,0.895,3.28
13477,0.895,0.0
13478,0.895,4.18
13479,0.895,0.39
13480,0.895,0.0
13481,0.895,1.64
13482,0.895,6.27
13483,0.895,1.31
13484,0.895,0.0
13485,0.895,5.13
13486,0.895,1.84
13487,0.895,1.23
13488,0.895,0.0
13489,0.895,0.0
13490,0.895,0.0
13491,0.895,0.0
13492,0.895,0.0
13493,0.895,0.75
13494,0.895,0.0
13495,0.895,0.0
13496,0.895,0.0
13497,0.895,0.0
13498,0.895,0.0
13499,0.895,1.31
13500,0.895,0.0
13501,0.895,1.81
13502,0.895,0.0
13503,0.895,4.64
13504,0.895,4.8
13505,0.895,1.74
13506,0.895,8.09
13507,0.895,0.65
13508,0.895,2.01
13509,0.895,2.09
13510,0.895,3.92
13511,0.895,6.5
13512,0.895,6.9
13513,0.895,0.04
13514,0.895,8.27
13515,0.895,8.16
13516,0.895,1.13
13517,0.895,7.48
13518,0.895,0.0
13519,0.895,0.0
13520,0.895,2.71
13521,0.895,0.0
13522,0.895,0.0
13523,0.895,0.0
13524,0.895,0.0
13525,0.895,0.0
13526,0.895,0.0
13527,0.895,0.55
13528,0.895,6.15
13529,0.895,0.0
13530,0.895,0.0
13531,0.895,4.78
13532,0.895,8.18
13533,0.895,0.0
13534,0.895,2.11
13535,0.895,7.82
13536,0.895,0.38
13537,0.895,1.67
13538,0.895,0.0
13539,0.895,0.0
13540,0.895,1.33
13541,0.895,0.0
13542,0.895,0.0
13543,0.895,1.34
13544,0.895,0.0
13545,0.895,0.0
13546,0.895,0.0
13547,0.895,0.0
13548,0.895,0.0
13549,0.895,0.01
13550,0.895,12.57
13551,0.895,0.0
13552,0.895,0.0
13553,0.895,0.0
13554,0.895,0.0
13555,0.895,0.0
13556,0.895,0.0
13557,0.895,0.0
13558,0.895,0.0
13559,0.895,0.0
13560,0.895,0.0
13561,0.895,0.0
13562,0.895,0.0
13563,0.895,0.0
13564,0.895,0.0
13565,0.895,0.0
13566,0.895,2.7
13567,0.895,0.0
13568,0.895,0.0
13569,0.895,0.0
13570,0.895,0.0
13571,0.895,0.0
13572,0.895,0.0
13573,0.895,0.0
13574,0.895,0.0
13575,0.895,0.0
13576,0.895,0.0
13577,0.895,0.0
13578,0.895,0.0
13579,0.895,0.0
13580,0.895,0.0
13581,0.895,0.0
13582,0.895,0.0
13583,0.895,0.0
13584,0.895,0.0
13585,0.895,0.0
13586,0.895,0.0
13587,0.895,0.0
13588,0.895,0.0
13589,0.895,0.0
13590,0.895,0.0
13591,0.895,0.0
13592,0.895,0.01
13593,0.895,0.0
13594,0.895,0.0
13595,0.895,0.0
13596,0.895,2.29
13597,0.895,0.0
13598,0.895,2.37
13599,0.895,0.0
13600,0.895,0.0
13601,0.895,0.0
13602,0.895,0.0
13603,0.895,0.19
13604,0.895,0.0
13605,0.895,0.0
13606,0.895,0.0
13607,0.895,0.0
13608,0.895,0.0
13609,0.895,0.0
13610,0.895,0.0
13611,0.895,0.0
13612,0.895,0.0
13613,0.895,0.0
13614,0.895,0.0
13615,0.895,0.0
13616,0.895,0.0
13617,0.895,0.0
13618,0.895,0.0
13619,0.895,0.0
13620,0.895,0.0
13621,0.895,0.0
13622,0.895,0.0
13623,0.895,0.0
13624,0.895,0.0
13625,0.895,0.0
13626,0.895,0.0
13627,0.895,0.0
13628,0.895,0.0
13629,0.895,0.0
13630,0.895,0.0
13631,0.895,0.0
13632,0.895,0.0
13633,0.895,0.0
13634,0.895,0.0
13635,0.895,0.0
13636,0.895,0.0
13637,0.895,0.0
13638,0.895,0.0
13639,0.895,0.0
13640,0.895,0.0
13641,0.895,0.0
13642,0.895,0.0
13643,0.895,0.0
13644,0.895,0.0
13645,0.895,0.0
13646,0.895,0.0
13647,0.895,0.0
13648,0.895,0.0
13649,0.895,0.0
13650,0.895,0.0
13651,0.895,0.0
13652,0.895,0.0
13653,0.895,0.0
13654,0.895,0.0
13655,0.895,0.0
13656,0.895,0.0
13657,0.895,0.0
13658,0.895,0.0
13659,0.895,0.0
13660,0.895,0.0
13661,0.895,0.0
13662,0.895,0.0
13663,0.895,0.0
13664,0.895,0.0
13665,0.895,0.0
13666,0.895,0.0
13667,0.895,0.0
13668,0.895,0.0
13669,0.895,0.0
13670,0.895,0.0
13671,0.895,0.0
13672,0.895,0.0
13673,0.895,0.0
13674,0.895,0.0
13675,0.895,0.0
13676,0.895,0.0
13677,0.895,0.0
13678,0.895,0.0
13679,0.895,0.0
13680,0.895,0.0
13681,0.895,0.0
13682,0.895,0.0
13683,0.895,0.0
13684,0.895,0.0
13685,0.895,0.0
13686,0.895,0.0
13687,0.895,0.0
13688,0.895,0.0
13689,0.895,0.0
13690,0.895,0.0
13691,0.895,0.0
13692,0.895,0.0
13693,0.895,0.0
13694,0.895,0.0
13695,0.895,0.0
13696,0.895,0.0
13697,0.895,0.0
13698,0.895,0.0
13699,0.895,0.0
13700,0.895,0.0
13701,0.895,0.0
13702,0.895,0.0
13703,0.895,0.0
13704,0.895,0.0
13705,0.895,0.0
13706,0.895,0.0
13707,0.895,0.0
13708,0.895,0.0
13709,0.895,0.0
13710,0.895,0.0
13711,0.895,0.0
13712,0.895,0.0
13713,0.895,0.0
13714,0.895,0.0
13715,0.895,0.0
13716,0.895,0.0
13717,0.895,0.0
13718,0.895,0.0
13719,0.895,0.0
13720,0.895,0.0
13721,0.895,0.0
13722,0.895,0.0
13723,0.895,0.0
13724,0.895,0.0
13725,0.895,0.0
13726,0.895,0.0
13727,0.895,0.0
13728,0.895,0.0
13729,0.895,0.0
13730,0.895,0.0
13731,0.895,0.0
13732,0.895,0.0
13733,0.895,0.0
13734,0.895,0.0
13735,0.895,0.0
13736,0.895,0.0
13737,0.895,0.0
13738,0.895,0.0
13739,0.895,0.0
13740,0.895,0.0
13741,0.895,0.0
13742,0.895,0.0
13743,0.895,0.0
13744,0.895,0.0
13745,0.895,0.0
13746,0.895,0.0
13747,0.895,0.0
13748,0.895,0.0
13749,0.895,0.0
13750,0.895,0.0
13751,0.895,0.0
13752,0.895,0.0
13753,0.895,0.0
13754,0.895,0.0
13755,0.895,0.0
13756,0.895,0.0
13757,0.895,0.0
13758,0.895,0.0
13759,0.895,0.0
13760,0.895,0.0
13761,0.895,0.0
13762,0.895,0.0
13763,0.819,0.0
13764,0.819,0.0
13765,0.819,0.0
13766,0.819,0.0
13767,0.819,0.0
13768,0.819,0.0
13769,0.819,0.0
13770,0.819,0.0
13771,0.819,0.0
13772,0.819,0.0
13773,0.819,0.0
13774,0.819,0.0
13775,0.819,0.0
13776,0.819,0.0
13777,0.819,0.0
13778,0.819,0.0
13779,0.819,0.0
13780,0.819,0.0
13781,0.819,0.0
13782,0.819,0.0
13783,0.819,0.0
13784,0.819,0.0
13785,0.819,0.0
13786,0.819,0.0
13787,0.819,0.0
13788,0.819,0.0
13789,0.819,0.0
13790,0.819,0.0
13791,0.819,0.0
13792,0.819,0.0
13793,0.819,0.0
13794,0.819,0.0
13795,0.819,0.0
13796,0.819,0.0
13797,0.819,0.0
13798,0.819,0.0
13799,0.819,0.0
13800,0.819,0.0
13801,0.819,0.0
13802,0.819,0.0
13803,0.819,0.0
13804,0.819,0.0
13805,0.819,0.0
13806,0.819,0.0
13807,0.819,0.0
13808,0.819,0.0
13809,0.819,0.0
13810,0.819,0.0
13811,0.819,0.0
13812,0.819,0.0
13813,0.819,0.0
13814,0.819,0.0
13815,0.819,0.0
13816,0.819,0.0
13817,0.819,0.0
13818,0.819,0.0
13819,0.819,0.0
13820,0.819,0.0
13821,0.819,0.0
13822,0.819,0.0
13823,0.819,0.0
13824,0.819,0.0
13825,0.819,0.0
13826,0.819,0.0
13827,0.819,0.0
13828,0.819,0.0
13829,0.819,0.0
13830,0.819,0.0
13831,0.819,0.0
13832,0.819,0.0
13833,0.819,0.0
13834,0.819,0.0
13835,0.819,0.0
13836,0.819,0.0
13837,0.819,0.0
13838,0.819,0.0
13839,0.819,0.0
13840,0.819,0.0
13841,0.819,0.0
13842,0.819,0.0
13843,0.819,0.0
13844,0.819,0.0
13845,0.819,0.0
13846,0.819,0.0
13847,0.819,0.0
13848,0.819,0.0
13849,0.819,0.0
13850,0.819,0.0
13851,0.819,0.55
13852,0.819,0.0
13853,0.819,20.59
13854,0.819,0.0
13855,0.819,25.45
13856,0.819,13.63
13857,0.819,17.77
13858,0.819,15.78
13859,0.819,0.0
13860,0.819,0.0
13861,0.819,0.0
13862,0.819,0.0
13863,0.819,6.88
13864,0.819,1.26
13865,0.819,0.0
13866,0.819,0.0
13867,0.819,0.0
13868,0.819,0.0
13869,0.819,0.0
13870,0.819,0.0
13871,0.819,0.0
13872,0.819,0.0
13873,0.819,0.0
13874,0.819,0.0
13875,0.819,0.0
13876,0.819,0.0
13877,0.819,0.0
13878,0.819,0.0
13879,0.819,0.0
13880,0.819,0.0
13881,0.819,0.0
13882,0.819,0.0
13883,0.819,0.0
13884,0.819,0.0
13885,0.819,0.0
13886,0.819,0.0
13887,0.819,0.0
13888,0.819,0.0
13889,0.819,0.0
13890,0.819,0.0
13891,0.819,0.0
13892,0.819,0.0
13893,0.819,0.0
13894,0.819,0.0
13895,0.819,0.0
13896,0.819,0.0
13897,0.819,0.0
13898,0.819,0.0
13899,0.819,0.0
13900,0.819,0.0
13901,0.819,0.0
13902,0.819,0.0
13903,0.819,0.0
13904,0.819,0.0
13905,0.819,0.0
13906,0.819,0.0
13907,0.882,0.0
13908,0.882,0.0
13909,0.882,0.0
13910,0.882,0.0
13911,0.882,0.0
13912,0.882,0.0
13913,0.882,0.0
13914,0.882,0.0
13915,0.882,0.0
13916,0.882,0.0
13917,0.882,0.0
13918,0.882,0.0
13919,0.881,0.0
13920,0.881,0.0
13921,0.881,0.0
13922,0.881,0.0
13923,0.881,0.0
13924,0.881,0.0
13925,0.881,0.0
13926,0.881,0.0
13927,0.881,0.0
13928,0.881,0.0
13929,0.881,0.0
13930,0.881,0.0
13931,0.881,0.0
13932,0.881,0.0
13933,0.881,0.0
13934,0.881,0.0
13935,0.881,0.0
13936,0.881,0.0
13937,0.881,0.0
13938,0.881,0.0
13939,0.881,0.0
13940,0.881,0.0
13941,0.881,0.0
13942,0.881,0.0
13943,0.882,0.0
13944,0.882,0.0
13945,0.882,0.0
13946,0.882,0.0
13947,0.882,0.0
13948,0.882,0.0
13949,0.882,0.0
13950,0.882,0.0
13951,0.882,0.0
13952,0.882,0.0
13953,0.882,0.0
13954,0.882,0.0
13955,0.882,0.0
13956,0.882,0.0
13957,0.882,0.0
13958,0.882,0.0
13959,0.882,0.0
13960,0.882,0.0
13961,0.882,0.0
13962,0.882,0.0
13963,0.882,0.0
13964,0.882,0.0
13965,0.882,0.0
13966,0.882,0.0
13967,0.881,0.0
13968,0.881,0.0
13969,0.881,0.0
13970,0.881,0.0
13971,0.881,0.0
13972,0.881,0.0
13973,0.881,0.0
13974,0.881,0.0
13975,0.881,0.0
13976,0.881,0.0
13977,0.881,0.0
13978,0.881,0.0
13979,0.882,0.0
13980,0.882,14.33
13981,0.882,2.0
13982,0.882,2.02
13983,0.882,0.0
13984,0.882,0.0
13985,0.882,0.0
13986,0.882,0.0
13987,0.882,0.0
13988,0.882,0.0
13989,0.882,0.0
13990,0.882,0.0
13991,0.882,0.0
13992,0.882,0.0
13993,0.882,0.0
13994,0.882,0.0
13995,0.882,0.0
13996,0.882,0.0
13997,0.882,0.0
13998,0.882,0.0
13999,0.882,0.0
14000,0.882,0.0
14001,0.882,0.0
14002,0.882,0.0
14003,0.882,0.0
14004,0.882,0.0
14005,0.882,0.0
14006,0.882,0.0
14007,0.882,0.0
14008,0.882,0.0
14009,0.882,0.0
14010,0.882,0.0
14011,0.882,0.0
14012,0.882,0.0
14013,0.882,0.0
14014,0.882,0.0
14015,0.882,0.0
14016,0.882,0.0
14017,0.882,0.0
14018,0.882,0.0
14019,0.882,0.0
14020,0.882,0.0
14021,0.882,0.0
14022,0.882,0.0
14023,0.882,0.0
14024,0.882,0.0
14025,0.882,0.0
14026,0.882,0.0
14027,0.882,0.0
14028,0.882,0.0
14029,0.882,0.0
14030,0.882,0.0
14031,0.882,0.0
14032,0.882,0.0
14033,0.882,0.0
14034,0.882,0.0
14035,0.882,0.0
14036,0.882,0.0
14037,0.882,0.0
14038,0.882,0.0
14039,0.882,0.0
14040,0.882,0.0
14041,0.882,0.0
14042,0.882,0.0
14043,0.882,0.0
14044,0.882,0.0
14045,0.882,0.0
14046,0.882,0.0
14047,0.882,0.0
14048,0.882,0.0
14049,0.882,0.0
14050,0.882,0.0
14051,0.933,0.0
14052,0.933,0.0
14053,0.933,0.0
14054,0.933,0.0
14055,0.933,0.0
14056,0.933,0.0
14057,0.933,0.0
14058,0.933,0.0
14059,0.933,0.0
14060,0.933,0.0
14061,0.933,0.0
14062,0.933,0.0
14063,0.933,0.0
14064,0.933,0.0
14065,0.933,0.0
14066,0.933,0.0
14067,0.933,0.0
14068,0.933,0.0
14069,0.933,0.0
14070,0.933,0.0
14071,0.933,0.0
14072,0.933,0.0
14073,0.933,0.0
14074,0.933,0.0
14075,0.933,0.0
14076,0.933,0.0
14077,0.933,0.0
14078,0.933,0.0
14079,0.933,0.0
14080,0.933,0.0
14081,0.933,0.0
14082,0.933,0.0
14083,0.933,4.58
14084,0.933,0.0
14085,0.933,24.75
14086,0.933,0.0
14087,0.933,0.0
14088,0.933,0.0
14089,0.933,0.0
14090,0.933,0.09
14091,0.933,0.0
14092,0.933,0.0
14093,0.933,0.0
14094,0.933,0.0
14095,0.933,0.0
14096,0.933,0.0
14097,0.933,0.0
14098,0.933,0.0
14099,0.933,0.0
14100,0.933,0.0
14101,0.933,0.0
14102,0.933,0.0
14103,0.933,0.0
14104,0.933,0.0
14105,0.933,0.0
14106,0.933,0.0
14107,0.933,0.0
14108,0.933,4.85
14109,0.933,1.8
14110,0.933,1.99
14111,0.933,21.51
14112,0.933,4.7
14113,0.933,13.18
14114,0.933,15.02
14115,0.933,0.0
14116,0.933,0.0
14117,0.933,7.13
14118,0.933,0.0
14119,0.933,0.0
14120,0.933,0.0
14121,0.933,0.0
14122,0.933,0.0
14123,0.933,0.0
14124,0.933,0.0
14125,0.933,0.0
14126,0.933,0.0
14127,0.933,0.06
14128,0.933,0.0
14129,0.933,0.0
14130,0.933,0.0
14131,0.933,2.5
14132,0.933,10.89
14133,0.933,0.0
14134,0.933,0.0
14135,0.933,0.38
14136,0.933,1.99
14137,0.933,0.0
14138,0.933,0.0
14139,0.933,0.0
14140,0.933,0.0
14141,0.933,0.0
14142,0.933,0.0
14143,0.933,0.0
14144,0.933,0.0
14145,0.933,0.0
14146,0.933,0.0
14147,0.933,0.0
14148,0.933,0.0
14149,0.933,0.0
14150,0.933,0.0
14151,0.933,0.0
14152,0.933,0.0
14153,0.933,0.0
14154,0.933,0.0
14155,0.933,0.0
14156,0.933,0.0
14157,0.933,0.0
14158,0.933,0.0
14159,0.933,0.0
14160,0.933,0.0
14161,0.933,0.0
14162,0.933,0.0
14163,0.933,0.0
14164,0.933,0.0
14165,0.933,0.0
14166,0.933,0.0
14167,0.933,0.0
14168,0.933,0.0
14169,0.933,0.0
14170,0.933,0.0
14171,0.933,0.0
14172,0.933,0.0
14173,0.933,0.0
14174,0.933,0.0
14175,0.933,0.0
14176,0.933,0.0
14177,0.933,0.0
14178,0.933,0.0
14179,0.933,0.0
14180,0.933,0.0
14181,0.933,0.0
14182,0.933,0.0
14183,0.933,0.0
14184,0.933,0.0
14185,0.933,0.0
14186,0.933,0.0
14187,0.933,0.0
14188,0.933,0.0
14189,0.933,0.0
14190,0.933,0.0
14191,0.933,0.0
14192,0.933,0.0
14193,0.933,0.0
14194,0.933,0.0
14195,0.933,0.0
14196,0.933,0.0
14197,0.933,0.0
14198,0.933,0.0
14199,0.933,0.0
14200,0.933,0.0
14201,0.933,0.0
14202,0.933,0.0
14203,0.933,0.0
14204,0.933,0.0
14205,0.933,0.0
14206,0.933,0.0
14207,0.933,0.0
14208,0.933,0.0
14209,0.933,0.0
14210,0.933,0.0
14211,0.933,0.0
14212,0.933,0.0
14213,0.933,0.0
14214,0.933,0.0
14215,0.933,0.0
14216,0.933,0.0
14217,0.933,0.0
14218,0.933,0.0
14219,0.933,0.0
14220,0.933,0.0
14221,0.933,0.0
14222,0.933,0.0
14223,0.933,0.0
14224,0.933,0.0
14225,0.933,0.0
14226,0.933,0.0
14227,0.933,0.0
14228,0.933,0.0
14229,0.933,0.0
14230,0.933,0.0
14231,0.946,0.0
14232,0.946,0.0
14233,0.946,0.0
14234,0.946,0.0
14235,0.946,0.0
14236,0.946,0.0
14237,0.946,0.0
14238,0.946,0.0
14239,0.946,0.11
14240,0.946,0.0
14241,0.946,4.8
14242,0.946,0.0
14243,0.912,1.9
14244,0.912,2.05
14245,0.912,3.95
14246,0.912,0.0
14247,0.912,0.95
14248,0.912,0.0
14249,0.912,1.85
14250,0.912,0.71
14251,0.912,1.44
14252,0.912,0.0
14253,0.912,8.18
14254,0.912,19.84
14255,0.912,5.78
14256,0.912,10.91
14257,0.912,13.12
14258,0.912,1.75
14259,0.912,19.47
14260,0.912,15.37
14261,0.912,9.35
14262,0.912,4.36
14263,0.912,0.57
14264,0.912,5.55
14265,0.912,16.76
14266,0.912,12.33
14267,0.946,0.0
14268,0.946,0.0
14269,0.946,0.0
14270,0.946,0.0
14271,0.946,2.08
14272,0.946,0.0
14273,0.946,3.11
14274,0.946,0.0
14275,0.946,0.0
14276,0.946,0.0
14277,0.946,0.0
14278,0.946,0.0
14279,0.946,0.0
14280,0.946,0.0
14281,0.946,0.0
14282,0.946,0.0
14283,0.946,0.0
14284,0.946,0.0
14285,0.946,0.0
14286,0.946,0.0
14287,0.946,0.0
14288,0.946,0.0
14289,0.946,0.0
14290,0.946,0.0
14291,0.912,0.0
14292,0.912,9.23
14293,0.912,0.0
14294,0.912,0.0
14295,0.912,2.84
14296,0.912,10.24
14297,0.912,0.0
14298,0.912,1.92
14299,0.912,5.82
14300,0.912,0.67
14301,0.912,8.17
14302,0.912,19.39
14303,0.946,0.0
14304,0.946,22.9
14305,0.946,0.0
14306,0.946,16.65
14307,0.946,0.41
14308,0.946,0.0
14309,0.946,2.78
14310,0.946,0.0
14311,0.946,0.0
14312,0.946,1.37
14313,0.946,0.0
14314,0.946,0.0
14315,0.946,0.0
14316,0.946,0.0
14317,0.946,14.26
14318,0.946,0.0
14319,0.946,0.0
14320,0.946,0.0
14321,0.946,0.0
14322,0.946,0.0
14323,0.946,0.0
14324,0.946,0.0
14325,0.946,0.0
14326,0.946,0.0
14327,0.946,0.0
14328,0.946,0.0
14329,0.946,0.0
14330,0.946,19.74
14331,0.946,0.0
14332,0.946,0.0
14333,0.946,0.0
14334,0.946,0.0
14335,0.946,0.0
14336,0.946,0.0
14337,0.946,0.0
14338,0.946,0.0
14339,0.946,0.0
14340,0.946,0.0
14341,0.946,0.0
14342,0.946,0.0
14343,0.946,0.0
14344,0.946,0.0
14345,0.946,1.85
14346,0.946,0.0
14347,0.946,0.0
14348,0.946,14.39
14349,0.946,0.0
14350,0.946,22.77
14351,0.946,0.0
14352,0.946,0.05
14353,0.946,0.0
14354,0.946,0.0
14355,0.946,0.0
14356,0.946,0.0
14357,0.946,0.0
14358,0.946,0.0
14359,0.946,0.0
14360,0.946,1.88
14361,0.946,0.0
14362,0.946,0.0
14363,0.946,0.0
14364,0.946,0.0
14365,0.946,0.0
14366,0.946,0.0
14367,0.946,0.0
14368,0.946,1.13
14369,0.946,0.0
14370,0.946,1.03
14371,0.946,0.0
14372,0.946,20.98
14373,0.946,0.0
14374,0.946,0.0
14375,0.937,0.0
14376,0.937,0.0
14377,0.937,0.0
14378,0.937,0.0
14379,0.937,0.0
14380,0.937,0.0
14381,0.937,0.0
14382,0.937,0.0
14383,0.937,0.0
14384,0.937,0.0
14385,0.937,0.0
14386,0.937,0.0
14387,0.937,0.0
14388,0.937,0.0
14389,0.937,0.0
14390,0.937,0.0
14391,0.937,0.0
14392,0.937,0.0
14393,0.937,0.0
14394,0.937,0.0
14395,0.937,0.0
14396,0.937,0.0
14397,0.937,0.0
14398,0.937,3.71
14399,0.937,0.0
14400,0.937,0.0
14401,0.937,3.46
14402,0.937,7.45
14403,0.937,0.0
14404,0.937,0.0
14405,0.937,0.0
14406,0.937,0.0
14407,0.937,0.2
14408,0.937,0.0
14409,0.937,0.0
14410,0.937,0.0
14411,0.937,0.0
14412,0.937,0.0
14413,0.937,0.0
14414,0.937,0.0
14415,0.937,0.0
14416,0.937,0.0
14417,0.937,0.0
14418,0.937,0.0
14419,0.937,0.0
14420,0.937,0.0
14421,0.937,0.0
14422,0.937,0.0
14423,0.937,0.0
14424,0.937,0.0
14425,0.937,0.0
14426,0.937,0.0
14427,0.937,0.0
14428,0.937,0.0
14429,0.937,0.0
14430,0.937,0.0
14431,0.937,0.0
14432,0.937,0.0
14433,0.937,0.0
14434,0.937,0.0
14435,0.937,0.0
14436,0.937,0.0
14437,0.937,0.0
14438,0.937,0.0
14439,0.937,0.0
14440,0.937,0.0
14441,0.937,7.1
14442,0.937,0.0
14443,0.937,0.0
14444,0.937,0.0
14445,0.937,0.0
14446,0.937,0.0
14447,0.937,0.22
14448,0.937,0.0
14449,0.937,0.15
14450,0.937,0.71
14451,0.937,3.54
14452,0.937,15.06
14453,0.937,0.26
14454,0.937,23.35
14455,0.937,0.0
14456,0.937,0.0
14457,0.937,0.0
14458,0.937,0.0
14459,0.937,0.0
14460,0.937,0.0
14461,0.937,0.0
14462,0.937,0.0
14463,0.937,0.0
14464,0.937,0.0
14465,0.937,0.0
14466,0.937,0.0
14467,0.937,0.0
14468,0.937,0.0
14469,0.937,0.0
14470,0.937,0.0
14471,0.937,0.0
14472,0.937,0.0
14473,0.937,0.0
14474,0.937,0.0
14475,0.937,0.0
14476,0.937,0.0
14477,0.937,0.0
14478,0.937,0.0
14479,0.937,0.0
14480,0.937,0.0
14481,0.937,0.0
14482,0.937,0.0
14483,0.937,0.0
14484,0.937,0.0
14485,0.937,0.0
14486,0.937,0.0
14487,0.937,2.74
14488,0.937,26.69
14489,0.937,0.0
14490,0.937,0.61
14491,0.937,3.87
14492,0.937,0.28
14493,0.937,0.26
14494,0.937,0.0
14495,0.937,0.0
14496,0.937,0.0
14497,0.937,0.0
14498,0.937,0.0
14499,0.937,0.0
14500,0.937,0.0
14501,0.937,0.0
14502,0.937,0.0
14503,0.937,0.0
14504,0.937,0.0
14505,0.937,0.0
14506,0.937,0.0
14507,0.937,0.0
14508,0.937,0.0
14509,0.937,0.0
14510,0.937,0.0
14511,0.937,0.0
14512,0.937,0.0
14513,0.937,0.0
14514,0.937,0.0
14515,0.937,0.0
14516,0.937,0.0
14517,0.937,0.0
14518,0.937,0.0
14519,0.859,0.0
14520,0.859,0.0
14521,0.859,0.0
14522,0.859,0.0
14523,0.859,0.0
14524,0.859,0.0
14525,0.859,0.0
14526,0.859,0.0
14527,0.859,0.0
14528,0.859,0.0
14529,0.859,0.0
14530,0.859,0.0
14531,0.859,0.0
14532,0.859,0.01
14533,0.859,0.0
14534,0.859,0.0
14535,0.859,0.87
14536,0.859,0.95
14537,0.859,0.0
14538,0.859,0.0
14539,0.859,0.0
14540,0.859,0.03
14541,0.859,0.0
14542,0.859,0.0
14543,0.859,0.0
14544,0.859,0.0
14545,0.859,0.0
14546,0.859,0.0
14547,0.859,0.0
14548,0.859,0.0
14549,0.859,0.17
14550,0.859,0.0
14551,0.859,0.0
14552,0.859,0.0
14553,0.859,0.0
14554,0.859,0.0
14555,0.859,0.0
14556,0.859,0.0
14557,0.859,0.0
14558,0.859,0.0
14559,0.859,0.0
14560,0.859,0.0
14561,0.859,0.0
14562,0.859,0.0
14563,0.859,0.0
14564,0.859,0.0
14565,0.859,0.0
14566,0.859,0.0
14567,0.868,0.0
14568,0.868,0.0
14569,0.868,0.0
14570,0.868,0.0
14571,0.868,0.0
14572,0.868,0.0
14573,0.868,0.0
14574,0.868,0.0
14575,0.869,0.0
14576,0.869,0.0
14577,0.869,0.0
14578,0.869,0.0
14579,0.869,0.0
14580,0.869,0.2
14581,0.869,0.0
14582,0.869,0.0
14583,0.874,30.38
14584,0.874,10.8
14585,0.874,17.84
14586,0.874,20.75
14587,0.874,0.0
14588,0.874,0.0
14589,0.874,2.98
14590,0.874,0.0
14591,0.874,13.42
14592,0.874,0.01
14593,0.874,0.0
14594,0.874,0.0
14595,0.874,15.07
14596,0.874,12.0
14597,0.874,0.25
14598,0.874,0.0
14599,0.869,0.0
14600,0.869,20.42
14601,0.869,0.0
14602,0.869,0.01
14603,0.869,0.0
14604,0.869,0.0
14605,0.869,0.0
14606,0.869,0.0
14607,0.868,0.0
14608,0.868,0.0
14609,0.868,0.0
14610,0.868,0.0
14611,0.868,0.0
14612,0.868,0.0
14613,0.868,0.0
14614,0.868,0.0
14615,0.884,0.0
14616,0.884,0.0
14617,0.884,0.0
14618,0.884,0.0
14619,0.884,0.0
14620,0.884,0.0
14621,0.884,0.0
14622,0.884,0.0
14623,0.884,0.0
14624,0.884,0.0
14625,0.884,0.0
14626,0.884,0.0
14627,0.884,0.0
14628,0.884,0.0
14629,0.884,0.0
14630,0.884,0.0
14631,0.884,0.0
14632,0.884,0.0
14633,0.884,0.0
14634,0.884,0.0
14635,0.884,0.0
14636,0.884,0.0
14637,0.884,0.0
14638,0.884,0.0
14639,0.884,0.0
14640,0.884,0.0
14641,0.884,0.0
14642,0.884,0.0
14643,0.884,0.0
14644,0.884,0.0
14645,0.884,0.0
14646,0.884,0.0
14647,0.884,0.0
14648,0.884,0.0
14649,0.884,0.0
14650,0.884,0.0
14651,0.884,0.0
14652,0.884,0.0
14653,0.884,0.0
14654,0.884,0.0
14655,0.884,0.0
14656,0.884,0.0
14657,0.884,0.0
14658,0.884,0.0
14659,0.884,0.0
14660,0.884,0.0
14661,0.884,0.0
14662,0.884,0.0
14663,0.855,0.0
14664,0.855,0.0
14665,0.855,0.0
14666,0.855,0.0
14667,0.855,0.0
14668,0.855,0.0
14669,0.855,0.0
14670,0.855,0.0
14671,0.856,0.0
14672,0.856,0.0
14673,0.856,0.0
14674,0.856,0.0
14675,0.856,0.0
14676,0.856,0.0
14677,0.856,0.0
14678,0.856,0.0
14679,0.856,0.12
14680,0.856,0.83
14681,0.856,0.0
14682,0.856,0.0
14683,0.856,3.92
14684,0.856,0.0
14685,0.856,0.0
14686,0.856,0.0
14687,0.856,0.0
14688,0.856,0.0
14689,0.856,0.0
14690,0.856,0.0
14691,0.856,0.0
14692,0.856,0.0
14693,0.856,0.0
14694,0.856,0.0
14695,0.856,0.0
14696,0.856,0.0
14697,0.856,0.0
14698,0.856,0.0
14699,0.856,0.0
14700,0.856,0.0
14701,0.856,0.0
14702,0.856,0.0
14703,0.855,0.0
14704,0.855,0.0
14705,0.855,0.0
14706,0.855,0.0
14707,0.855,0.0
14708,0.855,0.0
14709,0.855,0.0
14710,0.855,0.0
14711,0.855,0.0
14712,0.855,0.0
14713,0.855,0.0
14714,0.855,1.84
14715,0.855,0.0
14716,0.855,0.0
14717,0.855,0.0
14718,0.855,0.0
14719,0.856,0.0
14720,0.856,0.0
14721,0.856,0.0
14722,0.856,0.0
14723,0.856,0.0
14724,0.856,0.0
14725,0.856,0.0
14726,0.856,0.0
14727,0.856,0.0
14728,0.856,0.0
14729,0.856,0.0
14730,0.856,0.0
14731,0.856,0.0
14732,0.856,0.0
14733,0.856,0.0
14734,0.856,0.0
14735,0.856,0.0
14736,0.856,0.0
14737,0.856,0.0
14738,0.856,0.0
14739,0.856,0.0
14740,0.856,0.0
14741,0.856,0.0
14742,0.856,0.0
14743,0.856,0.0
14744,0.856,0.0
14745,0.856,1.05
14746,0.856,0.0
14747,0.856,0.0
14748,0.856,0.0
14749,0.856,0.0
14750,0.856,0.0
14751,0.855,0.0
14752,0.855,0.0
14753,0.855,0.0
14754,0.855,0.0
14755,0.855,1.52
14756,0.855,0.0
14757,0.855,0.0
14758,0.855,0.0
14759,0.855,0.0
14760,0.855,0.0
14761,0.855,0.0
14762,0.855,0.0
14763,0.855,0.0
14764,0.855,0.0
14765,0.855,0.0
14766,0.855,0.0
14767,0.856,0.0
14768,0.856,0.0
14769,0.856,0.0
14770,0.856,0.0
14771,0.856,0.0
14772,0.856,0.0
14773,0.856,0.0
14774,0.856,0.0
14775,0.856,0.0
14776,0.856,0.0
14777,0.856,0.0
14778,0.856,0.0
14779,0.856,0.0
14780,0.856,0.44
14781,0.856,0.0
14782,0.856,0.0
14783,0.856,0.0
14784,0.856,0.0
14785,0.856,0.0
14786,0.856,0.0
14787,0.856,0.0
14788,0.856,0.0
14789,0.856,0.0
14790,0.856,0.0
14791,0.856,0.0
14792,0.856,0.0
14793,0.856,0.0
14794,0.856,0.0
14795,0.856,0.0
14796,0.856,0.0
14797,0.856,0.0
14798,0.856,0.0
14799,0.855,0.0
14800,0.855,0.0
14801,0.855,0.0
14802,0.855,0.0
14803,0.855,0.0
14804,0.855,0.0
14805,0.855,0.0
14806,0.855,0.0
14807,0.793,0.2
14808,0.793,12.43
14809,0.793,0.0
14810,0.793,0.0
14811,0.793,36.71
14812,0.793,1.15
14813,0.793,0.0
14814,0.793,4.23
14815,0.766,0.0
14816,0.766,0.0
14817,0.766,1.44
14818,0.766,0.0
14819,0.766,0.0
14820,0.766,0.0
14821,0.766,0.0
14822,0.766,0.0
14823,0.773,0.0
14824,0.773,0.0
14825,0.773,0.0
14826,0.773,0.0
14827,0.773,0.0
14828,0.773,0.0
14829,0.773,0.0
14830,0.773,0.0
14831,0.773,0.0
14832,0.773,0.0
14833,0.773,0.0
14834,0.773,0.0
14835,0.773,0.0
14836,0.773,0.0
14837,0.773,0.0
14838,0.773,0.0
14839,0.766,0.0
14840,0.766,0.0
14841,0.766,0.0
14842,0.766,0.0
14843,0.766,0.0
14844,0.766,0.0
14845,0.766,0.0
14846,0.766,0.0
14847,0.793,0.0
14848,0.793,0.0
14849,0.793,0.0
14850,0.793,0.0
14851,0.793,1.26
14852,0.793,0.0
14853,0.793,15.15
14854,0.793,7.05
14855,0.748,27.11
14856,0.748,5.07
14857,0.748,32.65
14858,0.748,0.0
14859,0.748,0.0
14860,0.748,0.0
14861,0.748,0.0
14862,0.748,0.0
14863,0.768,0.0
14864,0.768,0.0
14865,0.768,0.0
14866,0.768,0.16
14867,0.768,0.0
14868,0.768,0.0
14869,0.768,0.0
14870,0.768,0.0
14871,0.773,0.0
14872,0.773,0.0
14873,0.773,0.0
14874,0.773,0.0
14875,0.773,0.0
14876,0.773,0.0
14877,0.773,0.0
14878,0.773,0.0
14879,0.773,0.0
14880,0.773,0.0
14881,0.773,0.0
14882,0.773,0.0
14883,0.773,19.7
14884,0.773,0.0
14885,0.773,0.0
14886,0.773,0.0
14887,0.768,0.0
14888,0.768,15.11
14889,0.768,12.58
14890,0.768,31.68
14891,0.768,0.0
14892,0.768,25.91
14893,0.768,0.0
14894,0.768,0.09
14895,0.748,0.0
14896,0.748,0.0
14897,0.748,0.0
14898,0.748,0.0
14899,0.748,0.62
14900,0.748,0.0
14901,0.748,0.0
14902,0.748,0.0
14903,0.773,0.0
14904,0.773,0.0
14905,0.773,0.0
14906,0.773,0.0
14907,0.773,0.0
14908,0.773,0.0
14909,0.773,0.0
14910,0.773,0.0
14911,0.773,0.0
14912,0.773,0.0
14913,0.773,0.0
14914,0.773,0.0
14915,0.773,0.17
14916,0.773,0.0
14917,0.773,0.0
14918,0.773,0.0
14919,0.773,0.0
14920,0.773,0.0
14921,0.773,0.0
14922,0.773,0.0
14923,0.773,0.0
14924,0.773,0.0
14925,0.773,0.0
14926,0.773,0.0
14927,0.773,0.0
14928,0.773,0.0
14929,0.773,0.0
14930,0.773,0.0
14931,0.773,0.0
14932,0.773,0.0
14933,0.773,0.0
14934,0.773,0.0
14935,0.773,0.0
14936,0.773,0.0
14937,0.773,0.0
14938,0.773,0.0
14939,0.773,0.0
14940,0.773,0.0
14941,0.773,0.0
14942,0.773,0.0
14943,0.773,0.0
14944,0.773,0.0
14945,0.773,0.0
14946,0.773,0.0
14947,0.773,0.0
14948,0.773,0.0
14949,0.773,0.0
14950,0.773,0.0
14951,0.838,0.0
14952,0.838,0.01
14953,0.838,0.0
14954,0.838,0.0
14955,0.838,0.0
14956,0.838,3.14
14957,0.838,0.0
14958,0.838,0.0
14959,0.869,0.0
14960,0.869,0.0
14961,0.869,0.0
14962,0.869,0.0
14963,0.869,12.92
14964,0.869,12.91
14965,0.869,0.0
14966,0.869,4.86
14967,0.86,28.33
14968,0.86,20.35
14969,0.86,12.71
14970,0.86,8.11
14971,0.86,1.91
14972,0.86,0.0
14973,0.86,0.0
14974,0.86,0.0
14975,0.86,0.0
14976,0.86,0.0
14977,0.86,0.0
14978,0.86,0.02
14979,0.86,1.31
14980,0.86,0.0
14981,0.86,18.66
14982,0.86,12.5
14983,0.869,0.0
14984,0.869,1.13
14985,0.869,4.02
14986,0.869,29.68
14987,0.869,0.0
14988,0.869,0.0
14989,0.869,0.0
14990,0.869,0.0
14991,0.838,0.0
14992,0.838,0.0
14993,0.838,0.0
14994,0.838,0.0
14995,0.838,0.0
14996,0.838,0.0
14997,0.838,0.0
14998,0.838,0.0
14999,0.839,0.0
15000,0.839,0.0
15001,0.839,0.0
15002,0.839,0.0
15003,0.839,0.0
15004,0.839,0.0
15005,0.839,0.0
15006,0.839,0.0
15007,0.886,0.0
15008,0.886,0.0
15009,0.886,0.0
15010,0.886,0.0
15011,0.886,4.17
15012,0.886,22.53
15013,0.886,0.0
15014,0.886,0.0
15015,0.928,9.29
15016,0.928,1.41
15017,0.928,0.0
15018,0.928,0.0
15019,0.928,0.0
15020,0.928,0.05
15021,0.928,0.0
15022,0.928,2.61
15023,0.928,0.0
15024,0.928,0.0
15025,0.928,0.0
15026,0.928,0.0
15027,0.928,0.0
15028,0.928,0.0
15029,0.928,0.0
15030,0.928,0.0
15031,0.886,0.0
15032,0.886,0.0
15033,0.886,0.0
15034,0.886,0.0
15035,0.886,0.0
15036,0.886,0.0
15037,0.886,0.0
15038,0.886,0.0
15039,0.839,0.0
15040,0.839,0.0
15041,0.839,0.0
15042,0.839,0.0
15043,0.839,0.0
15044,0.839,0.0
15045,0.839,0.06
15046,0.839,0.0
15047,0.77,0.0
15048,0.77,0.0
15049,0.77,0.0
15050,0.77,0.0
15051,0.77,0.0
15052,0.77,0.0
15053,0.77,0.0
15054,0.77,0.0
15055,0.859,0.0
15056,0.859,0.0
15057,0.859,0.0
15058,0.859,0.0
15059,0.859,0.0
15060,0.859,0.0
15061,0.859,0.0
15062,0.859,0.0
15063,0.927,0.0
15064,0.927,0.0
15065,0.927,0.0
15066,0.927,0.0
15067,0.927,0.0
15068,0.927,0.0
15069,0.927,0.0
15070,0.927,0.0
15071,0.927,0.0
15072,0.927,0.0
15073,0.927,0.0
15074,0.927,0.0
15075,0.927,0.0
15076,0.927,0.0
15077,0.927,0.0
15078,0.927,0.0
15079,0.859,0.0
15080,0.859,0.0
15081,0.859,0.0
15082,0.859,0.0
15083,0.859,0.0
15084,0.859,0.0
15085,0.859,0.0
15086,0.859,0.0
15087,0.77,0.0
15088,0.77,0.0
15089,0.77,0.0
15090,0.77,0.0
15091,0.77,0.0
15092,0.77,0.0
15093,0.77,0.0
15094,0.77,0.0
15095,0.793,0.0
15096,0.793,0.0
15097,0.793,0.0
15098,0.793,0.0
15099,0.793,0.0
15100,0.793,0.0
15101,0.793,0.0
15102,0.793,0.0
15103,0.793,0.0
15104,0.793,0.0
15105,0.793,0.0
15106,0.793,0.0
15107,0.793,0.0
15108,0.793,0.0
15109,0.793,0.0
15110,0.793,0.0
15111,0.793,0.0
15112,0.793,0.0
15113,0.792,0.0
15114,0.792,0.0
15115,0.792,0.0
15116,0.792,0.0
15117,0.792,0.0
15118,0.792,0.0
15119,0.792,0.0
15120,0.792,0.0
15121,0.792,0.0
15122,0.792,0.0
15123,0.792,0.0
15124,0.792,0.0
15125,0.792,0.0
15126,0.792,0.0
15127,0.792,0.0
15128,0.792,0.0
15129,0.792,0.0
15130,0.792,0.0
15131,0.886,15.95
15132,0.886,16.1
15133,0.886,12.21
15134,0.886,10.08
15135,0.886,29.92
15136,0.886,39.02
15137,0.886,5.09
15138,0.886,13.12
15139,0.895,11.44
15140,0.895,42.58
15141,0.895,0.19
15142,0.895,24.92
15143,0.895,24.32
15144,0.895,40.64
15145,0.895,19.99
15146,0.895,29.6
15147,0.925,20.96
15148,0.925,12.7
15149,0.925,15.52
15150,0.925,0.0
15151,0.925,21.61
15152,0.925,37.7
15153,0.925,0.0
15154,0.925,1.64
15155,0.925,0.0
15156,0.925,0.0
15157,0.925,0.0
15158,0.925,0.0
15159,0.925,0.0
15160,0.925,0.0
15161,0.925,15.8
15162,0.925,0.41
15163,0.895,22.17
15164,0.895,19.9
15165,0.895,4.69
15166,0.895,27.26
15167,0.895,0.0
15168,0.895,2.8
15169,0.895,4.65
15170,0.895,1.97
15171,0.886,14.94
15172,0.886,10.63
15173,0.886,9.68
15174,0.886,2.5
15175,0.886,39.05
15176,0.886,26.99
15177,0.886,28.09
15178,0.886,25.99
15179,0.932,19.53
15180,0.932,5.03
15181,0.932,0.06
15182,0.932,0.67
15183,0.936,1.11
15184,0.936,1.92
15185,0.936,12.59
15186,0.936,8.02
15187,0.879,6.15
15188,0.879,2.34
15189,0.879,0.0
15190,0.879,1.29
15191,0.879,10.7
15192,0.879,19.41
15193,0.879,6.96
15194,0.879,33.45
15195,0.856,27.66
15196,0.856,21.52
15197,0.856,30.95
15198,0.856,21.81
15199,0.856,0.0
15200,0.856,0.0
15201,0.856,0.09
15202,0.856,0.0
15203,0.856,0.0
15204,0.856,0.0
15205,0.856,0.0
15206,0.856,0.0
15207,0.856,29.05
15208,0.856,18.4
15209,0.856,25.44
15210,0.856,14.45
15211,0.879,8.03
15212,0.879,16.34
15213,0.879,3.24
15214,0.879,11.15
15215,0.879,0.0
15216,0.879,0.0
15217,0.879,0.0
15218,0.879,0.0
15219,0.943,22.91
15220,0.943,4.08
15221,0.943,5.47
15222,0.943,4.31
15223,0.941,0.0
15224,0.941,18.88
15225,0.941,0.0
15226,0.941,0.0
15227,0.943,0.0
15228,0.943,0.0
15229,0.943,0.0
15230,0.943,0.0
15231,0.943,0.0
15232,0.943,0.0
15233,0.943,0.0
15234,0.943,0.0
15235,0.858,0.0
15236,0.858,0.0
15237,0.858,0.0
15238,0.858,0.0
15239,0.858,0.0
15240,0.858,0.02
15241,0.858,0.0
15242,0.858,0.0
15243,0.797,0.02
15244,0.797,0.05
15245,0.797,0.0
15246,0.797,0.0
15247,0.797,0.0
15248,0.797,0.0
15249,0.797,0.0
15250,0.797,0.0
15251,0.797,0.0
15252,0.797,0.0
15253,0.797,0.0
15254,0.797,0.0
15255,0.797,0.0
15256,0.797,0.0
15257,0.797,0.0
15258,0.797,0.0
15259,0.858,0.0
15260,0.858,0.0
15261,0.858,0.25
15262,0.858,0.0
15263,0.858,0.85
15264,0.858,0.0
15265,0.858,21.9
15266,0.858,0.54
15267,0.943,0.0
15268,0.943,0.12
15269,0.943,0.0
15270,0.943,0.0
15271,0.943,0.0
15272,0.943,0.0
15273,0.943,1.18
15274,0.943,1.64
15275,0.799,0.05
15276,0.799,0.0
15277,0.799,12.88
15278,0.799,0.0
15279,0.805,12.76
15280,0.805,13.59
15281,0.805,2.94
15282,0.805,1.73
15283,0.931,0.27
15284,0.931,0.0
15285,0.931,26.36
15286,0.931,2.4
15287,0.957,9.18
15288,0.957,18.54
15289,0.957,28.32
15290,0.957,40.09
15291,0.957,23.01
15292,0.957,22.92
15293,0.957,24.5
15294,0.957,39.76
15295,0.936,8.86
15296,0.942,27.13
15297,0.938,30.58
15298,0.945,37.69
15299,0.908,29.21
15300,0.915,38.66
15301,0.874,9.89
15302,0.878,19.17
15303,0.93,46.16
15304,0.93,32.79
15305,0.93,36.16
15306,0.93,25.55
15307,0.861,32.0
15308,0.892,42.08
15309,0.871,36.29
15310,0.845,40.21
15311,0.934,42.78
15312,0.928,31.01
15313,0.899,27.13
15314,0.909,40.17
15315,0.938,6.8
15316,0.903,5.02
15317,0.927,2.19
15318,0.934,4.08
15319,0.903,10.35
15320,0.903,3.34
15321,0.903,0.0
15322,0.903,1.59
15323,0.875,2.61
15324,0.875,8.44
15325,0.875,0.0
15326,0.875,2.43
15327,0.903,6.74
15328,0.903,8.93
15329,0.903,0.0
15330,0.903,0.54
15331,0.895,41.41
15332,0.895,37.68
15333,0.895,11.89
15334,0.895,20.09
15335,0.896,23.89
15336,0.896,37.57
15337,0.896,8.89
15338,0.896,10.72
15339,0.864,33.48
15340,0.864,19.46
15341,0.864,15.53
15342,0.864,12.09
15343,0.87,14.03
15344,0.87,35.95
15345,0.87,9.66
15346,0.87,2.74
15347,0.813,4.42
15348,0.813,0.0
15349,0.813,0.0
15350,0.813,0.0
15351,0.821,4.17
15352,0.821,20.54
15353,0.821,0.0
15354,0.821,0.0
15355,0.911,0.32
15356,0.911,0.0
15357,0.911,0.07
15358,0.911,5.17
15359,0.927,2.05
15360,0.927,1.03
15361,0.927,0.47
15362,0.927,0.0
15363,0.925,0.0
15364,0.925,0.0
15365,0.925,0.0
15366,0.925,0.5
15367,0.925,6.7
15368,0.925,1.15
15369,0.925,0.02
15370,0.925,4.04
15371,0.935,0.0
15372,0.935,0.04
15373,0.935,0.0
15374,0.935,0.0
15375,0.935,0.0
15376,0.935,0.0
15377,0.935,0.0
15378,0.935,1.55
15379,0.935,0.0
15380,0.935,22.58
15381,0.935,0.0
15382,0.935,0.42
15383,0.935,4.16
15384,0.935,0.02
15385,0.935,1.98
15386,0.935,0.0
15387,0.935,0.0
15388,0.935,0.0
15389,0.935,2.09
15390,0.935,2.08
15391,0.838,0.0
15392,0.838,11.99
15393,0.838,0.0
15394,0.838,2.56
15395,0.935,0.0
15396,0.935,1.63
15397,0.935,0.0
15398,0.935,0.0
15399,0.935,0.0
15400,0.935,0.01
15401,0.935,0.0
15402,0.935,2.11
15403,0.935,0.01
15404,0.935,0.0
15405,0.935,0.0
15406,0.935,0.0
15407,0.935,0.0
15408,0.935,0.0
15409,0.935,0.0
15410,0.935,0.0
15411,0.935,0.0
15412,0.935,0.0
15413,0.935,0.0
15414,0.935,0.0
15415,0.935,0.0
15416,0.935,0.0
15417,0.935,0.0
15418,0.935,0.0
15419,0.864,0.0
15420,0.864,0.0
15421,0.864,2.65
15422,0.864,0.83
15423,0.864,0.0
15424,0.864,0.0
15425,0.864,0.0
15426,0.864,0.0
15427,0.846,14.62
15428,0.846,0.02
15429,0.846,0.0
15430,0.846,0.0
15431,0.846,0.0
15432,0.846,0.0
15433,0.846,0.0
15434,0.846,0.0
15435,0.866,0.0
15436,0.866,0.0
15437,0.866,11.03
15438,0.866,25.8
15439,0.866,4.29
15440,0.866,0.0
15441,0.866,15.64
15442,0.866,27.64
15443,0.866,0.0
15444,0.866,0.0
15445,0.866,0.0
15446,0.866,0.0
15447,0.866,0.0
15448,0.866,14.36
15449,0.866,0.0
15450,0.866,0.0
15451,0.846,0.0
15452,0.846,0.0
15453,0.846,1.13
15454,0.846,2.0
15455,0.846,10.54
15456,0.846,0.14
15457,0.846,11.1
15458,0.846,6.46
15459,0.864,1.5
15460,0.864,2.68
15461,0.864,1.33
15462,0.864,0.0
15463,0.864,26.95
15464,0.864,2.36
15465,0.864,19.02
15466,0.864,18.91
15467,0.873,0.11
15468,0.873,11.14
15469,0.873,0.0
15470,0.873,0.0
15471,0.873,0.0
15472,0.873,3.49
15473,0.873,0.99
15474,0.873,5.11
15475,0.84,1.03
15476,0.84,5.2
15477,0.84,5.99
15478,0.84,6.99
15479,0.84,6.02
15480,0.84,0.0
15481,0.84,12.22
15482,0.84,9.79
15483,0.809,0.0
15484,0.809,0.0
15485,0.809,17.56
15486,0.809,9.28
15487,0.809,4.9
15488,0.809,6.58
15489,0.809,17.16
15490,0.809,1.47
15491,0.809,2.61
15492,0.809,2.54
15493,0.809,0.0
15494,0.809,0.0
15495,0.809,0.45
15496,0.809,1.99
15497,0.809,0.01
15498,0.809,1.98
15499,0.84,21.6
15500,0.84,24.72
15501,0.84,3.81
15502,0.84,30.95
15503,0.84,14.1
15504,0.84,2.84
15505,0.84,18.38
15506,0.84,19.25
15507,0.873,15.65
15508,0.873,20.36
15509,0.873,14.8
15510,0.873,29.62
15511,0.873,6.84
15512,0.873,19.14
15513,0.873,36.09
15514,0.873,25.26
15515,0.825,0.1
15516,0.825,0.37
15517,0.825,1.15
15518,0.825,0.99
15519,0.825,0.0
15520,0.825,0.0
15521,0.825,2.31
15522,0.825,0.0
15523,0.787,0.04
15524,0.787,7.97
15525,0.787,10.31
15526,0.787,0.04
15527,0.787,18.85
15528,0.787,0.18
15529,0.787,0.0
15530,0.787,8.06
15531,0.839,8.61
15532,0.839,0.04
15533,0.839,27.84
15534,0.839,0.0
15535,0.839,0.6
15536,0.839,0.1
15537,0.839,0.59
15538,0.839,0.0
15539,0.839,0.0
15540,0.839,0.0
15541,0.839,0.0
15542,0.839,3.99
15543,0.839,16.13
15544,0.839,12.71
15545,0.839,26.3
15546,0.839,15.7
15547,0.787,0.0
15548,0.787,33.36
15549,0.787,14.56
15550,0.787,23.15
15551,0.787,1.94
15552,0.787,9.01
15553,0.787,0.0
15554,0.787,0.0
15555,0.825,8.82
15556,0.825,0.29
15557,0.825,0.02
15558,0.825,0.0
15559,0.825,0.87
15560,0.825,9.14
15561,0.825,0.01
15562,0.825,0.0
15563,0.723,0.0
15564,0.723,0.0
15565,0.723,0.0
15566,0.723,0.0
15567,0.723,3.76
15568,0.723,6.94
15569,0.723,0.0
15570,0.723,0.01
15571,0.723,16.06
15572,0.723,0.78
15573,0.723,0.87
15574,0.723,11.01
15575,0.823,0.19
15576,0.823,0.02
15577,0.823,3.3
15578,0.823,2.47
15579,0.809,4.65
15580,0.809,3.69
15581,0.809,16.67
15582,0.809,13.31
15583,0.809,7.51
15584,0.809,2.3
15585,0.809,14.79
15586,0.809,7.98
15587,0.809,8.91
15588,0.809,14.05
15589,0.809,9.22
15590,0.809,26.42
15591,0.809,24.93
15592,0.809,19.15
15593,0.809,30.76
15594,0.809,17.3
15595,0.852,14.12
15596,0.852,21.05
15597,0.852,19.22
15598,0.852,35.1
15599,0.816,18.53
15600,0.816,21.64
15601,0.816,31.64
15602,0.816,20.09
15603,0.725,10.62
15604,0.725,15.15
15605,0.725,22.08
15606,0.725,35.48
15607,0.832,14.0
15608,0.832,17.83
15609,0.832,24.15
15610,0.832,25.38
15611,0.846,1.27
15612,0.846,29.3
15613,0.846,24.04
15614,0.846,26.53
15615,0.846,31.13
15616,0.846,0.08
15617,0.846,29.52
15618,0.846,10.43
15619,0.814,11.41
15620,0.814,15.03
15621,0.814,7.66
15622,0.814,0.0
15623,0.814,17.26
15624,0.814,1.22
15625,0.814,5.1
15626,0.814,10.87
15627,0.845,8.81
15628,0.845,2.26
15629,0.845,0.0
15630,0.845,0.0
15631,0.845,5.88
15632,0.845,10.8
15633,0.845,5.98
15634,0.845,4.67
15635,0.845,12.87
15636,0.845,8.28
15637,0.845,18.53
15638,0.845,16.17
15639,0.845,0.18
15640,0.845,0.0
15641,0.845,23.22
15642,0.845,9.48
15643,0.814,15.32
15644,0.814,9.38
15645,0.814,19.35
15646,0.814,26.89
15647,0.814,9.07
15648,0.814,8.98
15649,0.814,16.43
15650,0.814,6.6
15651,0.846,9.74
15652,0.846,4.3
15653,0.846,0.0
15654,0.846,13.02
15655,0.846,18.85
15656,0.846,14.84
15657,0.846,22.23
15658,0.846,7.67
15659,0.823,0.0
15660,0.823,0.0
15661,0.823,0.01
15662,0.823,1.97
15663,0.823,0.0
15664,0.823,0.0
15665,0.823,4.55
15666,0.823,1.17
15667,0.778,7.15
15668,0.778,22.64
15669,0.778,0.0
15670,0.778,0.0
15671,0.778,22.96
15672,0.778,10.11
15673,0.778,0.0
15674,0.778,0.0
15675,0.783,12.3
15676,0.783,14.3
15677,0.783,13.97
15678,0.783,16.51
15679,0.783,3.22
15680,0.783,20.93
15681,0.783,34.86
15682,0.783,17.59
15683,0.783,27.29
15684,0.783,24.0
15685,0.783,6.71
15686,0.783,17.56
15687,0.783,0.0
15688,0.783,16.6
15689,0.783,0.01
15690,0.783,15.27
15691,0.778,0.0
15692,0.778,0.0
15693,0.778,0.0
15694,0.778,0.0
15695,0.778,0.0
15696,0.778,0.0
15697,0.778,0.0
15698,0.778,0.0
15699,0.823,30.87
15700,0.823,2.3
15701,0.823,15.73
15702,0.823,3.03
15703,0.823,6.85
15704,0.823,6.18
15705,0.823,2.42
15706,0.823,0.92
15707,0.898,23.52
15708,0.898,8.15
15709,0.898,31.19
15710,0.898,28.48
15711,0.898,6.49
15712,0.898,1.98
15713,0.898,12.76
15714,0.898,0.0
15715,0.787,12.43
15716,0.787,1.58
15717,0.787,0.04
15718,0.787,0.01
15719,0.787,33.14
15720,0.787,11.68
15721,0.787,4.48
15722,0.787,0.79
15723,0.814,30.1
15724,0.814,0.03
15725,0.814,21.49
15726,0.814,4.89
15727,0.814,0.0
15728,0.814,0.0
15729,0.814,0.04
15730,0.814,0.0
15731,0.814,0.0
15732,0.814,0.0
15733,0.814,0.0
15734,0.814,0.0
15735,0.814,23.41
15736,0.814,17.66
15737,0.814,11.52
15738,0.814,10.72
15739,0.787,0.28
15740,0.787,23.5
15741,0.787,8.66
15742,0.787,12.59
15743,0.787,0.0
15744,0.787,1.43
15745,0.787,2.0
15746,0.787,20.22
15747,0.898,0.0
15748,0.898,0.0
15749,0.898,1.37
15750,0.898,1.99
15751,0.898,30.03
15752,0.898,30.67
15753,0.898,23.58
15754,0.898,28.14
15755,0.874,21.42
15756,0.874,23.36
15757,0.874,0.0
15758,0.874,0.0
15759,0.874,2.59
15760,0.874,0.71
15761,0.874,0.0
15762,0.874,0.17
15763,0.83,2.37
15764,0.83,9.88
15765,0.83,3.53
15766,0.83,9.41
15767,0.83,19.93
15768,0.83,19.49
15769,0.83,11.61
15770,0.83,6.9
15771,0.831,16.86
15772,0.831,13.18
15773,0.831,8.68
15774,0.831,14.4
15775,0.831,0.0
15776,0.831,0.0
15777,0.831,0.08
15778,0.831,0.0
15779,0.831,0.32
15780,0.831,0.0
15781,0.831,0.05
15782,0.831,0.0
15783,0.831,1.88
15784,0.831,6.31
15785,0.831,0.0
15786,0.831,3.69
15787,0.83,21.07
15788,0.83,7.91
15789,0.83,22.54
15790,0.83,16.66
15791,0.83,6.7
15792,0.83,23.84
15793,0.83,0.0
15794,0.83,16.99
15795,0.874,1.67
15796,0.874,3.46
15797,0.874,0.47
15798,0.874,17.99
15799,0.874,30.65
15800,0.874,26.01
15801,0.874,32.23
15802,0.874,13.08
15803,0.915,2.14
15804,0.915,11.28
15805,0.915,1.61
15806,0.915,2.35
15807,0.915,11.35
15808,0.915,25.63
15809,0.915,7.48
15810,0.915,1.08
15811,0.848,6.01
15812,0.848,0.0
15813,0.848,3.82
15814,0.848,11.46
15815,0.848,1.51
15816,0.848,4.59
15817,0.848,3.39
15818,0.848,13.96
15819,0.865,0.0
15820,0.865,0.65
15821,0.865,8.47
15822,0.865,21.84
15823,0.865,37.51
15824,0.865,32.68
15825,0.865,36.48
15826,0.865,41.46
15827,0.865,2.29
15828,0.865,26.99
15829,0.865,28.21
15830,0.865,30.69
15831,0.865,26.55
15832,0.865,34.04
15833,0.865,34.51
15834,0.865,26.09
15835,0.848,30.99
15836,0.848,33.28
15837,0.848,29.75
15838,0.848,33.89
15839,0.848,8.47
15840,0.848,23.81
15841,0.848,9.33
15842,0.848,20.02
15843,0.915,23.65
15844,0.915,1.91
15845,0.915,11.38
15846,0.915,15.48
15847,0.915,6.48
15848,0.915,15.6
15849,0.915,17.33
15850,0.915,35.34
15851,0.838,3.94
15852,0.838,4.16
15853,0.838,0.0
15854,0.838,0.0
15855,0.838,2.3
15856,0.838,1.92
15857,0.838,0.0
15858,0.838,0.0
15859,0.887,1.92
15860,0.887,20.44
15861,0.887,0.0
15862,0.887,0.0
15863,0.887,41.53
15864,0.887,41.87
15865,0.887,18.02
15866,0.887,0.98
15867,0.888,42.24
15868,0.888,0.71
15869,0.888,0.0
15870,0.888,0.0
15871,0.888,9.5
15872,0.888,12.07
15873,0.888,28.06
15874,0.888,18.72
15875,0.888,12.33
15876,0.888,26.7
15877,0.888,5.48
15878,0.888,31.59
15879,0.888,0.0
15880,0.888,0.07
15881,0.888,0.0
15882,0.888,0.5
15883,0.887,0.0
15884,0.887,0.68
15885,0.887,0.0
15886,0.887,0.0
15887,0.887,0.0
15888,0.887,0.0
15889,0.887,0.0
15890,0.887,0.0
15891,0.838,0.0
15892,0.838,0.0
15893,0.838,0.0
15894,0.838,0.0
15895,0.838,2.49
15896,0.838,0.0
15897,0.838,8.4
15898,0.838,2.72
15899,0.852,35.33
15900,0.852,3.63
15901,0.852,29.99
15902,0.852,9.47
15903,0.852,2.75
15904,0.852,0.88
15905,0.852,4.13
15906,0.852,0.33
15907,0.823,0.0
15908,0.823,2.08
15909,0.823,0.0
15910,0.823,0.0
15911,0.823,0.0
15912,0.823,0.0
15913,0.823,0.0
15914,0.823,0.0
15915,0.865,0.0
15916,0.865,0.0
15917,0.865,0.0
15918,0.865,0.0
15919,0.865,0.29
15920,0.865,12.69
15921,0.865,17.06
15922,0.865,11.68
15923,0.865,0.02
15924,0.865,15.66
15925,0.865,12.05
15926,0.865,13.71
15927,0.865,0.0
15928,0.865,23.56
15929,0.865,0.0
15930,0.865,20.8
15931,0.823,0.0
15932,0.823,0.0
15933,0.823,1.1
15934,0.823,0.0
15935,0.823,0.0
15936,0.823,0.0
15937,0.823,0.0
15938,0.823,0.0
15939,0.852,31.06
15940,0.852,10.71
15941,0.852,27.6
15942,0.852,23.75
15943,0.852,28.23
15944,0.852,17.66
15945,0.852,12.72
15946,0.852,27.78
15947,0.897,10.22
15948,0.897,10.43
15949,0.897,3.69
15950,0.897,0.14
15951,0.897,30.48
15952,0.897,25.67
15953,0.897,13.38
15954,0.897,0.03
15955,0.869,1.07
15956,0.869,0.0
15957,0.869,2.25
15958,0.869,0.0
15959,0.896,0.0
15960,0.896,0.0
15961,0.896,0.0
15962,0.896,0.0
15963,0.894,1.83
15964,0.894,0.0
15965,0.894,1.96
15966,0.894,2.0
15967,0.922,0.01
15968,0.922,0.0
15969,0.922,2.23
15970,0.922,12.25
15971,0.917,18.78
15972,0.917,9.5
15973,0.917,1.33
15974,0.917,9.43
15975,0.909,0.0
15976,0.909,4.09
15977,0.909,25.09
15978,0.909,10.81
15979,0.963,0.83
15980,0.963,8.31
15981,0.963,4.32
15982,0.963,11.82
15983,0.878,0.18
15984,0.878,0.75
15985,0.878,0.23
15986,0.878,3.63
15987,0.897,0.0
15988,0.897,1.24
15989,0.897,0.01
15990,0.897,0.14
15991,0.897,0.0
15992,0.897,0.0
15993,0.897,0.0
15994,0.897,0.0
15995,0.862,0.0
15996,0.862,6.81
15997,0.862,13.08
15998,0.862,10.41
15999,0.862,6.69
16000,0.862,5.05
16001,0.862,16.01
16002,0.862,8.04
16003,0.857,0.01
16004,0.857,0.53
16005,0.857,0.0
16006,0.857,0.0
16007,0.857,0.0
16008,0.857,2.63
16009,0.857,0.0
16010,0.857,0.77
16011,0.87,0.68
16012,0.87,1.84
16013,0.87,0.02
16014,0.87,0.0
16015,0.87,1.36
16016,0.87,5.71
16017,0.87,3.61
16018,0.87,2.19
16019,0.87,2.51
16020,0.87,4.39
16021,0.87,0.01
16022,0.87,8.36
16023,0.87,0.0
16024,0.87,0.0
16025,0.87,0.0
16026,0.87,0.0
16027,0.857,0.64
16028,0.857,0.0
16029,0.857,6.09
16030,0.857,0.0
16031,0.857,29.03
16032,0.857,11.61
16033,0.857,30.79
16034,0.857,6.99
16035,0.862,8.22
16036,0.862,16.83
16037,0.862,0.13
16038,0.862,3.16
16039,0.862,27.78
16040,0.862,21.37
16041,0.862,0.4
16042,0.862,17.71
16043,0.829,8.52
16044,0.829,0.02
16045,0.829,13.92
16046,0.829,0.03
16047,0.829,11.12
16048,0.829,25.19
16049,0.829,16.17
16050,0.829,0.0
16051,0.849,0.01
16052,0.849,0.0
16053,0.849,1.4
16054,0.849,0.66
16055,0.849,0.01
16056,0.849,3.74
16057,0.849,0.0
16058,0.849,0.0
16059,0.859,0.0
16060,0.859,0.0
16061,0.859,0.0
16062,0.859,0.0
16063,0.859,0.0
16064,0.859,27.2
16065,0.859,0.0
16066,0.859,15.63
16067,0.859,2.52
16068,0.859,7.62
16069,0.859,13.99
16070,0.859,33.68
16071,0.859,0.0
16072,0.859,0.01
16073,0.859,0.0
16074,0.859,0.01
16075,0.849,4.25
16076,0.849,0.0
16077,0.849,14.56
16078,0.849,16.64
16079,0.849,10.07
16080,0.849,0.0
16081,0.849,0.0
16082,0.849,8.16
16083,0.829,4.03
16084,0.829,3.14
16085,0.829,0.0
16086,0.829,0.0
16087,0.829,2.53
16088,0.829,4.51
16089,0.829,0.0
16090,0.829,0.0
16091,0.824,5.96
16092,0.824,0.0
16093,0.824,0.0
16094,0.824,0.0
16095,0.824,0.0
16096,0.824,0.0
16097,0.824,0.0
16098,0.824,0.0
16099,0.866,0.0
16100,0.866,0.0
16101,0.866,0.0
16102,0.866,0.0
16103,0.866,0.0
16104,0.866,17.78
16105,0.866,0.0
16106,0.866,0.0
16107,0.855,9.59
16108,0.855,10.16
16109,0.855,0.0
16110,0.855,0.01
16111,0.855,7.5
16112,0.855,12.33
16113,0.855,7.04
16114,0.855,37.43
16115,0.855,16.35
16116,0.855,18.96
16117,0.855,3.97
16118,0.855,12.33
16119,0.855,0.0
16120,0.855,0.0
16121,0.855,0.73
16122,0.855,6.94
16123,0.866,0.0
16124,0.866,0.0
16125,0.866,0.0
16126,0.866,0.0
16127,0.866,0.0
16128,0.866,0.0
16129,0.866,0.0
16130,0.866,0.0
16131,0.824,0.0
16132,0.824,0.0
16133,0.824,0.0
16134,0.824,0.0
16135,0.824,0.0
16136,0.824,0.0
16137,0.824,0.0
16138,0.824,0.0
16139,0.648,36.45
16140,0.648,21.65
16141,0.648,37.46
16142,0.648,35.5
16143,0.648,23.68
16144,0.648,3.68
16145,0.648,37.26
16146,0.648,19.5
16147,0.68,35.83
16148,0.68,34.39
16149,0.68,28.15
16150,0.68,21.5
16151,0.68,24.56
16152,0.68,11.87
16153,0.68,23.7
16154,0.68,21.86
16155,0.676,0.0
16156,0.676,27.7
16157,0.676,20.94
16158,0.676,22.2
16159,0.676,36.09
16160,0.676,43.89
16161,0.676,29.29
16162,0.676,31.5
16163,0.676,35.33
16164,0.676,33.25
16165,0.676,18.33
16166,0.676,8.03
16167,0.676,4.21
16168,0.676,6.53
16169,0.676,2.3
16170,0.676,1.83
16171,0.68,27.97
16172,0.68,31.49
16173,0.68,27.41
16174,0.68,33.66
16175,0.68,5.79
16176,0.68,7.37
16177,0.68,0.03
16178,0.68,9.91
16179,0.648,36.4
16180,0.648,35.17
16181,0.648,36.36
16182,0.648,32.62
16183,0.648,17.92
16184,0.648,32.34
16185,0.648,13.43
16186,0.648,1.29
16187,0.707,38.38
16188,0.707,13.84
16189,0.707,30.67
16190,0.707,2.89
16191,0.707,20.42
16192,0.707,33.72
16193,0.707,0.0
16194,0.707,16.75
16195,0.694,27.59
16196,0.694,24.77
16197,0.694,26.11
16198,0.694,30.76
16199,0.694,12.24
16200,0.694,11.16
16201,0.694,13.0
16202,0.694,24.65
16203,0.779,19.95
16204,0.779,0.0
16205,0.779,20.84
16206,0.779,0.0
16207,0.779,0.0
16208,0.779,0.27
16209,0.779,0.0
16210,0.779,0.0
16211,0.779,0.0
16212,0.779,0.0
16213,0.779,3.81
16214,0.779,0.26
16215,0.779,18.77
16216,0.779,0.0
16217,0.779,31.15
16218,0.779,0.0
16219,0.694,20.67
16220,0.694,20.92
16221,0.694,29.23
16222,0.694,11.48
16223,0.694,23.33
16224,0.694,36.66
16225,0.694,11.1
16226,0.694,17.94
16227,0.707,0.0
16228,0.707,0.0
16229,0.707,0.0
16230,0.707,0.0
16231,0.707,11.38
16232,0.707,0.0
16233,0.707,0.0
16234,0.707,0.0
16235,0.697,0.0
16236,0.697,0.0
16237,0.697,7.67
16238,0.697,9.3
16239,0.697,0.0
16240,0.697,2.01
16241,0.697,28.11
16242,0.697,11.27
16243,0.718,0.0
16244,0.718,1.46
16245,0.718,0.0
16246,0.718,5.19
16247,0.718,31.5
16248,0.718,3.99
16249,0.718,25.97
16250,0.718,2.27
16251,0.784,21.42
16252,0.784,0.0
16253,0.784,17.07
16254,0.784,1.31
16255,0.784,0.0
16256,0.784,1.13
16257,0.784,9.03
16258,0.784,8.64
16259,0.784,23.3
16260,0.784,5.18
16261,0.784,26.18
16262,0.784,21.69
16263,0.784,15.26
16264,0.784,25.27
16265,0.784,32.06
16266,0.784,29.17
16267,0.718,27.03
16268,0.718,3.28
16269,0.718,35.01
16270,0.718,32.21
16271,0.718,0.0
16272,0.718,16.75
16273,0.718,0.9
16274,0.718,11.41
16275,0.697,25.45
16276,0.697,15.53
16277,0.697,0.03
16278,0.697,2.3
16279,0.697,3.55
16280,0.697,1.71
16281,0.697,1.64
16282,0.697,0.0
16283,0.81,6.85
16284,0.81,25.6
16285,0.81,4.43
16286,0.81,3.47
16287,0.822,29.72
16288,0.822,5.6
16289,0.822,34.52
16290,0.822,22.94
16291,0.736,1.97
16292,0.736,2.02
16293,0.736,7.31
16294,0.736,0.0
16295,0.707,29.22
16296,0.707,20.22
16297,0.707,1.11
16298,0.707,0.56
16299,0.743,37.13
16300,0.743,36.04
16301,0.743,15.6
16302,0.743,18.41
16303,0.743,26.54
16304,0.743,33.06
16305,0.743,18.95
16306,0.743,15.23
16307,0.743,5.58
16308,0.743,6.88
16309,0.743,20.03
16310,0.743,27.41
16311,0.743,17.71
16312,0.743,2.53
16313,0.743,37.53
16314,0.743,27.14
16315,0.836,9.94
16316,0.836,20.95
16317,0.836,39.0
16318,0.836,33.38
16319,0.867,19.7
16320,0.867,14.81
16321,0.867,31.93
16322,0.867,25.35
16323,0.848,31.69
16324,0.848,22.06
16325,0.848,30.36
16326,0.848,29.78
16327,0.842,8.97
16328,0.842,24.38
16329,0.842,13.59
16330,0.842,30.42
16331,0.865,1.98
16332,0.865,4.07
16333,0.865,3.64
16334,0.865,3.9
16335,0.865,23.31
16336,0.865,22.4
16337,0.865,2.11
16338,0.865,5.47
16339,0.829,22.77
16340,0.829,21.21
16341,0.829,15.5
16342,0.829,23.84
16343,0.863,37.97
16344,0.863,37.62
16345,0.863,24.94
16346,0.863,24.88
16347,0.849,18.7
16348,0.849,25.03
16349,0.849,4.53
16350,0.849,33.85
16351,0.849,21.15
16352,0.849,38.72
16353,0.849,33.39
16354,0.849,34.44
16355,0.849,31.33
16356,0.849,30.41
16357,0.849,35.41
16358,0.849,36.4
16359,0.849,3.0
16360,0.849,1.58
16361,0.849,0.0
16362,0.849,3.48
16363,0.864,18.65
16364,0.864,11.88
16365,0.864,2.96
16366,0.864,0.15
16367,0.84,4.29
16368,0.84,6.3
16369,0.84,8.98
16370,0.84,5.09
16371,0.865,5.12
16372,0.865,0.98
16373,0.865,1.41
16374,0.865,5.41
16375,0.865,0.0
16376,0.865,3.47
16377,0.865,0.0
16378,0.865,0.0
16379,0.92,0.0
16380,0.92,0.0
16381,0.92,0.0
16382,0.92,0.0
16383,0.92,0.0
16384,0.92,0.38
16385,0.92,3.56
16386,0.92,0.0
16387,0.849,3.86
16388,0.849,7.76
16389,0.849,0.0
16390,0.849,36.01
16391,0.849,3.63
16392,0.849,3.93
16393,0.849,21.74
16394,0.849,1.21
16395,0.876,1.07
16396,0.876,0.0
16397,0.876,0.71
16398,0.876,0.19
16399,0.841,11.82
16400,0.841,0.0
16401,0.841,4.22
16402,0.841,1.38
16403,0.855,0.4
16404,0.855,0.77
16405,0.855,16.0
16406,0.855,4.57
16407,0.858,26.64
16408,0.858,0.17
16409,0.858,0.01
16410,0.858,28.46
16411,0.849,41.99
16412,0.849,16.27
16413,0.849,21.98
16414,0.849,25.19
16415,0.849,0.0
16416,0.849,22.45
16417,0.849,0.0
16418,0.849,11.7
16419,0.92,0.0
16420,0.92,0.0
16421,0.92,0.0
16422,0.92,1.72
16423,0.92,0.0
16424,0.92,0.0
16425,0.92,0.0
16426,0.92,0.0
16427,0.908,0.0
16428,0.908,0.0
16429,0.928,0.0
16430,0.908,0.0
16431,0.908,0.0
16432,0.869,2.02
16433,0.94,14.54
16434,0.917,2.42
16435,0.953,2.4
16436,0.964,3.21
16437,0.909,0.33
16438,0.861,2.91
16439,0.87,1.82
16440,0.911,0.22
16441,0.91,0.0
16442,0.911,0.6
16443,0.911,0.0
16444,0.911,0.0
16445,0.91,0.47
16446,0.894,0.0
16447,0.961,2.7
16448,0.899,0.0
16449,0.864,0.0
16450,0.839,0.0
16451,0.839,0.0
16452,0.863,0.0
16453,0.875,0.0
16454,0.877,0.0
16455,0.877,0.0
16456,0.877,0.0
16457,0.877,0.0
16458,0.877,0.0
16459,0.877,0.0
16460,0.877,0.0
16461,0.877,0.0
16462,0.877,0.0
16463,0.877,0.0
16464,0.877,0.0
16465,0.877,0.0
16466,0.877,0.0
16467,0.877,0.0
16468,0.877,0.0
16469,0.877,0.0
16470,0.877,0.09
16471,0.877,0.0
16472,0.877,0.0
16473,0.877,0.0
16474,0.877,0.0
16475,0.877,0.0
16476,0.877,0.0
16477,0.877,0.0
16478,0.877,0.0
16479,0.877,0.0
16480,0.877,0.0
16481,0.877,0.0
16482,0.877,0.64
16483,0.877,0.0
16484,0.877,0.0
16485,0.877,0.0
16486,0.877,0.0
16487,0.877,0.29
16488,0.877,0.0
16489,0.877,0.0
16490,0.877,1.65
16491,0.877,0.0
16492,0.877,0.51
16493,0.877,0.0
16494,0.877,0.0
16495,0.877,0.0
16496,0.877,0.35
16497,0.877,1.7
16498,0.877,0.0
16499,0.877,0.0
16500,0.877,0.0
16501,0.877,0.0
16502,0.877,0.0
16503,0.877,0.0
16504,0.877,0.0
16505,0.877,0.0
16506,0.877,0.0
16507,0.877,0.51
16508,0.877,0.0
16509,0.877,0.0
16510,0.877,0.0
16511,0.877,0.0
16512,0.877,0.0
16513,0.877,0.0
16514,0.877,0.0
16515,0.877,0.0
16516,0.877,0.0
16517,0.877,0.0
16518,0.877,0.52
16519,0.877,0.0
16520,0.877,0.0
16521,0.877,0.0
16522,0.877,0.0
16523,0.877,0.0
16524,0.877,0.0
16525,0.877,0.0
16526,0.877,1.06
16527,0.877,0.0
16528,0.877,0.0
16529,0.877,0.0
16530,0.877,1.28
16531,0.877,0.0
16532,0.877,0.0
16533,0.877,0.0
16534,0.877,0.0
16535,0.877,0.0
16536,0.877,0.0
16537,0.877,0.0
16538,0.877,0.0
16539,0.877,0.0
16540,0.877,0.95
16541,0.877,0.0
16542,0.877,0.0
16543,0.877,0.0
16544,0.877,1.32
16545,0.877,2.23
16546,0.877,0.0
16547,0.877,0.0
16548,0.877,0.0
16549,0.877,0.0
16550,0.877,10.55
16551,0.877,12.72
16552,0.877,0.71
16553,0.877,21.67
16554,0.877,6.46
16555,0.877,4.9
16556,0.877,17.87
16557,0.877,15.85
16558,0.877,4.08
16559,0.877,1.92
16560,0.877,8.89
16561,0.877,4.1
16562,0.877,0.0
16563,0.877,0.0
16564,0.877,3.12
16565,0.877,0.0
16566,0.877,0.0
16567,0.877,0.0
16568,0.877,0.0
16569,0.877,0.0
16570,0.877,0.0
16571,0.877,0.0
16572,0.877,0.3
16573,0.877,0.0
16574,0.877,0.0
16575,0.877,0.0
16576,0.877,0.0
16577,0.877,0.0
16578,0.877,0.0
16579,0.877,0.21
16580,0.877,21.63
16581,0.877,4.75
16582,0.877,0.25
16583,0.877,0.0
16584,0.877,0.0
16585,0.877,11.25
16586,0.877,1.07
16587,0.877,0.0
16588,0.877,0.0
16589,0.877,1.48
16590,0.877,16.14
16591,0.877,4.75
16592,0.877,2.7
16593,0.877,0.38
16594,0.877,0.0
16595,0.877,22.4
16596,0.877,0.0
16597,0.877,7.41
16598,0.863,0.0
16599,0.831,0.0
16600,0.787,0.0
16601,0.787,0.0
16602,0.787,0.0
16603,0.787,0.0
16604,0.883,0.0
16605,0.889,0.0
16606,0.846,0.0
16607,0.904,0.0
16608,0.833,17.4
16609,0.907,10.02
16610,0.858,4.07
16611,0.839,0.83
16612,0.784,0.0
16613,0.916,0.0
16614,0.841,0.0
16615,0.917,4.93
16616,0.893,15.14
16617,0.907,0.04
16618,0.918,1.84
16619,0.888,3.68
16620,0.881,0.05
16621,0.904,0.0
16622,0.88,0.0
16623,0.868,0.0
16624,0.85,11.37
16625,0.855,1.52
16626,0.866,0.0
16627,0.835,1.02
16628,0.836,0.0
16629,0.84,3.52
16630,0.835,0.17
16631,0.835,0.0
16632,0.921,0.0
16633,0.921,0.0
16634,0.921,0.0
16635,0.921,0.0
16636,0.909,0.65
16637,0.905,1.9
16638,0.903,0.0
16639,0.904,0.0
16640,0.906,0.0
16641,0.919,0.0
16642,0.919,0.0
16643,0.953,0.0
16644,0.927,0.0
16645,0.921,0.0
16646,0.87,0.0
16647,0.903,0.0
16648,0.903,0.0
16649,0.871,0.0
16650,0.941,0.0
16651,0.812,1.87
16652,0.956,3.44
16653,0.946,0.0
16654,0.947,0.0
16655,0.903,0.0
16656,0.904,0.0
16657,0.904,0.0
16658,0.911,0.0
16659,0.937,0.0
16660,0.935,3.47
16661,0.937,0.0
16662,0.81,1.1
16663,0.937,0.0
16664,0.877,0.33
16665,0.877,10.28
16666,0.877,0.66
16667,0.877,14.19
16668,0.877,0.0
16669,0.877,2.61
16670,0.877,21.54
16671,0.877,3.47
16672,0.877,0.34
16673,0.877,3.83
16674,0.877,1.73
16675,0.877,8.75
16676,0.877,0.0
16677,0.877,0.0
16678,0.877,1.75
16679,0.877,5.83
16680,0.877,0.0
16681,0.877,0.0
16682,0.877,0.48
16683,0.877,0.0
16684,0.877,0.0
16685,0.877,0.0
16686,0.877,0.0
16687,0.877,0.0
16688,0.877,1.3
16689,0.877,1.07
16690,0.877,0.0
16691,0.877,0.28
16692,0.877,2.79
16693,0.877,0.0
16694,0.877,0.0
16695,0.877,0.0
16696,0.877,0.77
16697,0.877,4.36
16698,0.877,0.0
16699,0.877,0.05
16700,0.877,3.18
16701,0.877,9.9
16702,0.877,0.0
16703,0.877,0.0
16704,0.877,13.7
16705,0.877,8.59
16706,0.877,7.11
16707,0.877,0.0
16708,0.877,0.0
16709,0.877,0.0
16710,0.877,0.0
16711,0.877,14.7
16712,0.877,2.87
16713,0.877,11.49
16714,0.877,0.97
16715,0.877,0.5
16716,0.877,10.02
16717,0.877,5.84
16718,0.877,11.36
16719,0.877,0.0
16720,0.877,0.0
16721,0.877,0.0
16722,0.877,0.0
16723,0.877,0.0
16724,0.877,0.0
16725,0.877,0.0
16726,0.877,0.0
16727,0.877,3.55
16728,0.877,0.0
16729,0.877,0.0
16730,0.877,4.3
16731,0.877,0.0
16732,0.877,2.17
16733,0.877,0.0
16734,0.877,0.0
16735,0.877,0.95
16736,0.877,0.0
16737,0.877,0.0
16738,0.877,0.0
16739,0.877,0.0
16740,0.877,15.51
16741,0.877,1.87
16742,0.877,2.25
16743,0.877,2.28
16744,0.877,6.18
16745,0.877,14.49
16746,0.877,3.16
16747,0.877,2.2
16748,0.877,0.0
16749,0.877,22.35
16750,0.877,2.09
16751,0.877,0.03
16752,0.877,9.83
16753,0.877,0.0
16754,0.877,0.0
16755,0.877,0.0
16756,0.877,2.92
16757,0.877,0.26
16758,0.877,0.13
16759,0.877,0.0
16760,0.877,0.0
16761,0.877,1.02
16762,0.877,0.7
16763,0.877,0.0
16764,0.877,0.0
16765,0.877,1.04
16766,0.877,0.0
16767,0.877,0.0
16768,0.877,0.0
16769,0.877,0.0
16770,0.877,0.0
16771,0.877,0.0
16772,0.877,1.77
16773,0.877,2.42
16774,0.877,0.89
16775,0.877,0.0
16776,0.877,1.64
16777,0.877,0.0
16778,0.877,0.56
16779,0.877,2.69
16780,0.877,0.0
16781,0.877,0.26
16782,0.877,0.0
16783,0.877,0.0
16784,0.877,1.02
16785,0.877,2.32
16786,0.877,0.0
16787,0.877,0.0
16788,0.877,0.0
16789,0.877,0.0
16790,0.877,0.0
16791,0.877,0.0
16792,0.877,0.05
16793,0.877,0.0
16794,0.877,0.0
16795,0.877,0.0
16796,0.877,0.0
16797,0.877,0.0
16798,0.877,0.0
16799,0.877,0.0
16800,0.877,7.58
16801,0.877,0.62
16802,0.877,2.24
16803,0.877,0.0
16804,0.877,0.0
16805,0.877,6.55
16806,0.877,0.0
16807,0.877,0.0
16808,0.914,0.0
16809,0.908,0.0
16810,0.905,0.0
16811,0.914,0.0
16812,0.914,0.0
16813,0.882,0.0
16814,0.914,0.0
16815,0.801,0.0
16816,0.811,0.0
16817,0.89,0.0
16818,0.907,0.0
16819,0.91,3.36
16820,0.892,10.03
16821,0.913,0.0
16822,0.827,0.0
16823,0.905,0.0
16824,0.893,0.43
16825,0.876,1.02
16826,0.858,0.0
16827,0.944,0.0
16828,0.924,0.0
16829,0.914,0.0
16830,0.882,0.0
16831,0.882,0.0
16832,0.927,0.13
16833,0.921,0.0
16834,0.924,0.0
16835,0.933,1.41
16836,0.906,6.39
16837,0.809,9.94
16838,0.917,0.0
16839,0.89,0.33
16840,0.877,3.62
16841,0.885,5.18
16842,0.921,12.35
16843,0.914,0.0
16844,0.926,0.0
16845,0.949,0.0
16846,0.942,0.0
16847,0.923,0.0
16848,0.949,0.0
16849,0.942,0.0
16850,0.942,0.0
16851,0.94,0.0
16852,0.942,0.0
16853,0.918,0.0
16854,0.887,0.0
16855,0.869,0.36
16856,0.845,0.0
16857,0.894,0.0
16858,0.912,0.0
16859,0.934,0.0
16860,0.883,0.0
16861,0.886,0.0
16862,0.965,3.91
16863,0.883,0.0
16864,0.971,0.7
16865,0.884,0.0
16866,0.883,0.0
16867,0.883,0.0
16868,0.912,11.87
16869,0.972,0.0
16870,0.883,0.0
16871,0.951,0.0
16872,0.923,0.0
16873,0.902,0.0
16874,0.939,0.0
16875,0.933,0.0
16876,0.929,0.0
16877,0.923,0.0
16878,0.926,5.23
16879,0.94,3.37
16880,0.922,7.28
16881,0.922,0.0
16882,0.955,7.69
16883,0.94,1.42
16884,0.929,0.07
16885,0.878,0.0
16886,0.885,0.81
16887,0.934,0.0
16888,0.932,6.1
16889,0.929,9.98
16890,0.948,0.0
16891,0.948,0.0
16892,0.94,0.0
16893,0.937,1.23
16894,0.926,0.0
16895,0.938,3.02
16896,0.948,0.0
16897,0.94,0.0
16898,0.948,0.0
16899,0.953,0.83
16900,0.933,0.0
16901,0.925,0.0
16902,0.938,0.0
16903,0.938,1.67
16904,0.932,1.35
16905,0.921,0.0
16906,0.925,0.0
16907,0.926,0.0
16908,0.926,0.0
16909,0.926,0.0
16910,0.931,0.17
16911,0.929,0.0
16912,0.933,0.0
16913,0.948,0.0
16914,0.923,0.0
16915,0.921,0.0
16916,0.921,0.0
16917,0.923,0.0
16918,0.927,0.0
16919,0.928,0.0
16920,0.928,0.0
16921,0.921,0.0
16922,0.973,0.0
16923,0.946,0.0
16924,0.973,3.35
16925,0.921,0.0
16926,0.921,0.0
16927,0.912,0.0
16928,0.91,0.0
16929,0.918,0.0
16930,0.914,0.01
16931,0.918,0.6
16932,0.929,0.0
16933,0.929,0.0
16934,0.908,0.0
16935,0.908,0.0
16936,0.888,0.0
16937,0.888,0.0
16938,0.908,0.0
16939,0.888,0.49
16940,0.912,0.21
16941,0.903,2.94
16942,0.895,0.08
16943,0.914,7.27
16944,0.904,0.0
16945,0.903,1.53
16946,0.908,0.0
16947,0.936,0.0
16948,0.934,0.0
16949,0.945,0.0
16950,0.941,0.0
16951,0.941,0.0
16952,0.942,0.0
16953,0.942,0.5
16954,0.947,0.0
16955,0.863,0.0
16956,0.887,0.58
16957,0.888,0.29
16958,0.888,0.0
16959,0.873,0.0
16960,0.863,0.0
16961,0.863,0.0
16962,0.863,0.0
16963,0.863,0.24
16964,0.888,0.0
16965,0.911,0.0
16966,0.911,0.39
16967,0.911,0.3
16968,0.91,0.0
16969,0.91,0.0
16970,0.911,0.0
16971,0.911,0.0
16972,0.941,0.0
16973,0.96,10.14
16974,0.861,1.59
16975,0.952,0.0
16976,0.952,0.0
16977,0.952,0.0
16978,0.94,3.19
16979,0.907,0.51
16980,0.952,0.0
16981,0.871,0.0
16982,0.944,4.3
16983,0.871,0.0
16984,0.871,0.0
16985,0.893,2.7
16986,0.961,5.2
16987,0.936,0.05
16988,0.949,4.91
16989,0.871,0.0
16990,0.878,0.37
16991,0.961,0.34
16992,0.856,17.34
16993,0.93,11.57
16994,0.904,6.76
16995,0.927,5.73
16996,0.844,13.84
16997,0.893,14.92
16998,0.866,9.32
16999,0.892,10.96
17000,0.928,10.98
17001,0.9,12.76
17002,0.906,5.09
17003,0.911,5.33
17004,0.911,11.7
17005,0.921,15.6
17006,0.885,6.12
17007,0.84,10.48
17008,0.95,0.0
17009,0.95,0.0
17010,0.951,0.0
17011,0.952,1.69
17012,0.93,7.48
17013,0.931,12.19
17014,0.927,9.17
17015,0.911,1.82
17016,0.928,1.34
17017,0.918,2.13
17018,0.923,0.0
17019,0.911,5.18
17020,0.91,5.52
17021,0.848,0.0
17022,0.924,0.75
17023,0.88,0.28
17024,0.843,0.0
17025,0.855,0.32
17026,0.922,3.96
17027,0.817,2.01
17028,0.94,6.98
17029,0.817,3.03
17030,0.817,0.49
17031,0.903,3.73
17032,0.887,5.05
17033,0.922,7.59
17034,0.915,0.0
17035,0.909,0.0
17036,0.927,0.0
17037,0.911,0.0
17038,0.916,0.0
17039,0.908,0.0
17040,0.908,0.1
17041,0.916,0.0
17042,0.934,1.57
17043,0.934,0.39
17044,0.908,2.32
17045,0.934,0.0
17046,0.907,6.54
17047,0.934,0.0
17048,0.934,1.05
17049,0.907,3.34
17050,0.908,1.34
17051,0.908,0.0
17052,0.908,2.96
17053,0.906,8.11
17054,0.906,2.59
17055,0.908,0.0
17056,0.923,1.75
17057,0.914,12.93
17058,0.874,0.0
17059,0.949,15.03
17060,0.893,0.0
17061,0.88,0.0
17062,0.891,0.0
17063,0.904,4.6
17064,0.874,9.74
17065,0.942,0.0
17066,0.909,0.0
17067,0.872,3.73
17068,0.918,1.24
17069,0.935,2.56
17070,0.872,4.58
17071,0.918,3.42
17072,0.942,0.0
17073,0.9,4.49
17074,0.939,2.26
17075,0.916,5.13
17076,0.939,0.89
17077,0.915,1.25
17078,0.939,0.0
17079,0.939,0.18
17080,0.88,5.63
17081,0.939,2.51
17082,0.942,0.4
17083,0.964,13.27
17084,0.948,9.23
17085,0.944,17.6
17086,0.891,12.34
17087,0.862,14.75
17088,0.865,7.88
17089,0.862,5.5
17090,0.884,3.47
17091,0.896,7.73
17092,0.898,11.62
17093,0.88,0.0
17094,0.882,11.05
17095,0.858,8.74
17096,0.88,13.77
17097,0.896,0.0
17098,0.937,12.86
17099,0.923,7.69
17100,0.942,6.12
17101,0.902,8.53
17102,0.92,12.0
17103,0.959,13.33
17104,0.946,3.72
17105,0.885,8.76
17106,0.929,22.84
17107,0.868,26.54
17108,0.833,17.17
17109,0.943,9.0
17110,0.875,8.05
17111,0.915,16.66
17112,0.901,5.98
17113,0.903,0.0
17114,0.929,9.67
17115,0.942,16.03
17116,0.829,0.0
17117,0.914,16.69
17118,0.883,17.52
17119,0.954,15.15
17120,0.914,17.63
17121,0.898,26.68
17122,0.899,8.29
17123,0.91,9.43
17124,0.857,5.09
17125,0.975,1.41
17126,0.919,10.53
17127,0.897,0.01
17128,0.874,8.33
17129,0.889,8.38
17130,0.895,0.0
17131,0.948,0.0
17132,0.948,0.0
17133,0.929,0.0
17134,0.948,0.0
17135,0.93,0.0
17136,0.944,0.0
17137,0.883,0.0
17138,0.854,0.0
17139,0.93,0.0
17140,0.914,0.0
17141,0.93,0.0
17142,0.939,0.0
17143,0.939,0.0
17144,0.944,0.0
17145,0.943,0.0
17146,0.896,0.0
17147,0.922,4.66
17148,0.941,0.0
17149,0.943,0.0
17150,0.95,1.19
17151,0.947,0.46
17152,0.939,0.0
17153,0.941,0.06
17154,0.937,0.0
17155,0.953,0.79
17156,0.95,0.0
17157,0.923,0.18
17158,0.843,10.02
17159,0.901,2.38
17160,0.955,1.73
17161,0.915,0.82
17162,0.966,0.0
17163,0.966,0.18
17164,0.911,0.27
17165,0.918,0.22
17166,0.953,0.37
17167,0.965,4.59
17168,0.952,0.69
17169,0.923,2.49
17170,0.947,0.0
17171,0.954,1.74
17172,0.84,4.95
17173,0.949,0.78
17174,0.953,0.0
17175,0.912,0.0
17176,0.952,1.03
17177,0.921,0.0
17178,0.948,0.0
17179,0.966,0.01
17180,0.917,0.78
17181,0.953,0.0
17182,0.917,10.64
17183,0.818,5.61
17184,0.924,2.5
17185,0.743,5.68
17186,0.887,13.32
17187,0.965,0.0
17188,0.965,0.0
17189,0.965,0.97
17190,0.965,0.0
17191,0.965,0.0
17192,0.91,0.0
17193,0.896,2.06
17194,0.896,0.0
17195,0.936,0.19
17196,0.936,0.56
17197,0.936,0.0
17198,0.936,0.0
17199,0.953,0.0
17200,0.946,0.0
17201,0.94,0.0
17202,0.927,0.05
17203,0.928,0.0
17204,0.889,3.14
17205,0.902,2.76
17206,0.8,8.76
17207,0.902,0.66
17208,0.902,0.0
17209,0.902,1.95
17210,0.9,7.04
17211,0.882,14.48
17212,0.902,0.0
17213,0.902,0.0
17214,0.891,7.34
17215,0.905,1.76
17216,0.875,3.16
17217,0.897,0.44
17218,0.883,2.03
17219,0.891,5.41
17220,0.889,4.0
17221,0.833,17.8
17222,0.83,7.54
17223,0.905,0.39
17224,0.885,0.55
17225,0.787,4.69
17226,0.842,0.37
17227,0.846,0.93
17228,0.927,0.6
17229,0.943,1.26
17230,0.817,2.84
17231,0.902,1.4
17232,0.904,7.22
17233,0.835,8.15
17234,0.942,8.57
17235,0.858,2.31
17236,0.932,6.85
17237,0.96,5.23
17238,0.951,11.67
17239,0.887,3.51
17240,0.931,5.63
17241,0.94,14.17
17242,0.887,5.82
17243,0.934,9.95
17244,0.774,3.17
17245,0.773,0.0
17246,0.774,2.9
17247,0.774,2.76
17248,0.901,2.53
17249,0.921,4.4
17250,0.829,4.97
17251,0.903,6.35
17252,0.848,11.22
17253,0.851,5.74
17254,0.875,0.77
17255,0.892,0.0
17256,0.854,0.0
17257,0.907,0.22
17258,0.913,0.89
17259,0.898,1.51
17260,0.947,3.14
17261,0.89,0.0
17262,0.888,0.92
17263,0.862,2.15
17264,0.903,0.86
17265,0.864,1.16
17266,0.903,1.96
17267,0.87,0.0
17268,0.87,0.28
17269,0.87,0.0
17270,0.871,1.98
17271,0.903,7.77
17272,0.893,11.93
17273,0.887,1.66
17274,0.924,0.0
17275,0.887,1.35
17276,0.909,19.38
17277,0.921,5.98
17278,0.91,12.42
17279,0.906,0.0
17280,0.946,7.17
17281,0.926,0.0
17282,0.892,17.22
17283,0.922,0.0
17284,0.922,0.0
17285,0.88,0.21
17286,0.878,0.0
17287,0.87,0.0
17288,0.882,0.0
17289,0.91,6.2
17290,0.895,9.6
17291,0.915,17.4
17292,0.872,3.63
17293,0.871,5.32
17294,0.87,0.0
17295,0.87,0.41
17296,0.875,2.46
17297,0.879,12.82
17298,0.856,22.56
17299,0.869,0.0
17300,0.869,2.76
17301,0.88,0.38
17302,0.869,0.0
17303,0.86,0.0
17304,0.895,0.0
17305,0.86,0.0
17306,0.925,7.7
17307,0.869,0.0
17308,0.86,2.11
17309,0.86,0.0
17310,0.901,1.76
17311,0.943,3.9
17312,0.872,0.19
17313,0.876,0.0
17314,0.876,0.0
17315,0.876,0.0
17316,0.9,0.0
17317,0.9,0.0
17318,0.897,1.18
17319,0.9,0.0
17320,0.837,0.0
17321,0.921,6.9
17322,0.837,0.0
17323,0.895,4.99
17324,0.855,2.74
17325,0.838,0.0
17326,0.895,2.3
17327,0.865,7.95
17328,0.876,4.87
17329,0.831,18.21
17330,0.894,16.14
17331,0.92,11.09
17332,0.86,7.65
17333,0.825,15.14
17334,0.905,3.28
17335,0.868,0.0
17336,0.868,1.12
17337,0.868,0.0
17338,0.877,0.0
17339,0.879,1.38
17340,0.877,0.0
17341,0.878,0.0
17342,0.867,0.02
17343,0.867,0.0
17344,0.867,0.0
17345,0.867,0.0
17346,0.911,1.97
17347,0.928,0.12
17348,0.926,0.0
17349,0.926,0.05
17350,0.906,5.28
17351,0.933,1.68
17352,0.892,5.48
17353,0.93,5.59
17354,0.916,10.05
17355,0.932,0.0
17356,0.867,0.0
17357,0.881,0.0
17358,0.912,0.0
17359,0.841,3.49
17360,0.81,2.3
17361,0.861,0.0
17362,0.84,0.94
17363,0.847,0.0
17364,0.868,0.6
17365,0.862,0.0
17366,0.879,0.0
17367,0.887,1.3
17368,0.931,0.37
17369,0.929,0.0
17370,0.932,0.0
17371,0.932,0.0
17372,0.891,3.12
17373,0.874,5.93
17374,0.933,1.1
17375,0.888,2.36
17376,0.862,0.41
17377,0.888,0.27
17378,0.884,0.0
17379,0.923,0.0
17380,0.899,0.0
17381,0.906,6.14
17382,0.963,1.49
17383,0.947,0.88
17384,0.898,0.16
17385,0.837,3.99
17386,0.946,0.0
17387,0.866,6.12
17388,0.946,0.0
17389,0.891,1.83
17390,0.911,1.37
17391,0.946,0.13
17392,0.945,0.0
17393,0.945,0.25
17394,0.807,0.0
17395,0.93,1.13
17396,0.816,0.0
17397,0.902,1.29
17398,0.817,0.0
17399,0.86,0.0
17400,0.878,0.0
17401,0.947,0.81
17402,0.9,0.0
17403,0.9,0.0
17404,0.786,0.0
17405,0.89,4.68
17406,0.786,0.0
17407,0.786,0.0
17408,0.786,1.74
17409,0.786,0.0
17410,0.726,4.92
17411,0.77,0.0
17412,0.786,0.0
17413,0.87,0.0
17414,0.861,0.0
17415,0.814,0.1
17416,0.753,1.13
17417,0.839,0.0
17418,0.868,1.15
