zone17,zwkrauto,zveh,z_veh_occ
1,660.9874477002464,624.8866602687357,1.0577717364233465
2,1600.9965988820513,1499.8219729541754,1.0674577568220274
3,2177.5238452020517,2011.1872413128538,1.0827056777570931
4,2593.6289164646673,2335.4890466821785,1.1105292573087444
5,4576.805634798305,4235.894968359385,1.0804813785481935
6,10247.779746744407,9336.35625940083,1.0976208985626335
7,9245.63173524657,8489.381552436722,1.0890818934381363
8,398.1361967008224,379.5768040229973,1.0488949600742743
9,1299.0328658752067,1220.9175347222201,1.0639808414011838
10,2179.504054017697,2013.3087588226108,1.082548339625899
11,2619.509241828243,2359.0403985471335,1.1104130490692423
12,3066.6570366075894,2870.4932217301675,1.0683380171018784
13,2505.6133083909717,2342.576748672161,1.0695971049022084
14,2471.5147480430096,2257.1650846985,1.09496410554886
15,2378.451338771252,2179.8802345655195,1.0910926669534715
16,4610.33782663054,4228.246108404901,1.0903664801975737
17,5147.85466010726,4690.281625718401,1.0975576886214744
18,4485.87087577747,4121.052758021174,1.0885254664712114
19,5160.377806572046,4713.452981692858,1.0948189844292608
20,2442.058878840008,2230.7802474714026,1.0947106428829512
21,2935.7722017162528,2682.51733491149,1.0944094054896831
22,7411.855430751148,6777.554503488468,1.0935884657122563
23,7403.3367080188245,6769.815241611219,1.0935803184869233
24,4812.761156399375,4405.634737443494,1.0924103887904537
25,4670.681439637949,4231.885263632466,1.1036881079400622
26,3416.4773320733184,3192.6992247424473,1.070090569633575
27,3940.5735779855395,3662.8654860504967,1.0758171690968874
28,7541.836094999198,6896.411521757579,1.0935884657122563
29,7553.7498308703125,6907.328665883998,1.0935848279782971
30,1849.2822426985708,1703.236267062959,1.0857461636179528
31,4825.2276270709435,4431.723237461409,1.0887926363007594
32,1750.9777369098015,1644.079717686261,1.065019973224887
33,1764.3058668724373,1654.7665568276745,1.0661962314821969
34,6792.603154038064,6213.82629954773,1.0931433913002138
35,7319.295998538335,6692.9162367959525,1.0935884657122565
36,1663.1305706000774,1533.0374834240106,1.084859691026932
37,833.1024159169755,791.8872525063748,1.052046757010107
38,803.2605171714522,763.5216893347025,1.052046757010107
39,940.9393360062497,859.092617221908,1.0952711234430272
40,962.9070641440055,863.7085647537162,1.1148518185860243
41,813.1182854829831,754.6931262732942,1.0774157828867406
42,2131.3162020594173,1978.9375375988113,1.0770002395555638
43,759.1127507747493,721.5579970344003,1.052046757010107
44,722.7821028394055,687.0246954551105,1.052046757010107
45,726.7434866567228,668.0219875169994,1.0879035424537267
46,676.9226785205699,604.208469951204,1.1203462251617198
47,554.4798436477629,516.1121895460261,1.074339755733119
48,1339.3046455952883,1260.3662700552795,1.0626312980722235
49,3270.5704849018966,3071.3960919482593,1.0648481625264088
50,2563.1149850685133,2447.466555243368,1.047252302417528
51,2216.6997964209127,1974.1460002615026,1.1228651761963302
52,761.4355475823072,728.228993589083,1.0455990550850844
53,1333.4536345894157,1292.108951198331,1.0319978306417124
54,2336.5014000262695,2205.876480972124,1.0592167876038912
55,2319.9504464758966,2171.1565826318433,1.068532074118619
56,3970.761575007212,3610.656007555382,1.0997341111139638
57,8214.072976520627,7588.69703766549,1.0824088688415372
58,1338.799302676619,1226.9540679469428,1.091156822941894
59,2225.206901220152,2059.228676575924,1.0806021334746638
60,5298.408550378703,4922.427466289286,1.0763812339875565
61,5330.1709338606715,4950.779183980878,1.0766327351273075
62,3922.1170208250282,3666.632050235669,1.0696783770743885
63,3802.7152692506293,3551.3536044513494,1.070779114894168
64,1214.003134308817,1117.9313208143253,1.0859371337986226
65,2030.3417143913819,1905.744401270567,1.0653798657562605
66,1514.5439900490567,1454.8407309099061,1.041037659910587
67,1935.441475448105,1858.5378520391935,1.041378561821882
68,3057.8446076761584,2906.496632627767,1.0520723035937452
69,1730.8963924497941,1644.7385912208879,1.0523838874388856
70,1356.9532443794494,1229.8199864368771,1.1033755015731301
71,965.0371477458056,905.8178938911315,1.0653765555461543
72,1185.4021972900846,1079.3714533200584,1.0982337856387476
73,1002.9983861990063,947.4650373875503,1.0586125573188203
74,1116.6620158708936,1046.5273550487218,1.0670165576502362
75,1386.9155240923674,1274.929090597955,1.0878373819534461
76,1695.5462852845412,1606.8997509310673,1.0551661883711854
77,935.9742925481413,878.5384732521393,1.0653765555461543
78,650.3056730286855,624.4686633585904,1.0413743894387517
79,1592.5346151222193,1476.1730839330146,1.078826482108168
80,2022.054846474856,1792.5821604222494,1.128012367365384
81,1533.1584394153697,1455.9931597028979,1.0529983806573773
82,1211.6283759252801,1154.7323926717643,1.0492720076223658
83,1147.742205473262,1002.020429841788,1.145427948664163
84,1110.780605534009,1022.7747487507539,1.0860461767273273
85,1422.0362109661753,1245.0899874708805,1.1421152087607107
86,1631.297036813201,1545.3380024728344,1.0556247463032784
87,1991.2368458070723,1919.6938687471393,1.0372679093394326
88,807.8863567910877,744.6875007365123,1.0848662774547313
89,1297.6363423190294,1241.2047925663326,1.0454651400725081
90,1792.7605912957633,1676.2103507697755,1.0695319895098272
91,1994.9820070803669,1892.5037773911095,1.0541495509353898
92,2020.6713678798521,1808.3882548640324,1.1173880180015772
93,886.5350245917059,834.9445584211072,1.0617890920424191
94,1439.0297008463708,1362.219736369453,1.05638588432262
95,1812.3625332584338,1759.7094209236222,1.0299214811881698
96,2226.972512116245,2079.0442683086576,1.0711520413790563
97,3799.6721269440377,3567.1136198815016,1.0651951498730958
98,855.569237567565,796.8315661052761,1.0737140368941265
99,8515.01507350408,8067.704370039371,1.0554446076539277
100,9155.43093170757,8758.534587133148,1.0453153824565
101,11149.103485782258,10660.150844550235,1.0458673285549227
102,1564.4769281195752,1503.4700728457854,1.0405773659054718
103,1508.7617839384477,1449.9252395226235,1.0405790193949556
104,629.2100417372325,589.3772133469112,1.0675846087841123
105,723.1675074746031,692.6748641824577,1.0440215819410958
106,898.3629419497506,819.8559954884977,1.0957569950006596
107,1069.995485512972,1007.8859298281153,1.0616235963284544
108,986.6545776813324,928.3210343114641,1.0628376835316828
109,731.2989402215853,685.9504588919435,1.066110432235727
110,944.66811817823,845.8637343748833,1.1168088662370257
111,1300.1953807598745,1169.7611583121227,1.111505003838526
112,1539.9699737946414,1479.3861782237,1.0409519816142154
113,882.1358483842946,840.3248638163585,1.0497557389627272
114,885.1124030527577,807.5195338195784,1.0960879161228012
115,1065.8943678526934,1004.1492041500733,1.0614900290190263
116,371.4263450492747,355.18721427329683,1.045719919308477
117,381.75579018746896,353.0320714604787,1.081362915862464
118,711.7511568900239,668.1970094166039,1.0651815959359752
119,447.9949139056055,412.99199266397227,1.0847544791748858
120,1768.2632715798984,1609.6270940773447,1.098554614349037
121,517.7020322842686,482.749440701732,1.0724031736457924
122,4520.2062976761745,4315.170536323313,1.0475151004176904
123,3605.2388941223976,3415.43553784555,1.0555722261988805
124,4010.5738537490297,3778.446556953763,1.0614345851651825
125,11780.673018403126,11220.112001901043,1.0499603761893914
126,7439.762376491827,7097.894401261345,1.0481647029251
127,5662.021608012371,5428.86982175703,1.04294665260179
128,4955.66664209299,4759.8548575557425,1.0411381839146665
129,3177.3554824801977,3024.487735307124,1.0505433516520941
130,4137.581707488197,3939.308431919155,1.0503320009071864
131,391.13048746891786,377.9495820927709,1.0348747716644162
132,3747.1383540280012,3605.70259749564,1.039225574685665
133,2141.901667658892,2055.6161597122673,1.0419754960277714
134,343.1374044200349,315.117768399022,1.0889179818814045
135,2260.34661197004,2177.6216754869506,1.0379886632348987
136,195.39776050593687,189.59701060631738,1.030595154855391
137,1233.9722236941177,1170.8065745904048,1.0539505418525779
138,587.4983527631875,570.1489377259772,1.030429619156019
139,1788.18871860277,1697.481550929971,1.053436320190405
140,365.5161674751306,355.43069725391763,1.0283753493976013
141,211.6032532994384,198.96721748107575,1.0635081295217113
142,440.1868045765366,413.6309641562433,1.0642017709541256
143,481.3660955140739,442.18313521900836,1.0886125163404494
144,654.2628612989893,605.8971999519092,1.0798248636087424
145,484.06897958875624,452.89553350671486,1.0688314275052995
146,371.0540875736111,343.8745256016064,1.0790391842037563
147,927.116887974283,866.5046727183415,1.0699502462759871
148,871.8209749438853,806.2523745307868,1.0813251563460602
149,465.1864499911505,420.74556965572293,1.105624119516675
150,1292.193288590304,1213.1741408926043,1.0651342169554987
151,1435.680347064488,1357.1694170377832,1.0578490268356224
152,1010.3363727802443,963.4901286465522,1.0486214053894862
153,214.04511280990823,206.4011120085236,1.0370346880741077
154,792.050922435694,740.6815681440853,1.0693541685130954
155,776.5792745303107,725.5669138924621,1.0703069002473964
156,122.84809019607775,120.66956147307866,1.018053672329663
157,287.88854603011805,272.2380452553359,1.0574882939675214
158,324.6169187335406,308.9472185165232,1.0507196675608825
159,505.34658167796925,472.33474623484744,1.069890762232233
160,383.91467872690754,364.4215427350932,1.0534906247460358
161,498.80649709037385,437.15060120959913,1.1410404005168295
162,504.88634875069505,442.5285001601288,1.140912615951294
163,935.2292686703029,900.9604070042526,1.0380359241090253
164,512.5055767798042,493.9477407133874,1.0375704442733447
165,612.080549570175,588.7943381277097,1.0395489731041103
166,929.402859874816,859.4005941578985,1.0814547560157446
167,452.75837915970635,406.1273942134474,1.1148186150716817
168,430.1961006047303,385.3108725110058,1.1164909461319248
169,653.8952885319858,591.0171835788218,1.1063896392528123
170,381.04647875238487,333.46962929143587,1.1426722114455863
171,2007.093452354803,1916.8391096286034,1.0470849860443878
172,375.35903667831326,343.66477420756064,1.092224355969665
173,349.9959239266513,332.2250993150805,1.053490313188881
174,541.7682244343282,401.5110261959478,1.349323403561852
175,1133.6882628027113,1051.827956304563,1.0778267073122414
176,303.02575885871255,289.8779429531899,1.04535638611057
177,985.5221028191506,899.8307196827791,1.0952305597730434
178,747.7187961878197,714.733193814328,1.0461509310872452
179,299.29383796505977,267.80061356679914,1.1175995229391253
180,385.517605983923,359.9197743757929,1.0711209370269368
181,460.843040371853,439.87586386322556,1.0476661218110093
182,351.766527975549,323.2455754568987,1.088233079380396
183,451.3881236532409,409.25324931759747,1.1029555034832357
184,356.65864488119655,325.77526746552365,1.0947996379711091
185,305.0519558857232,280.0029970898018,1.0894596095622782
186,342.4969408190382,313.6938508389157,1.0918191093102207
187,445.7201918152273,418.4739086939967,1.0651086783552712
188,452.0525349354793,410.1607743327575,1.1021349754151175
189,289.71935711765,274.399344031944,1.0558310849457517
190,420.90827436348553,390.6817023021066,1.0773687937860097
191,314.1858856814529,287.330692891244,1.0934644068824688
192,311.08235908162686,284.89120914138107,1.0919338649275347
193,298.4750087040794,275.1433964282403,1.084798009251602
194,486.7790447449508,428.7992554199312,1.135214295715693
195,651.4353358754664,585.4104640845777,1.1127838941077584
196,651.6228412624503,584.6935081455408,1.1144690888208897
197,669.5338381484053,601.5913702338138,1.11293790316205
198,454.7060969220172,365.5143764929601,1.2440169967726973
199,612.1734600274835,557.9405071490711,1.09720203531292
200,1048.3778807634567,894.3159298976883,1.172267926484764
201,1101.1995968730714,1005.1386823189418,1.0955698116527648
202,572.1374243348503,564.9529869200697,1.01271687659171
203,938.488239272157,886.0022327824759,1.0592391356902675
204,239.08408684279604,224.58416978271399,1.0645633976522513
205,528.4097363407409,476.1041261432023,1.109861703197687
206,1029.9232058648063,970.5013414690943,1.0612280085113146
207,108.50388643969518,100.600544215358,1.0785616249492478
208,500.85385645068817,460.9100110592474,1.0866630023931205
209,334.8559887012539,288.8872415976576,1.1591234934757642
210,745.6040048074641,714.2482334575412,1.043900383481714
211,407.0352536320223,391.53494546708134,1.0395885688988753
212,421.1410549893627,374.5659745551853,1.124344130535315
213,1060.8815172956515,929.2503860089303,1.141653028364151
214,448.1647713421873,397.14710329170987,1.1284603806187257
215,1018.8143060303275,969.0962403590216,1.0513035378745117
216,1018.4817179166938,968.8437311756817,1.0512342549616096
217,628.0324267919692,579.4166690034637,1.083904658580361
218,691.5037129330145,649.7668361334439,1.0642336211677614
219,2057.949011771204,1948.7178156748778,1.0560528544552241
220,1139.1309285818188,1096.8955584879157,1.038504459031747
221,872.8461628271302,829.2077710056626,1.0526266074044905
222,945.3937775749339,825.1625585309648,1.1457061009384824
223,1153.3820246443277,1037.6035492496896,1.1115825745568813
224,1284.1857405928295,1173.641271318745,1.094189316595754
225,1265.6431728028542,1191.2390011449095,1.0624594825945375
226,351.35786362028904,330.2453823917906,1.063929678821221
227,364.0470846931991,342.21000328773613,1.063811931842045
228,746.065707360836,690.5415627810871,1.0804066656844389
229,735.8428914011022,681.0146480682711,1.080509638799039
230,573.6636711908103,445.65235128631895,1.2872447986305984
231,855.0480651482706,806.4688397499353,1.060236952754924
232,825.9074766119481,777.7569811833349,1.0619094352008949
233,884.1129358956242,840.0602990242071,1.052439850951875
234,637.4957884813215,565.8542197075482,1.126607819255638
235,509.14770285702315,473.83513168656,1.0745250168445135
236,635.1978193297534,588.331581859306,1.0796595642925304
237,803.4935859041539,620.9029445265621,1.2940727580488718
238,619.7210073049968,564.0851349546269,1.098630275649517
239,455.1421265203198,420.80656661375576,1.081594639035373
240,468.82726197809234,447.39778667442783,1.0478980360250614
241,472.3567697567566,420.29801664923724,1.1238615245500085
242,576.698532428225,565.5971671428929,1.0196276889812064
243,450.6210251092992,427.4311666069826,1.0542540186912468
244,505.3813245151343,495.5935433574656,1.0197496139504967
245,395.10712268302603,374.69356585524724,1.0544806708414765
246,325.9169158230024,319.10734217010753,1.0213394452367845
247,1210.3152953067784,1104.148250921188,1.0961528891586936
248,433.64463760941135,421.9816590795173,1.027638591106862
249,262.67999206763795,256.51825429908973,1.0240206599931243
250,542.7376736256194,494.6379596777542,1.0972422617528204
251,245.85009647507448,231.20814846334687,1.0633279930185886
252,395.204308192566,360.62058478116626,1.0959005804740347
253,469.81104309459874,410.5479941202725,1.1443510864090711
254,727.8855300832219,603.2791271420585,1.2065485068768529
255,746.3928909902921,706.1399693550582,1.057004168269923
256,658.527721110181,620.6048879942123,1.0611062430373934
257,1015.9256968873975,957.9893662206573,1.0604770081063672
258,292.2255047547188,278.8117889348048,1.0481102892785161
259,896.3582506204853,862.0962634497312,1.039742646643256
260,893.9640006962309,860.6219344577755,1.0387418271641684
261,696.9526984324328,580.6849861610725,1.200225104905863
262,1844.1799395114865,1725.5571558613133,1.06874462734963
263,1881.5272370555617,1783.1018785983933,1.0551989539344413
264,426.7581851542223,351.30317413064813,1.2147860212487371
265,1108.1807927809937,1083.8528562675808,1.0224457926855404
266,657.8392317495063,621.9389094724856,1.0577232292918777
267,479.581656888716,454.05746543281896,1.0562135707460878
268,444.7243831908688,430.8160139989018,1.032283779479011
269,862.2380699461003,824.8168274411947,1.0453691550171162
270,1671.5820696539436,1561.6785925934062,1.0703752216248452
271,1593.3094851620397,1488.8671423250328,1.0701488667913703
272,828.1668710844359,745.820213075127,1.1104108692224652
273,965.1724880499529,848.1693685161727,1.1379478249001977
274,544.7394096684159,484.4260036816415,1.1245048893502663
275,453.83845267667346,425.93058545156634,1.0655221019066277
276,814.4074464140309,734.8702798530089,1.108232934085906
277,1008.1043539684329,866.8726455993188,1.1629209424084115
278,601.6630487097033,586.3777903236828,1.0260672532934492
279,405.36056563272086,354.96057602360645,1.14198756992597
280,808.047211421263,770.9094835395248,1.048173914933859
281,459.6150020577587,425.3695024637366,1.0805076513376546
282,1007.1622702419287,942.7238192503822,1.068353477100839
283,1042.7950435138318,1012.7364113271212,1.0296806077578675
284,580.8455367046848,547.9288430622923,1.0600747598144789
285,303.6860379464303,286.84600426758624,1.0587075762893832
286,349.1168231303067,329.7640411682159,1.058686756425995
287,494.55120523279317,470.08091573707475,1.052055483803995
288,303.20276654176496,284.94512410895294,1.064074240574936
289,161.0646221201953,151.65521762262262,1.0620447132982063
290,159.43003752048105,150.00875255488273,1.0628049017483256
291,664.8602934635467,559.3973012754981,1.1885296763991877
292,437.73757371767783,428.6988790997756,1.0210840173804108
293,420.1394425034233,400.277410160027,1.0496206676650968
294,173.78879065665885,163.66473388788964,1.061858511166518
295,1488.187610151785,1325.6028591923107,1.1226496682864258
296,600.9306697576484,578.6294490645433,1.0385414546894545
297,679.8469282889496,646.8948515378275,1.0509388452741382
298,555.7100272613819,526.2555595578483,1.0559698936544837
299,950.7203177772922,911.7213280041775,1.0427751206155134
300,613.5255813615199,554.575136529999,1.106298391234011
301,584.5961837097396,564.3879820276402,1.0358055138054123
302,483.607331703794,423.6474591941855,1.1415324728340337
303,497.2909761245954,440.5934936180714,1.1286843390285564
304,1241.1993817650389,1081.1521182492502,1.1480339915302198
305,471.427651248313,423.8805966990294,1.112170868210426
306,906.8142391769213,804.438157349709,1.1272640797702824
307,694.6700045460116,663.394743182968,1.047144270714273
308,581.2023553167763,536.3385508191012,1.0836482934690388
309,999.8731404386514,929.8741195687003,1.075277953646477
310,576.5842199940929,531.5783450763531,1.084664613099082
311,738.5179043536491,655.8461702395703,1.126053544055735
312,765.6852975625422,722.1297606971634,1.0603153882251428
313,867.8977701164027,820.8651223773626,1.0572964381807644
314,571.0893533979245,526.9886423896791,1.0836843671018537
315,397.2140761344623,350.6543789818407,1.1327794544811112
316,1067.0727513934148,959.3932074239148,1.112237133988714
317,795.0374549744429,725.010888083695,1.0965869175783522
318,269.1097565827872,245.04382476709145,1.0982107255245868
319,1428.3910331153156,1309.4039850709387,1.0908711516086693
320,806.4867814201144,712.803474030664,1.131429364197263
321,1109.7455831838924,989.7418997310183,1.1212474519725673
322,285.0771135862483,279.3518071175256,1.020494968433528
323,788.1700587012592,773.7313568603697,1.0186611305240085
324,1346.219739350336,1219.566415075051,1.1038511086478968
325,1998.0132478292014,1850.5400365547923,1.0796919863182017
326,1556.8414347336136,1438.3387118759626,1.0823886069944493
327,1077.1240989609648,986.9806695678996,1.0913325176191446
328,926.4687274563241,866.9406884550734,1.068664488579181
329,1305.6160498672843,1120.915971292816,1.1647760254155743
330,1216.4172511254728,1108.1731062632018,1.097678010998908
331,982.2015238365921,742.4290491085067,1.3229567525893542
332,1044.668386602361,999.485743292742,1.0452058907421407
333,1013.3146432251377,987.6230314687921,1.0260135810301396
334,1171.3602589751686,1082.54869949579,1.0820393202825365
335,785.7918120159267,742.5514880366129,1.0582320885163747
336,1033.7605117973283,988.6131556508989,1.0456673633042082
337,2122.378946050979,1957.5762449012996,1.084187117400369
338,1517.9951019524376,1301.016998372939,1.1667757637685388
339,1120.2102393889259,1106.9321793232427,1.0119953691054506
340,792.2252713317145,761.1574082528862,1.0408166073692162
341,1184.491117755064,1044.7577247439344,1.1337471738200142
342,615.902772378719,598.8608133550644,1.0284572953240647
343,1737.452110123338,1619.7402171586668,1.0726733162007671
344,1058.1412071604805,996.163774775746,1.0622161073852405
345,807.3401971846574,759.2188626229765,1.0633826909877206
346,1193.9324826471354,1110.0405176625716,1.075575588142689
347,1444.4765098039368,1405.3344246345523,1.027852505768912
348,3201.506009131552,2994.7206782501653,1.0690499559385327
349,569.4961091862584,526.8660484755011,1.0809125219476723
350,1655.2262717266651,1518.1281991043975,1.090307309160812
351,1317.5834731290724,1222.0248660138875,1.0781969416276174
352,1914.5680058897053,1792.8726513621943,1.0678772998378043
353,471.3446860980949,447.119211927869,1.0541812418790317
354,1775.7756490720838,1607.8298674605549,1.1044549457690984
355,1099.7611228323692,1064.7373067476701,1.0328943260114387
356,257.25555674464397,202.03493751188626,1.273322128899161
357,317.27996230951317,246.70876515513862,1.28605062779183
358,612.9113091441358,588.7365523558037,1.041062095926604
359,206.30023998266344,190.11008236287694,1.085162014652559
360,310.9362990507455,257.86993390407594,1.2057873298498207
361,872.637742090539,829.0338423491535,1.0525960431456325
362,394.79519228351364,353.41119209798075,1.1170987255379832
363,724.4803560387836,658.2033421486292,1.1006938276457252
364,486.669672210764,438.17435730977115,1.1106758396331913
365,726.0806449279311,674.7673623284946,1.076045887018548
366,711.4200914440393,672.9798219608294,1.0571194978345833
367,252.5128337639312,208.73708310900068,1.2097171714911394
368,1308.9715322877603,1254.1580606041268,1.0437053936066318
369,692.4847151184633,665.7406114599006,1.0401719576636848
370,669.4710549736442,649.8584584285512,1.030179797293889
371,701.8969627483336,693.5383458585949,1.0120521337279351
372,208.85997289573461,208.85997289573461,1.0
373,355.4770872448971,342.3463335182284,1.0383551755665863
374,934.5311719132742,934.4517394231801,1.0000850043792986
375,303.5721124315758,280.7200049554519,1.0814053400994716
376,170.97489426143713,158.34032524816286,1.0797937543293057
377,315.67181725373024,285.23285675185866,1.1067161786636392
378,827.5422880788946,806.892608483694,1.0255916083232008
379,733.4602440780619,666.543327411908,1.1003939487714665
380,578.8775575749454,538.0675255676318,1.075845558537028
381,361.96226385523846,346.43457708581604,1.044821411592458
382,373.97622125745306,325.5020911425457,1.148921101995868
383,331.04552327756494,259.0498024947924,1.2779223148962635
384,443.5575334261658,371.34821161574735,1.1944517828596333
385,576.7486769720102,525.4754230820554,1.0975749799852168
386,985.9331056244325,938.9973876035085,1.0499849292879424
387,632.9841274861946,599.1827747429442,1.0564124240015937
388,1637.874975831905,1539.8606461079073,1.0636514284404468
389,775.5096495110796,721.2497293158826,1.0752304201856178
390,1016.4787783830459,943.8251917560532,1.076977799768001
391,534.1949765230688,534.1570255951885,1.0000710482612074
392,1181.306588642486,1082.7897628274566,1.0909842604697106
393,1183.3737881808604,1084.699132771002,1.0909696084644056
394,253.3618411692522,227.21393671793228,1.1150805484426793
395,275.847045899951,267.196116579019,1.032376703043787
396,834.1205133597847,758.7865718326598,1.099282122699107
397,455.5179354563597,406.31421655243696,1.1210977044352883
398,243.779809471478,193.06206834661532,1.2627017391826871
399,145.9578848792575,144.20173199955337,1.0121784451223483
400,756.1852173457752,744.3830810809112,1.0158549227740725
401,800.4731470453307,756.0718109934762,1.058726347691116
402,150.77599942680467,118.98084279389253,1.2672292100669522
403,564.7846040749281,537.0076435700606,1.0517254471839628
404,353.9778231532897,325.61876703305234,1.0870928183244388
405,849.7447827559178,788.9219943714679,1.0770960739064033
406,654.4588213285937,613.595297981251,1.0665968652005402
407,1331.4927852924873,1264.3352268683898,1.0531168925747951
408,562.0889664721561,517.5362550167664,1.086086165024219
409,194.85801575102982,164.50015577258952,1.1845460865119666
410,727.6351071541995,650.0497452336084,1.1193529610456339
411,296.5580165180137,281.8655607953417,1.052125756978661
412,269.59522588044024,268.9661900359872,1.0023387171613238
413,813.8559319663902,759.6933090766554,1.0712953796520401
414,357.6223334857362,319.25405704060216,1.1201810144585083
415,797.7804420095451,729.2337163262343,1.0939982945778186
416,665.8527040517467,594.3013039706436,1.1203958322202126
417,2938.592490719571,2804.95259269009,1.047644262643781
418,462.58285851607485,402.7319199783011,1.1486123536992014
419,1125.5725077113234,987.1793254826583,1.1401905192463395
420,636.4667886644748,544.1695695141939,1.1696111365298856
421,597.6139774111778,554.6810696557219,1.0774010690180997
422,761.6817115249329,623.1119779461554,1.2223833572185827
423,853.4277447040772,768.9003953165214,1.1099327687986942
424,423.9218636566557,400.82098603645727,1.0576339024775945
425,392.50216409227386,386.15457579200057,1.0164379466105107
426,406.19308313212093,378.0835600406031,1.074347382595792
427,545.9329325183191,426.305763856444,1.2806135379913814
428,1978.283931451097,1868.088000141303,1.0589886190058813
429,971.0237680093393,867.6708683885894,1.1191153274659245
430,679.9946420302075,633.4476336046042,1.07348201486006
431,2341.674365318192,2223.0306123917844,1.0533702740146962
432,2039.614342223146,1931.5111596794059,1.05596818946761
433,437.86709779701795,416.5007088112754,1.0512997662038173
434,450.25283167626327,428.25515562101646,1.0513658172389024
435,621.3579608282894,582.7608805787384,1.066231419327976
436,629.7623404390164,592.2830179922886,1.063279414246545
437,2107.709340294671,2000.0731125927146,1.0538161465319769
438,1318.2046879909908,1234.9710810458282,1.067397211337675
439,602.8399346043452,550.4239026530955,1.0952284806284747
440,369.4995599647615,343.3512226827644,1.0761562375624816
441,477.08423719082344,474.3262980043614,1.0058144344896447
442,462.97004760978484,422.3434905625491,1.0961931649357786
443,568.1623479156337,550.8766702743807,1.0313784891864153
444,436.12759871853405,372.705815578139,1.1701657996455344
445,496.31792871916304,481.6059413049863,1.0305477697686045
446,764.3425495833176,744.3135085762001,1.026909414885444
447,902.9327187485856,798.2287710004958,1.131170350596176
448,465.61084090312096,451.2087541546034,1.031918899214404
449,704.8901180003335,623.5521811916482,1.1304428711214565
450,846.4764823832335,767.7546520497723,1.1025351394788523
451,517.7526504833812,482.37328264855574,1.0733443768704785
452,1102.8351404514149,1039.3934576042316,1.0610372158714703
453,5009.136028231875,4851.299674801677,1.0325348595243502
454,214.78036616273113,214.63852444338207,1.0006608399853516
455,1055.497848006371,946.1905105637738,1.1155236035684484
456,237.47930944098744,231.4103637142357,1.0262259028910483
457,555.9351791868214,531.4992883914405,1.0459753970119792
458,162.75930426630234,155.65889248954906,1.0456152016964273
459,3418.837676657973,3093.235588314585,1.1052626219526975
460,262.3103670808626,252.0853288781299,1.0405618139232369
461,1004.8233010078904,930.0132396526526,1.0804397810327715
462,999.7541592013986,925.3080728464689,1.0804554596891343
463,264.5567188985617,253.55180455941223,1.0434030211627652
464,307.65740560296274,266.92493537693395,1.1525989700756472
465,892.4176382697038,747.1015843442614,1.1945064191678672
466,658.8791616767875,588.3517538763566,1.119872860641208
467,458.00811523517535,417.6195376820188,1.096711417711278
468,1583.596549171574,1530.0269831328242,1.035012170784768
469,573.5608671202012,543.2212327388701,1.0558513411347372
470,566.4884549159962,536.5308655127691,1.0558357241471956
471,1135.8938167186247,1072.0593950171724,1.0595437361009554
472,553.1327515102718,543.6014754514694,1.0175335728272012
473,193.09143743382728,190.57722841221596,1.013192599360156
474,726.5036013983344,700.8192324950429,1.0366490639987866
475,509.5668059807296,469.005411213006,1.086483852420419
476,887.6761591645925,845.6622256740443,1.0496816958532829
477,417.9390747755091,390.16959256004293,1.0711728508448355
478,600.645485766306,530.6251903102226,1.131958106653676
479,876.41369499685,821.8925931118418,1.0663360423757817
480,621.6089666901921,546.5587896868366,1.13731400614078
481,490.5927973521472,468.3294279192416,1.0475378400452442
482,306.4454921481086,251.41976911217358,1.2188599696445697
483,759.0277543268764,669.4528756129246,1.1338031129255224
484,251.65317227093396,215.9140332769121,1.1655248547378392
485,757.9167117518456,668.4513662062523,1.1338397227809518
486,334.40474348586565,317.26247882011864,1.0540318058709561
487,440.4053873737114,415.9018419199226,1.0589166552873952
488,350.33715949283726,332.2996450693776,1.0542808717706988
489,445.6375565737255,400.12301185017867,1.1137513798896155
490,421.1418984754702,397.7786241020321,1.0587343636832665
491,426.3745466198633,382.505550456771,1.1146885218023788
492,1248.2400899267109,1084.3521803154156,1.151139005008155
493,2637.639660991428,2475.341651452485,1.0655659025669082
494,4761.601232517938,4471.422315005137,1.0648963343361737
495,535.827861332873,503.66360579994847,1.063860591002678
496,534.4665739537145,502.37828277558475,1.063872767351418
497,346.78746341064743,311.5450630225306,1.1131213572964505
498,311.9571635780916,291.5570894499475,1.0699693983316643
499,730.9974014506064,685.3115066872526,1.0666644209495273
500,289.2289800335143,269.22321974684513,1.074309193335853
501,2008.0915629456563,1867.1243758775445,1.075499623318804
502,1294.5814856983882,1106.2318631985625,1.1702623371878216
503,2650.159989055442,2386.035111713998,1.1106961402389888
504,565.5107725062097,534.4595523429742,1.0580983537989217
505,158.61748269589174,134.47806647223533,1.1795044861731434
506,420.7915428597136,388.5784051484072,1.0828999689239123
507,394.43161815169856,388.18679595214047,1.0160871576897428
508,271.7502382735223,230.82293544410513,1.1773103818763622
509,1125.1221043048233,1063.2684944046248,1.0581730863142271
510,264.0632437319486,223.14003490146837,1.1833969814002703
511,709.9058933259751,630.415144913985,1.126092701061038
512,504.1920517848882,467.02408796513777,1.0795846826267448
513,714.8713474048309,634.684868157618,1.1263406192115162
514,502.4109992488525,465.8749891533648,1.0784244935790277
515,1004.5904164398681,925.9829634155233,1.0848908199502918
516,1018.9139748995592,889.3655085199329,1.1456639201077392
517,871.5360487076322,782.9291187417809,1.1131736294445767
518,329.6813291444663,318.15643616006037,1.0362239818986654
519,208.0012684461536,182.29455061694884,1.1410174782636353
520,330.2279545808784,318.6797009940959,1.0362378072740706
521,208.36475871936577,182.64233412418844,1.1408349532901132
522,494.0585494531947,480.52555176411397,1.0281629096296714
523,636.2735771064024,557.7617363312818,1.1407623285375184
524,646.5043944989013,564.3394176876864,1.1455949633075007
525,744.7179294816476,618.0376255754433,1.2049718312671573
526,629.0693623605687,549.8934317625185,1.1439841358793383
527,3427.1534473808933,3225.407154321153,1.0625490933104231
528,497.2629667673311,463.8763824888391,1.0719730202675175
529,266.2760660017803,262.19974365959513,1.0155466297765618
530,849.5304281285022,799.6006992171303,1.0624433282265222
531,242.9286042737912,240.8325988681974,1.0087031631741055
532,385.48672707997684,380.8134688334385,1.0122717777311137
533,400.38076159529385,394.6965793983891,1.014401397158214
534,344.97531566841747,344.1048514239323,1.0025296482769224
535,507.38220556694586,485.42715191817723,1.045228318115319
536,161.35417790074968,158.0685510253811,1.0207860884031321
537,226.4081805188226,194.5336969969074,1.163850705630819
538,562.8615482908018,512.5573694999593,1.0981435089693827
539,503.24212709279067,393.3535549793587,1.2793633633721662
540,322.87878513214434,255.64527232843696,1.2629953301750483
541,467.222835024663,418.37441437585153,1.116757667224191
542,780.5964652621042,689.4332428440227,1.1322292235895364
543,496.55820764506404,444.5600245540562,1.116965494464258
544,489.16518287513406,426.43038918610404,1.147116142000966
545,177.28474135074444,149.94886023357236,1.1823013597742025
546,41.11486559881637,40.73841167326815,1.009240760994009
547,1982.2422061670547,1675.7980002447973,1.1828646447110527
548,650.8669339201496,640.9791843712788,1.0154260072557104
549,196.93334929097594,185.57893079668793,1.0611837693295443
550,195.65310868390213,184.29754014812823,1.0616154102037765
551,629.8260685909356,603.3346210126751,1.04390838293648
552,1479.3120313647003,1422.220399314842,1.0401426052371083
553,122.54736485175181,116.31474082397446,1.0535841285775593
554,542.0901408048409,520.375042002747,1.0417297084781771
555,541.7948203883107,521.3717030193156,1.0391718945441855
556,265.4406392466856,253.3190490847606,1.047851080310463
557,576.3829078824733,537.9924235122147,1.0713587825635744
558,176.5829588871897,163.91882819101824,1.0772585482456822
559,458.68534988673366,348.98608367994876,1.314337079146654
560,458.82103379787986,334.96859922227503,1.3697434173327396
561,253.43754969922136,229.15335833014007,1.1059735346932824
562,1570.0598462896683,1436.2811764943533,1.0931423957820288
563,1021.7882261285928,954.7363926587168,1.0702307296395734
564,191.04131485068984,171.32416992209164,1.1150867676029856
565,141.52836519152183,132.32084844532113,1.0695847771109592
566,232.86629440134132,214.48672885995782,1.085690921946895
567,306.9907187824588,306.980091372692,1.000034619214944
568,1024.622764389989,925.3964596131319,1.1072257233600604
569,891.9105937337315,834.2136391916113,1.0691632836380272
570,10889.59625452566,10140.422034862853,1.0738799841946558
571,3811.6122369821724,3527.7277278843826,1.0804723411202821
572,375.71658064555544,347.9875448201671,1.0796839893787524
573,571.0178061468097,492.9906059353302,1.1582731988643917
574,1318.8446976365153,1232.2034868576918,1.0703140444763486
575,598.4878096934729,584.1490511820004,1.0245464038372716
576,130.68224581641033,104.21076699742989,1.2540186545180432
577,692.4454132481414,638.164202190007,1.0850583766244737
578,1186.3952832650245,1122.7756143239405,1.0566628524252297
579,750.3600809696972,712.8909916909645,1.052559352994287
580,651.9561852175249,604.9817643333909,1.0776460112577007
581,138.54705577893563,126.43708007432998,1.0957786726606342
582,301.85443676524636,291.39917111792323,1.0358795311847064
583,194.7667958464967,188.63891759943635,1.0324846978822924
584,468.84695863659186,414.82357267231987,1.1302321987544004
585,273.3312130868827,258.302287953626,1.0581834766247016
586,376.59810954228857,343.3631288078778,1.0967925148218427
587,261.20279608125674,240.66906577990437,1.08531935849259
588,74.56129291096681,65.2810114016841,1.142158972571361
589,141.3132261397901,139.94191989751613,1.0097991098255492
590,210.17026167342402,207.97250364125438,1.010567541351335
591,242.1442363895885,221.337580707027,1.0940041705348817
592,1104.6881525566907,1062.0127175120263,1.0401835442654963
593,122.02277543770548,121.95366105574824,1.0005667265858107
594,79.71970040860565,79.71970040860565,1.0
595,332.31602147497637,326.47132044743057,1.01790264767985
596,408.8257880174553,397.27934842011337,1.0290637800410705
597,1157.3760645664017,1077.44590130029,1.0741848506450764
598,1192.660924388985,1147.9824028104213,1.0389191693785413
599,376.5127540418257,367.69268340317734,1.023987615301491
600,319.1969691740032,304.1842201864616,1.0493541347356512
601,368.82851552985164,325.00645248186436,1.1348344400960242
602,146.1074004773684,120.91223231340433,1.208375676157051
603,157.4903262054921,137.95949032203782,1.1415693537129166
604,286.3130055192401,277.76506713649303,1.0307739863434542
605,668.2564722683135,656.2260687105264,1.01833271205063
606,680.1318545393187,658.4052309312701,1.032998862383456
607,863.7622989051698,811.6656878347034,1.0641848138356638
608,1271.9010388918869,1139.0758578429684,1.1166078449774586
609,423.23313577717823,392.5008363937386,1.0782986850825724
610,331.34414880780594,310.3710025240345,1.0675744386982393
611,244.37428243349882,232.65144919428735,1.050387965687769
612,421.80076304236195,391.1963221034547,1.0782329465020217
613,138.40636864196375,107.73757569552565,1.2846619923313514
614,422.5460840488552,394.64438265422814,1.0707008705076981
615,428.1601814245591,406.3254530014457,1.0537370432047133
616,140.22458339174307,109.15103731082016,1.2846839283115323
617,409.04246454096983,359.80275729297534,1.1368519452670571
618,93.32879171726736,88.12631906112581,1.059034267078976
619,97.42400311008338,91.77123515133515,1.0615962937561705
620,289.43570656915045,268.107216166698,1.079552093775765
621,1154.4710177505606,1094.3969612405815,1.054892382414769
622,413.47112731544684,411.1696948678976,1.0055972813081193
623,467.9895231735361,445.8942030699031,1.0495528310337086
624,453.10311489507717,430.22022701516624,1.053188777381925
625,75.21726322767675,57.40467481474374,1.3102985683730073
626,19.832192795841408,14.326581170407922,1.3842934723886204
627,94.12715551782763,75.31097110123552,1.2498465249013821
628,40.98032561865422,36.46079292763605,1.1239559627786515
629,65.72513841981277,54.26080456362277,1.2112820469285088
630,478.1146021780306,459.2802804417651,1.0410083396529664
631,1634.09465629211,1511.6523378041868,1.0809989938994715
632,1244.24107174307,1126.1716143810127,1.104841443217296
633,938.6777759721608,909.2398345675426,1.0323764317020048
634,659.9519940732137,623.6163130865453,1.0582660848091472
635,736.3077757752237,701.0289553756134,1.0503243412830328
636,305.80025391895725,293.0001753943718,1.0436862486766665
637,278.1851960074465,264.30624366467526,1.0525108758322768
638,334.1083940509987,324.046690708478,1.0310501653959876
639,281.32844066048756,267.2200720290411,1.0527968147164977
640,701.3719256850159,672.1135711167527,1.04353186102112
641,142.18678151694405,142.17315291232856,1.000095859199408
642,66.67152602637472,48.9341507005673,1.3624743675300324
643,289.47229931801667,273.547646261283,1.0582152808638061
644,121.98534514546954,121.95196629886489,1.000273704866085
645,331.33286459036316,321.9699504995522,1.0290800867481078
646,406.38062751173317,374.758531417623,1.0843799231854476
647,313.27358023101766,265.8826345388082,1.1782400936955222
648,503.2134264697961,473.13482869949434,1.063572994304771
649,476.9587758743969,437.7580164147487,1.089548924268032
650,1577.0313568635188,1514.6917602262927,1.0411566222740347
651,1436.99243542599,1341.2010872868425,1.0714220626922744
652,582.2953102711087,512.7440526936207,1.1356451765985611
653,456.74994164182556,448.4971540544648,1.0184009809488301
654,216.18958976759228,205.15968273160533,1.0537625467593286
655,146.41247214932497,141.41661172532667,1.0353272530224509
656,370.6876816033252,339.836025941822,1.090783946687232
657,396.9845410020808,363.2552483629853,1.0928528707874063
658,352.24139252672717,335.71413639724017,1.049230146537323
659,347.6302289000389,330.89653271471934,1.0505707812893477
660,348.15367701491925,331.5165493710697,1.0501849083414159
661,352.80263440180147,335.53252461019935,1.0514707473192515
662,251.18954980762226,229.69106220832367,1.093597405979167
663,290.9675165773856,267.6977249990335,1.0869256232134066
664,1116.3799240819385,1054.839151676231,1.0583413805867121
665,258.51069757765674,236.44792581595408,1.0933092209862558
666,260.03624676731505,237.7805994652009,1.093597405979167
667,131.59562823184527,131.59562823184527,1.0
668,201.58543273235648,172.82717057735195,1.1663989641150392
669,294.310954174587,294.27536555118996,1.0001209364682306
670,188.74090112242288,160.47091334194587,1.1761689217798417
671,478.02641718278574,457.56115287379714,1.044726839637615
672,476.25160926755245,461.81256081711064,1.0312660366467599
673,111.51717086810592,97.17917389511595,1.1475418692945956
674,194.30996345214612,171.75089189264818,1.1313476239389681
675,283.22122605287876,265.84799860799967,1.0653502284607996
676,411.42916408534626,388.8624413219446,1.0580326623643201
677,1904.5445068808742,1801.4924291382274,1.0572037251313586
678,2029.5098841350346,1939.313857167451,1.046509246883495
679,255.85337402496847,241.69788438946412,1.0585668743905705
680,1834.685477423359,1664.7000833502204,1.1021117231706037
681,1289.7434381198304,1248.4672713889195,1.0330614727969532
682,904.7466033439702,781.6333033599229,1.1575077462217045
683,1232.0236054780387,1137.0266009271943,1.0835486210026912
684,402.03793451629303,394.1413769785714,1.020034835211303
685,875.9986757636102,827.5326736139681,1.0585668743905703
686,109.35702244730476,109.17948143165724,1.001626139026486
687,107.76013108212308,107.68022698547227,1.00074204985342
688,401.3689889578308,368.17947761451086,1.090144924856648
689,111.5013887844769,99.50206490272248,1.1205937172608977
690,889.3971375483512,840.1956706202016,1.0585595339854952
691,33.107621938236704,31.14716842437672,1.0629416288231734
692,33.702262831430154,31.73250830943923,1.062073710114022
693,36.695568567187706,35.28743441446081,1.0399046906099199
694,44.93805398878813,44.273009798415835,1.015021436161679
695,179.4495147183747,171.28770949831394,1.0476496839380125
696,309.43367922366645,294.4351407729649,1.0509400420456834
697,305.4055499260967,292.79411371017653,1.043072710909768
698,826.4064737192446,780.9652757906165,1.0581859390388713
699,209.55616328296207,202.1242206825116,1.0367691836997817
700,857.2660958870093,768.1205621871279,1.1160566948579669
701,535.0787441854276,503.74148685298184,1.0622090063064265
702,322.0489223151719,292.2687392072884,1.1018931521333941
703,80.16543816026484,73.86936689786958,1.0852325060684505
704,131.963536355012,120.0910349341933,1.0988625123209614
705,226.76155833615417,206.71724579976248,1.0969648780818593
706,31.641554858902836,28.656093563734977,1.1041824241858993
707,916.0472239778628,860.0729003426956,1.0650809060637352
708,425.0230316709216,397.00467974363187,1.0705743618573533
709,777.332988105624,735.3512046647984,1.057090793044886
710,286.16284433194187,268.93322954348434,1.0640665150145443
711,560.6536691998617,528.6651196681923,1.0605081522150477
712,272.39652529390463,253.91390429700462,1.0727908975606186
713,78.73785351927714,74.89778150548732,1.0512708378886828
714,86.2608190213831,80.38870138123013,1.0730465542950547
715,80.01719480869554,76.13437092837333,1.0509996186081991
716,82.77287867056536,77.72028383919161,1.0650099894363214
717,265.4303774877686,247.43244228522903,1.0727387849237344
718,1461.9847728850093,1385.7572106689427,1.055007877014235
719,1469.5631601658613,1392.9402345365004,1.0550080496848144
720,1800.4870418043547,1698.0544170713265,1.0603235230291947
721,1434.2941955470974,1359.510191391995,1.0550080496848144
722,1209.4422980831084,1141.1533377237415,1.0598420546143106
723,1651.782321826873,1549.7802425010316,1.0658171246016344
724,1436.8689427828501,1361.9110550049224,1.0550387541847634
725,1024.2135564244027,961.0853981111167,1.0656842341350268
726,1471.887723952808,1374.318451049651,1.0709946612654713
727,673.6495597713234,654.536038929014,1.0292016324625668
728,94.15095359617804,83.34808155614064,1.129611526004482
729,4797.566271980058,4554.015969180602,1.0534803356966
730,501.16821402947585,486.3516997631499,1.0304646087873066
731,395.9555719516341,359.33077136440335,1.1019250326048167
732,293.32062291593866,262.0219759525725,1.1194504653649027
733,305.98158569311926,301.08319269749865,1.0162692342662318
734,1154.211103786878,1097.6115767060471,1.051566080644564
735,4437.0842271057845,4121.103229483426,1.0766738856143545
736,2086.258715366478,1969.504158813093,1.0592811932033424
737,2078.0375005619157,1927.826903490524,1.0779170561420324
738,1135.5465233127513,1039.1273219268837,1.0927886307590053
739,533.6653817237453,497.97803295870057,1.0716645040605726
740,326.44635021007235,309.21074401118483,1.055740644633823
741,217.2883594378391,212.14665758920265,1.0242365442240091
742,530.9053084007803,497.63655721200024,1.0668535112757143
743,1527.7568960648941,1440.646951019666,1.0604658518060746
744,196.83601005197528,189.67950081350395,1.037729481613871
745,384.5849121329855,347.26564994064034,1.107466034140504
746,189.62875574227522,185.03585008456884,1.0248217070130314
747,364.5232708099188,311.6399603120222,1.1696936119647443
748,1734.1544797948982,1641.1099206411318,1.0566961164413757
749,2481.642066784463,2365.6434262179064,1.0490347105066509
750,136.45355790952217,129.30096018676295,1.0553174370277527
751,135.56326526064146,128.4692193497651,1.0552198102143238
752,135.97808841854888,128.86070681431647,1.0552331411194904
753,139.73983186888816,132.30927694996802,1.0561604982674795
754,78.21382143989882,72.87408297787889,1.0732734909836303
755,141.7430065125841,131.74766923432355,1.0758672797503768
756,333.94790489738807,313.32079573873625,1.065833833691179
757,269.73989938613477,253.18248742793932,1.0653971454597861
758,1627.5431462021907,1496.8044348613773,1.087345219118703
759,461.125768471042,430.93253605697765,1.0700648706879543
760,453.00054798150524,412.2899567058883,1.0987426218210266
761,329.97675764905034,313.7886348771662,1.0515892577760857
762,443.1104027116273,399.81663984312587,1.1082840446197746
763,1578.4972443320987,1501.890528336415,1.0510068573909566
764,140.751123678607,134.46914289442034,1.0467168946642205
765,308.96276616385603,300.31089736591065,1.0288097064536543
766,664.6838138968245,641.0769357055157,1.036823783350323
767,699.9450198116341,672.5971763913404,1.0406600627838225
768,842.198733810284,811.2120682947292,1.0381979838893334
769,1952.4980672873858,1824.5739361123806,1.070111782615712
770,238.67217990438516,215.56046334009008,1.1072168625274834
771,1090.0552031144657,1058.094598947701,1.0302058097627096
772,973.8788202503,949.9258768020428,1.025215592114298
773,2624.709092422478,2508.0712518335417,1.0465049948256724
774,924.2762881901068,896.6226852797218,1.0308419621367908
775,926.1554795816432,898.5134773602518,1.0307641486943535
776,926.1868069861544,898.545446817674,1.0307623395860233
777,926.2101262634872,898.5643051111148,1.030766658540875
778,2986.7569523376424,2849.895502810733,1.0480233220452921
779,1096.8896632821397,1064.6795529660399,1.0302533379422638
780,262.5028547022448,250.9277734475129,1.0461291354707418
781,262.9430808501646,251.3423489758086,1.0461551024792586
782,263.2591410302535,251.87975759758962,1.045177840177391
783,266.54445903294845,254.43894883103954,1.0475772685649145
784,1998.0952425684422,1927.6985007003486,1.036518543663606
785,2525.1627520739635,2418.950235296329,1.043908516689523
786,862.3846472706673,826.6271025317973,1.0432571647231885
787,382.33326445235036,357.4688739218777,1.069556798771539
788,337.9330664480846,316.37420938566754,1.0681435351645125
789,252.80273785937766,239.31040260400167,1.0563800616628538
790,329.7142687302062,310.9881659614576,1.0602148403649205
791,580.4744635658817,556.147551249469,1.0437418312132432
792,1029.319404835687,958.7830128171994,1.0735686709876409
793,1081.6187037437367,1028.4159939200792,1.0517326744607123
794,1314.0663933227743,1247.60497737194,1.0532712013467869
795,695.3708658941681,665.3338313076629,1.0451458097771307
796,755.2151871391948,717.0528123714449,1.0532211492784456
797,1569.032116479277,1477.4177321158895,1.0620098042495953
798,3457.234732483933,3299.6680280398728,1.0477522899591996
799,5137.911005075546,4932.046971473148,1.0417400796855973
800,2386.7861595484583,2291.153203612947,1.0417400965525598
801,2330.9225995345128,2237.5308253707694,1.0417387653858434
802,904.4544774395426,857.1101605722744,1.0552371434211647
803,2292.3301821940636,2192.488500200548,1.0455380641606025
804,4009.269594999486,3848.6275734053593,1.0417400796855973
805,3937.3603706432036,3779.587389192948,1.041743440540991
806,441.68844635851497,438.0765948385723,1.0082447945461994
807,270.1295985178061,264.87854394598514,1.0198243862775527
808,565.5019085602497,536.1512047089542,1.0547433328387807
809,531.3009780377267,499.14472542733705,1.0644227034210558
810,233.5528726890993,226.15305907275186,1.0327203781663947
811,287.56393389944884,270.95078587795217,1.0613142640190751
812,3215.80103096718,3010.419979771108,1.0682233882900576
813,606.5468069718296,540.0845934615121,1.1230588954303393
814,1953.1016999566161,1874.8454994129368,1.0417400796855973
815,1969.6040136713855,1890.4962318850185,1.0418449825247673
816,1238.5225158163896,1199.5355145128908,1.0325017482448868
817,6974.192097741601,6705.543665533137,1.040063631766255
818,646.8288375060883,601.5579091326227,1.0752561435668613
819,765.765593357104,709.3727824927232,1.0794967219720744
820,720.935418573055,701.4365185123604,1.0277985242371594
821,1580.0602718127009,1462.6085651099809,1.0803028981946978
822,1534.3780646810922,1438.5173734991818,1.066638535583849
823,830.3705353669291,813.1469880304442,1.0211813455500864
824,838.3939341743095,821.2281628188507,1.0209025604973623
825,462.62910919951963,453.8923323494196,1.0192485667358095
826,828.9051269649611,811.774445654405,1.0211027600120455
827,681.5711420719587,607.8287127575209,1.1213210691872262
828,523.6088550800145,492.4036136677511,1.06337329894845
829,274.17455280056964,270.9755768302881,1.0118054033049815
830,562.7553988563513,536.0863986436107,1.0497475785250618
831,397.37743063114937,388.8407644199639,1.0219541441955544
832,398.04717557846226,389.5187589436113,1.0218947520216493
833,397.85765187077027,389.3388908946145,1.0218800668912924
834,2590.1550943326097,2340.200466946996,1.1068090665376638
835,358.2061668455981,355.80140902772575,1.0067587079670193
836,457.4091491728153,453.72254252410136,1.0081252446224185
837,2315.372429203523,2200.9455400875004,1.0519898775466627
838,1797.969544415505,1702.3825160183549,1.0561489721010031
839,546.4285925776696,503.45590186099037,1.085355421513252
840,537.2438619355332,495.177220838923,1.0849526984002646
841,278.3369243292272,269.4900435143453,1.0328282288262385
842,315.8949463611428,302.3970462675411,1.044636348999453
843,1049.6799013351774,1011.3552164206525,1.037894385960812
844,229.0893658080519,222.68749515708038,1.0287482269556973
845,421.8237254576232,401.0543138733811,1.0517870295014438
846,320.8222047582353,308.74799684349654,1.0391070000070612
847,267.36371492092957,255.83541209719363,1.045061403850364
848,350.9241553515416,319.1255838030215,1.0996428151249307
849,388.4655172227859,362.54201013791896,1.0715048362947097
850,427.431750951356,405.9819482554631,1.0528343754890195
851,427.7001641616263,404.5681208592709,1.0571771281761517
852,271.199472784603,238.96664168822494,1.1348842284791851
853,305.04285983729176,267.9697118712373,1.1383482771510707
854,345.43438670144985,307.3879155786433,1.1237734770776069
855,300.8269722080143,263.7870131688841,1.140416158453624
856,1180.5018435260417,1039.7565939303313,1.135363651855947
857,4525.156511487591,4327.211587067328,1.0457442212929589
858,1604.9997099207735,1522.179420458729,1.0544090192975315
859,72.67280776980667,70.65511131902389,1.0285569778762702
860,106.6449513727977,100.60297180220152,1.060057664921425
861,72.32196588802988,70.33728536293788,1.028216621026119
862,107.09214446272593,100.94072327016805,1.0609409264494132
863,1729.8997976933706,1630.7630391387465,1.0607916393585797
864,2330.5382858760827,2175.070691562473,1.0714770305704082
865,1017.4609245829391,952.9140622547408,1.0677362890158957
866,1009.5846296148684,981.4916346430676,1.028622755386007
867,867.0264287765291,760.0976743153255,1.1406776498264146
868,344.4615419472781,303.94676691933404,1.1332956275159078
869,528.0035101461852,512.1123441104863,1.0310306248588892
870,3002.230293912561,2798.024958766373,1.0729819562568237
871,2240.2652392079967,2089.7046660955066,1.0720487327971584
872,746.2777056797352,708.4618698926857,1.0533773762486012
873,1187.5922184963722,1090.8124251893453,1.0887226722689995
874,780.0348236982693,718.3465109549134,1.0858754261384973
875,710.6201377397621,672.3281254236949,1.0569543514068163
876,1064.0308300758063,1019.058407282158,1.044131349559826
877,129.6234663225341,124.13833885392368,1.0441856038936117
878,92.50459834369619,91.86792584792403,1.0069303022779255
879,380.3019734749943,357.3738832820318,1.0641571509993868
880,53.77361476604286,51.46652471166714,1.0448270029363906
881,205.97273495124531,197.76275107784846,1.0415143085775795
882,815.6026680676213,754.8801431934143,1.0804399551660333
883,154.9360681711892,143.64765662100064,1.0785840285579587
884,821.589555834443,762.0373193667963,1.0781487139201145
885,393.4171347238553,364.3758838677905,1.0797013527563808
886,790.793033536332,730.2522951072807,1.0829038660127146
887,310.0221392983548,281.2735554924065,1.1022086266006061
888,306.8876334013616,287.65386813945895,1.0668642677614815
889,1189.3074277288574,1098.7151140725746,1.0824529602769248
890,179.2770284564643,173.2853299939261,1.0345770669839636
891,177.89028708510375,164.54907725515943,1.0810773907243287
892,384.8168679983151,355.89928133904925,1.0812521636752543
893,337.720735937091,314.718341523113,1.0730888269894137
894,1309.3010851540114,1228.614578852758,1.065672756688754
895,1356.6115450573002,1283.5683041904458,1.0569063918362516
896,1110.4888857637593,1057.486887002712,1.0501207148877973
897,1103.087187192728,1050.511604092518,1.050047598613275
898,1109.267047230303,1056.375243188045,1.0500691438798162
899,1117.6014950426859,1064.1383792842896,1.0502407551491133
900,2162.7116584476585,1934.41191031247,1.1180202349448474
901,1603.064751253635,1493.2309483882566,1.073554464554816
902,1762.3490907344424,1713.6408526286175,1.0284238310676999
903,2634.470620495443,2564.703321823413,1.027202872971065
904,2705.086284290663,2633.2933933770546,1.0272635366397733
905,1977.8695642130895,1886.5970329592,1.0483794523469194
906,1188.0021357287005,1136.0739360358568,1.0457084684770066
907,765.0731733268558,729.330758982769,1.0490071396329677
908,569.9019105990537,546.4221175538337,1.0429700634197092
909,915.4266253169321,875.5742348135693,1.0455157186207613
910,1339.2025397129185,1274.105076080972,1.0510926962414908
911,1073.4575319340822,1019.560684077011,1.0528628150327932
912,290.3003033209318,285.7480930083513,1.0159308510676481
913,400.8401756509472,390.235195528434,1.0271758678971856
914,384.8751888992039,374.6750290296822,1.0272240183604915
915,386.5825110503057,376.39025453409454,1.0270789596527343
916,400.3653599149384,389.6832601608896,1.0274122623323323
917,5372.466911599063,5066.5032083825445,1.0603895212600083
918,4652.7166233474645,4483.951768885668,1.0376375267086644
919,333.99221851129255,315.4109525504805,1.0589112895749497
920,967.0388841576321,934.6067245066978,1.034701397711484
921,1241.6383569407972,1200.6256148575753,1.0341594761728343
922,508.88751006220747,487.4752343319572,1.0439248483250516
923,289.361043234239,279.3006611198102,1.0360199008269202
924,147.2068390211058,142.84857590192294,1.0305096714592041
925,134.95033888798235,130.75557976470222,1.0320809186944733
926,290.9513040142932,281.0832404596849,1.0351072640918402
927,675.3207866476325,565.2901404229998,1.1946445521627145
928,3462.3129514978677,3250.2944158608625,1.0652305632998635
929,1526.198244634608,1475.0155114474574,1.0346997931817843
930,1585.7346442785022,1487.042842787409,1.0663678265692056
931,1574.4223195952736,1486.2345855057797,1.059336349018875
932,1581.6577287370349,1493.1690048270236,1.059262363218062
933,866.5156135743359,819.9239398343873,1.0568243851366987
934,845.8732832874671,798.9038424617281,1.0587923581403842
935,851.0415069686827,804.0198534536868,1.058483199529232
936,853.6391644351154,806.451009271418,1.0585133562004332
937,347.57065893756777,309.37627185459445,1.123456097179051
938,853.7150065072105,806.2512764819637,1.058869649462575
939,352.6594887444566,314.2979154457979,1.1220548130083743
940,840.5852265371245,793.3483344616103,1.0595411750723225
941,946.5201321255753,891.2018093886519,1.0620716005669588
942,1534.5517298964348,1445.4890716862767,1.0616142037699805
943,1851.5260409445566,1775.7390993892232,1.0426790971609516
944,1290.9885101237278,1243.7287963703761,1.0379984076040303
945,2692.1947664383783,2528.9065930487814,1.0645686850745804
946,4752.475607358436,4459.375180822753,1.0657267923533642
947,3915.160436618252,3756.2165363950307,1.042314892840487
948,998.7757310889679,958.4984515036257,1.0420212255138837
949,349.6427571198203,311.72108375562794,1.1216525777060395
950,1115.3858700424387,1074.5315041100582,1.03802063110864
951,508.66216194961754,470.0756370667252,1.0820857790539251
952,1693.6898344731237,1593.7744361750513,1.062691053407697
953,1807.1422299152032,1701.0749533469077,1.062353088180862
954,4364.67521461628,4204.666175992597,1.038055111137547
955,5455.430030959194,5201.985580491248,1.0487207137633034
956,5435.027248818627,5182.523946139762,1.0487220715819257
957,3751.2401127122257,3571.5277965762584,1.0503180505295922
958,2240.171127195193,2125.571452237297,1.0539147601165197
959,2228.276690742236,2114.378149944001,1.053868576347732
960,789.7143951278535,769.6385335007258,1.0260847927348598
961,685.061809638414,672.4226020369232,1.0187965240359318
962,570.0539068320276,561.8865534257118,1.0145355914935517
963,1153.3156531740347,1101.6409401418734,1.0469070376283458
964,2173.272157874146,2072.596130560671,1.0485748409103903
965,1948.7676601897876,1843.143566286418,1.0573064930130114
966,1170.5217830439692,1114.3943534451662,1.0503658596485923
967,1440.4950039010757,1398.088666865799,1.0303316506601417
968,1440.0118666503718,1397.444787293297,1.030460652001517
969,1710.056895309291,1612.120165580435,1.0607502665247006
970,2252.283271937038,2148.7471460012557,1.048184415801766
971,1730.1569907811454,1627.6595763350247,1.0629722676266942
972,1546.304094054608,1453.6618334867505,1.0637302696086104
973,1936.2059932316524,1801.9055046647268,1.0745324814310473
974,1598.896415008401,1515.6097129185275,1.0549526051330806
975,2648.7806996504964,2493.1013358192413,1.0624440577663476
976,2728.476429329482,2570.292570226524,1.061543133624285
977,1974.2328035909898,1861.06374388509,1.0608088036090866
978,1547.3113848461521,1454.6166352435328,1.0637245218820837
979,3880.5818772221637,3607.9825825238,1.0755544929786438
980,1628.0473899483518,1531.5595766837664,1.0629997126677286
981,1626.807386800545,1548.5947227164577,1.0505055731733937
982,178.09745049703622,168.5618793551627,1.0565701520317172
983,689.7900275165799,650.2829431986609,1.0607536838096792
984,567.3564274015697,534.1718625594198,1.06212338606371
985,577.3120241169956,546.1681886677574,1.057022426599407
986,778.9386613236262,733.1538728834331,1.0624490848832666
987,708.2361019641745,667.241080186441,1.0614395950655178
988,770.5728447597465,725.3490333400844,1.0623476551852777
989,778.0235448184392,732.2925454860007,1.0624490848832664
990,548.4243771610059,518.2895016942255,1.0581429401295475
991,557.2328204721616,526.525537606912,1.0583205954355337
992,240.8672280266206,227.89408220684862,1.056926207535292
993,498.78347953073234,471.4090761326099,1.058069317677757
994,628.2197750863105,594.8678186242731,1.0560661636381157
995,1052.1371535054259,1014.2502547768225,1.0373545863559483
996,1078.7954034957697,1032.8337475993142,1.044500536512568
997,177.6381081556009,172.19738636950655,1.0315958441693156
998,395.4295543328034,385.2459892284555,1.0264339289417206
999,393.88985877159985,383.74756072402454,1.0264296091640026
1000,290.639329569865,282.7373007750419,1.0279483066902104
1001,1583.886469862182,1543.0457331675282,1.0264676126033003
1002,1057.617583505029,994.7316889710191,1.0632189516341446
1003,1382.267396770656,1299.6270263488536,1.0635877592157887
1004,1320.511623526912,1238.2130311536373,1.0664656164186848
1005,803.0510384389929,750.7870198842986,1.0696123097103472
1006,671.7958431793846,624.3336901302893,1.0760204900030155
1007,477.45235028784634,434.51189086062885,1.0988245899143663
1008,1370.6815115708596,1315.729982060755,1.0417650507773921
1009,488.6344166239234,470.3657868197493,1.038839197739471
1010,591.0493054528018,574.7191780309284,1.0284140986521848
1011,793.224958746583,728.4703691301804,1.08889117850287
1012,288.49225318509764,265.3158071243766,1.087354184855847
1013,1555.1664210318197,1488.9708362583451,1.0444572742202383
1014,312.8677728397632,303.19731695531965,1.0318949256594794
1015,292.71852831004134,280.3310952442729,1.0441885801322697
1016,671.3178438456439,599.295897202235,1.120177606720883
1017,156.44897654694375,150.1417713537833,1.0420083307682484
1018,822.6511911251345,749.1965005001083,1.0980446259105499
1019,814.4536186125176,741.4920739834511,1.0983982798859897
1020,815.870479498712,742.8156670173238,1.0983485078804678
1021,823.280068412352,749.5667537555238,1.0983412274990925
1022,490.51054198624536,450.00218831361474,1.0900181259660888
1023,3407.288024093223,3201.790570877312,1.064182040850849
1024,401.1694396336901,376.85390628631103,1.0645224394434314
1025,190.03833502801,183.59856844032706,1.0350752549019793
1026,1142.192075899366,1072.3210645968313,1.0651586671281186
1027,682.7093769166705,586.9428838822454,1.1631615199097263
1028,2137.819100853374,2021.4595086050374,1.057562168202238
1029,1547.235738886203,1483.8433931008415,1.042721722575378
1030,863.0872758216248,826.919946947185,1.0437374004677984
1031,1609.3032178921287,1543.3821612811025,1.0427120762859587
1032,1139.947532587803,1092.7411431171302,1.0431999744569083
1033,3428.0385335235383,3268.1554560950435,1.0489215031464663
1034,527.2426382864779,494.4612019975799,1.0662972871409604
1035,1265.9809140173088,1171.804701000793,1.0803685229595712
1036,611.1146210705332,574.1118887372761,1.064452126944527
1037,3060.228447810476,2850.5719343369137,1.0735489292335054
1038,914.0868504104604,851.5144256926523,1.0734836930882405
1039,1096.0039538380734,1028.9832611635181,1.065132928011649
1040,907.7747186394627,845.5840545047508,1.0735475838308424
1041,955.0777143224441,896.354066366655,1.0655138969735738
1042,649.1404436923259,608.274815248773,1.0671828381170763
1043,109.53862878286766,102.0078520877748,1.0738254608930777
1044,651.1725771274071,610.2834062336851,1.0670002993298904
1045,590.6299889709612,553.3550993944451,1.067361608517401
1046,177.8679967614671,172.95042676510033,1.0284334077015362
1047,42.093833290545945,38.766922834657954,1.0858182752878622
1048,88.95264422514772,82.66034986815963,1.0761222807189188
1049,376.6616647133569,370.2983870469842,1.0171841895319014
1050,401.63686472149925,395.0746202291043,1.0166101393417515
1051,720.7901878338309,711.8737766537606,1.012525269889815
1052,667.638544471394,648.7807097572934,1.0290665773974002
1053,680.5753402084617,661.5980227204499,1.0286840601638716
1054,1297.3173141147759,1212.4055386102657,1.070035786542052
1055,1012.0100825253018,927.4078326495085,1.0912244288837776
1056,1014.503780646932,929.6930620263664,1.0912244288837776
1057,1013.7539471368718,929.2648642868895,1.0909203458529755
1058,453.36356105578227,418.5915563199621,1.0830690543342953
1059,178.21835748085215,168.0035651985771,1.0608010447290293
1060,178.3424321705692,168.09969333547124,1.0609325254071513
1061,7796.741629311352,7506.17654816758,1.0387101314869425
1062,534.8961630285337,492.8741515919921,1.0852591098575768
1063,247.1104362129474,236.05420428283952,1.0468376827419703
1064,462.5942563305032,452.17322538944114,1.0230465457836138
1065,317.11959770740594,299.96775904198415,1.0571789405641463
1066,574.3832393992597,544.4066003754665,1.0550629603004793
1067,586.3214316358137,556.0926895223633,1.0543591791134934
1068,443.91775234586737,428.94982888493894,1.0348943453359982
1069,390.8811094960442,377.64331002330084,1.0350537110585292
1070,702.7800958390644,684.162005921899,1.027212984287366
1071,187.7885717197514,177.6678768385621,1.0569641235167426
1072,534.8683283668978,525.5782944208228,1.0176758325918167
1073,886.8802696588319,812.4245489823857,1.0916463205964257
1074,960.0207082350403,909.6902764192643,1.0553269976830877
1075,988.7313693570029,911.0814565117629,1.0852282880858277
1076,953.5231662180772,854.4446080238087,1.1159566778979637
1077,957.1350099610722,911.8605327473292,1.0496506599285926
1078,914.124104079998,873.6681058836888,1.046305911734513
1079,1256.4729141505675,1228.1338730944317,1.023074879438617
1080,1235.5897316930534,1193.7394043740242,1.0350581769904588
1081,861.7832662191353,794.3869724516417,1.0848406332237484
1082,961.882279115143,887.4439711748402,1.083879445191067
1083,338.18009483580397,327.23902027037593,1.0334345047127576
1084,330.79923342557356,321.00871295272304,1.0304992359328653
1085,243.93289373604094,226.12725657610872,1.0787416671016803
1086,307.026956365228,293.2884786077017,1.0468428825528557
1087,332.83734181151027,321.8124776767301,1.0342586596218153
1088,418.4581459703609,394.69195556026716,1.0602145295217824
1089,947.3413502780219,899.2139285552253,1.053521659523361
1090,451.5744735515773,420.26424218874484,1.074501297564047
1091,2612.9345981744696,2477.577990017094,1.054632632636699
1092,778.2492551446779,760.709725096269,1.0230567974481846
1093,802.0974655138878,779.049227495413,1.0295850855183737
1094,3626.5084332044107,3390.4014750562305,1.0696398228602895
1095,2220.6498857541887,2134.9523201477605,1.04014027142325
1096,505.2204408842573,457.53499000126646,1.1042225227033649
1097,462.3936214615769,423.9881716345536,1.0905814180592894
1098,1116.828350111589,1070.1256535559,1.0436422549076378
1099,357.44876773582183,342.01894923867843,1.0451139287208782
1100,397.09813665995847,387.368638549773,1.025116896779798
1101,348.85895323329635,339.89411939823503,1.0263753719862323
1102,362.6969906009746,353.81037200763683,1.025116896779798
1103,396.9922970289312,386.98508468449063,1.025859426475311
1104,672.5010799647566,637.4560771117636,1.0549763412904896
1105,417.5393412968697,389.96034631150724,1.0707225625534034
1106,1142.6846683762587,1067.0754989134607,1.0708564384992312
1107,513.0261041450707,479.3514555235031,1.070250435736742
1108,1471.874953032884,1375.0348151783319,1.0704274079358438
1109,588.6802963312361,560.5578813610532,1.0501686193438238
1110,313.50055834851935,294.5449313063186,1.064355638231939
1111,257.4913534354425,232.68560628558507,1.1066062810924895
1112,1076.208453987698,1038.0613539009103,1.0367484060007008
1113,746.7884000943706,646.4679066139631,1.1551824807605084
1114,676.2576102828375,630.1531572018889,1.0731638849286564
1115,424.0980307374465,415.45417932212666,1.0208057876067669
1116,757.7090648007149,704.9218659926394,1.0748837585478257
1117,824.2471057812992,781.492490326129,1.0547089268091725
1118,998.8238909538538,934.3368946293783,1.0690189980671323
1119,784.7938637080404,731.220664679691,1.0732654335635015
1120,997.5305925979886,933.1141800053026,1.0690337945484014
1121,919.8441146566068,858.9013839188154,1.0709542816891675
1122,658.6999830898412,619.6255174990652,1.063061420950655
1123,655.2184111741246,616.4299229933386,1.062924408329226
1124,995.8772753164255,931.5805463470427,1.0690189691288705
1125,991.099088143752,927.1446113819012,1.0689800447273563
1126,927.0849753658134,875.5789016417762,1.0588251654162286
1127,696.6203333617494,659.453186334454,1.0563605541644094
1128,927.0302710201177,875.4876369395581,1.0588730576033456
1129,632.9982243804005,599.7672008322023,1.0554065369064676
1130,205.26429158281232,188.1126978827148,1.0911772245741287
1131,205.04249958365185,187.86667486077357,1.091425606673494
1132,307.8347303184395,271.5203837409775,1.133744458066562
1133,304.2748102533792,280.6609486395213,1.0841366129784853
1134,655.9758668213062,617.407221228421,1.0624687309554743
1135,999.1000658468971,933.7335459703468,1.0700055386878284
1136,263.30612935377883,241.59027220786302,1.0898871338959857
1137,207.54332688785968,190.26345756791451,1.0908207468781919
1138,221.46528924580636,221.16030872355145,1.0013790020642273
1139,599.3289688721226,550.9042382634034,1.087900450287634
1140,508.5142045169269,494.3564297394256,1.0286387997117057
1141,596.8297479045497,578.6393109610243,1.031436573006618
1142,594.0364896050878,547.0211020543858,1.0859480326702784
1143,593.7599202731416,576.0393321690019,1.0307628092641088
1144,770.5041572822036,718.4982434661665,1.0723814070374773
1145,780.2669561410123,726.9575359152608,1.0733322341292375
1146,1112.1479073294954,1029.704317483756,1.0800653046179345
1147,1209.7052952446052,1119.8084804079697,1.0802787408824446
1148,1130.9188318625543,1046.9091214908156,1.0802454660554561
1149,1189.603126313294,1101.186374116013,1.0802922686618406
1150,3863.9531371357753,3626.321790275186,1.065529580827011
1151,391.408843069889,368.05258395560656,1.0634590276836626
1152,871.5437976603051,840.0870528901637,1.0374446251277416
1153,434.0418977871499,411.89217165493744,1.053775545291908
1154,506.8130923271383,483.91222214678083,1.0473244302009201
1155,767.7185948119463,717.9034167416127,1.069389804963504
1156,629.2518990363384,586.0168159021257,1.0737778882123985
1157,652.9625761562293,613.6487015562238,1.0640657667820443
1158,638.9051312749463,590.5959131738277,1.0817974134658461
1159,3800.9185604086792,3557.59300487167,1.0683961192873401
1160,774.5072235572038,743.9283300699669,1.0411046229202763
1161,764.9039317953949,740.159939308449,1.0334306021885822
1162,394.03473607685174,377.82256919490516,1.0429094718097247
1163,537.917499768294,503.69963509036893,1.0679330741857416
1164,305.41137484605883,300.3927092672121,1.0167070152637505
1165,330.2505966360929,322.0579390699152,1.025438458650756
1166,540.0661019989199,505.75842421234785,1.0678341202917216
1167,787.5723231952763,749.2939019276406,1.051085990649544
1168,789.7367840990474,751.353163418162,1.0510859906495438
1169,788.2746714558754,749.3900900918326,1.0518883047402958
1170,786.6904597674995,748.0841529539458,1.0516069036633242
1171,2072.163826992017,1987.2338681515107,1.0427377774713082
1172,1438.916366619473,1377.8643408789626,1.0443091703074079
1173,2269.1020049277945,2153.2874126170736,1.0537850133856315
1174,2645.245021453263,2456.5159170172415,1.076827959114216
1175,2937.8174451216455,2808.631361296627,1.0459960981726626
1176,3194.1518295682386,2981.200775026513,1.0714313025562097
1177,540.2452628005789,532.7187329731707,1.0141285247946916
1178,375.67984117533155,357.6220600369494,1.0504940359006836
1179,59.65115821351867,57.06029330050038,1.0454057412459106
1180,369.08128778780093,341.2191141562812,1.0816547856658423
1181,454.7878533693068,418.01429558501826,1.0879720099831114
1182,1044.0143143240105,996.0355859618221,1.0481696929692101
1183,2440.315214762457,2318.7803100372794,1.0524132899520884
1184,448.6845265575367,430.0082606969068,1.0434323420446892
1185,1317.3953948661838,1224.821664179164,1.0755813955569278
1186,1375.9904430351878,1278.4187448788225,1.0763221742071796
1187,204.1552212657298,193.4730502020101,1.0552127081914828
1188,693.3628999576034,647.7454915678089,1.0704248952460969
1189,312.1436297185025,305.067483932651,1.023195345812121
1190,489.15859104220834,459.5392990188587,1.0644543178060908
1191,2087.851604653095,1982.4951410375188,1.0531433653655458
1192,2566.359406211248,2436.881323470448,1.0531326993619885
1193,638.6625832581725,606.3406282646635,1.0533065961388963
1194,694.2410559723787,659.3092786793551,1.0529823838714882
1195,697.7524098403604,662.6132134299713,1.0530312340565826
1196,642.2033333160222,609.7099833857428,1.053293124297953
1197,1258.8816844399764,1198.604545566443,1.050289429567487
1198,247.57086516598676,236.43630876951377,1.0470932592985425
1199,336.99255411947763,321.93180975628997,1.0467824051763912
1200,567.0408040851783,538.7254314426834,1.0525599331122488
1201,541.1475681862896,514.2095967577536,1.0523871425161802
1202,477.36207078731013,444.6675977221694,1.0735256475457617
1203,254.1898965777284,244.10123051954508,1.0413298451495332
1204,474.6838641632096,442.13112792074,1.0736268816800096
1205,257.61743567650666,247.25041357958403,1.0419292406707572
1206,459.34388849492274,430.04845845298416,1.0681212302151324
1207,398.7121682457978,373.4901142704791,1.0675307136966228
1208,270.073492899828,259.1387880418455,1.0421963263030187
1209,1058.1673913659245,1011.2596901398535,1.0463854158169636
1210,177.30250396283145,167.17477420871052,1.0605816864539437
1211,240.35675728837575,225.91670606717963,1.0639175892415063
1212,179.2134367760287,168.91348985955202,1.0609776455689883
1213,177.23576188460333,167.11184451731518,1.0605816864539437
1214,412.87623590168425,379.0332301781381,1.0892877009956108
1215,204.90558894555232,199.41313501577415,1.0275430900243543
1216,397.3959002746149,370.2212469839362,1.0734011176075418
1217,2087.4572440331344,1902.42644228748,1.097260423653055
1218,2097.326124373133,1945.361242929898,1.0781165359367197
1219,424.56702102951647,405.6652038385892,1.0465946228862364
1220,423.6912380920814,404.871283414397,1.0464837973169405
1221,1011.1783047163008,966.7952840427711,1.0459073615749725
1222,1000.1164392174103,956.2303015311314,1.0458949456171882
1223,4089.30418502754,3903.545058467319,1.0475872889329878
1224,1578.7944381367597,1486.2462104272424,1.062269782126417
1225,304.82725223134304,285.25960588427375,1.0685959243560326
1226,314.19801354265917,310.3956002124769,1.0122502165867666
1227,314.49429675482736,310.7150987972996,1.0121629041271443
1228,305.7448432248403,288.41360658805206,1.0600916053920537
1229,1692.2092736634636,1634.1527586229456,1.0355269816326356
1230,633.8505146608135,614.6597453870619,1.0312217766297138
1231,720.8305569255673,691.1420766800527,1.0429556834220326
1232,609.9428650948565,594.194318591659,1.0265040341357088
1233,730.3874478942678,700.8645534200793,1.0421235377508002
1234,701.4509986850434,672.4309025464611,1.0431569935716587
1235,583.3421749464387,556.2938555750746,1.0486223586694168
1236,738.5090954437225,708.5928171519447,1.0422192796308896
1237,754.9902974263465,724.0921569129405,1.0426715580584875
1238,604.6955961760233,575.2118627161672,1.0512571721324262
1239,830.2386505849078,791.7588024200394,1.0486004677778804
1240,642.3477476942755,618.86694582385,1.0379415996101835
1241,425.44961432185374,396.29123144751384,1.0735781681765566
1242,193.13900842156207,183.93541754661635,1.050037078218572
1243,505.6241266493386,472.88272077680176,1.0692378986035962
1244,327.21952128251667,298.02548781637927,1.097958176933258
1245,429.57311826365867,397.5434890902145,1.0805688686959622
1246,516.4968399794366,483.03015070694374,1.0692848867167242
1247,516.5037848087416,482.89589288396655,1.069596557808891
1248,531.8630240071277,497.2929496144745,1.0695165182202033
1249,529.2375098505808,494.9004365026788,1.069381780284035
1250,1903.9665615254755,1813.8956351611296,1.0496560687497023
1251,1548.8318651908673,1389.8252908967524,1.114407598807991
1252,258.2237944268267,251.86658572666448,1.0252403814575917
1253,273.11511174540004,268.31496203896364,1.0178899814977123
1254,556.7138385658676,540.4883491255745,1.0300200540243716
1255,273.61695085200967,268.7914858193645,1.0179524474814952
1256,329.9476460313539,319.93803146860085,1.0312861041146195
1257,600.4191272152922,574.8439754834365,1.044490597140463
1258,377.7743567948937,366.21803136592007,1.03155586136999
1259,81.79886171047572,75.69353224768439,1.0806585355643528
1260,259.9151479116874,250.85065351997147,1.0361350240253382
1261,318.45009784556186,305.01471395232966,1.0440483139948848
1262,471.65441453123174,447.1284422062531,1.0548521856582436
1263,755.2843106071577,710.0080377469334,1.0637686764841416
1264,337.64913697053737,321.3653951943714,1.0506704891679985
1265,1181.3817568762115,1018.9742185278211,1.1593833635781592
1266,294.66436288677386,282.80067565995415,1.0419507032617026
1267,291.66435977375374,280.27185800136215,1.0406480402764384
1268,1450.7991745687104,1375.172790471282,1.054994095739424
1269,1691.0315283102323,1587.7541153964949,1.0650462259314926
1270,821.8548365824863,794.2615876428916,1.0347407571622371
1271,291.64570369216926,241.9985332629442,1.20515484023732
1272,741.7633273334635,682.8106410501724,1.086338265309722
1273,244.74123118060237,236.07260976416583,1.0367201490469242
1274,2208.670680813155,2114.8903609295676,1.044342875458739
1275,525.8168519313731,482.74398728365964,1.0892250670797148
1276,5153.015701882737,4864.226254528666,1.0593700687925862
1277,3307.6616220221463,3121.074956667983,1.059782820965428
1278,647.8482272296172,609.2022994945853,1.0634369367402157
1279,512.1351527848213,469.93427779987417,1.089801653079069
1280,511.8775274096739,469.5611924579012,1.090118893195303
1281,369.3429120325745,347.47240261430113,1.0629417163887687
1282,396.7337879580644,371.3004907003919,1.0684978821592643
1283,1269.2252826395384,1212.1001291225862,1.0471290713897572
1284,1319.5449371801724,1200.3412817066483,1.0993081361861021
1285,146.97242487434144,145.2858540780305,1.011608637379143
1286,290.9258522947192,241.41326917931949,1.2050947045442737
1287,745.1281410924577,685.9435175538687,1.0862820655403906
1288,668.6764897912146,633.4993001632214,1.0555283796192512
1289,1199.5999338143602,1128.1154950895418,1.0633662413431741
1290,1181.9964190435392,1113.6847711543728,1.0613384053176547
1291,1248.9893737435411,1168.2516262857234,1.0691098951982725
1292,1250.5741885579816,1169.6745758418929,1.0691642054866928
1293,3524.132878452886,3277.161557139707,1.0753613506710162
1294,2055.081185719063,1885.05756336552,1.0901954537929273
1295,2084.967721729846,1968.9087707876276,1.0589458245420842
1296,2244.3120781330476,2119.267616942447,1.0590036200199233
1297,1166.6961843073468,1117.5168947927853,1.044007647440248
1298,2337.9552004733905,2204.879171007041,1.0603552481316105
1299,1791.936462421403,1620.9592170946034,1.105479054330101
1300,125.71939377925835,117.88592972780557,1.0664495251429917
1301,131.29810685353343,123.17103956218605,1.0659819655678413
1302,481.63614752679723,429.31812041976445,1.1218630768621622
1303,476.4924632480145,424.41036393465765,1.1227163701435325
1304,206.42345895961842,191.63824393129207,1.0771516933416865
1305,226.50858834712673,210.42249289410057,1.0764466537383046
1306,84.55810832086055,78.41469274043963,1.0783452101349964
1307,479.97302383420276,441.0992402667657,1.0881293369354414
1308,151.3579195258174,139.46303225428682,1.0852906112771328
1309,477.2940807946,438.8608425889092,1.0875749998085205
1310,1108.8120529150092,1087.224980732505,1.0198552025248355
1311,1093.3186376991937,1049.4039247148103,1.041847292496374
1312,757.6616208679997,721.2842482374976,1.0504341703279843
1313,358.72618346124915,341.59728884050617,1.0501435321073072
1314,564.8590500032432,515.1309314795068,1.096534910805904
1315,332.3872864807063,312.7122409844764,1.0629174138955646
1316,382.7024438857436,359.71338015146745,1.0639093928743935
1317,1187.4228861061927,1143.318126377943,1.0385761046822328
1318,1364.4490326485397,1281.0340965248488,1.0651153129725246
1319,3584.659159387492,3365.687626662009,1.0650599690211455
1320,1261.1076346390173,1188.3334535449371,1.061240538905125
1321,514.902144385691,478.91735252185157,1.0751377908408477
1322,682.9075621572274,661.6217785714288,1.0321721325917639
1323,459.314216093525,418.20128783578684,1.0983089470395935
1324,582.2871096291918,512.7864021447231,1.1355353948423415
1325,652.5761874804479,611.5972302730319,1.0670031765662542
1326,916.1851024273113,854.0819357173342,1.0727133593544715
1327,837.5358966005227,780.5041355735472,1.0730704149121084
1328,365.4903516707114,352.74036777835664,1.0361455196428386
1329,727.1122812487044,685.4775841930561,1.0607382327529509
1330,574.6812232153601,529.0260861621591,1.0863003512443177
1331,772.107005066734,626.9436123266702,1.2315413856779613
1332,912.139579092282,819.4562685806251,1.1131034248748783
1333,2086.3195515376115,1930.7515138022757,1.08057382662825
1334,513.3169479636442,457.0960917967654,1.1229957052266284
1335,664.84412543911,615.0912301003241,1.0808870178992327
1336,477.3735790965437,441.4804640099597,1.0813017064460055
1337,762.1243160629477,637.908038960963,1.1947244265871153
1338,718.5663457558016,695.503799125301,1.0331594833263387
1339,754.2887508696031,715.9721463842895,1.053516892631669
1340,546.2529858425678,510.951768725719,1.0690891377181995
1341,338.33354093896486,290.8791406992758,1.163141296847922
1342,598.4518370383796,566.5550516018949,1.0562995340811079
1343,694.8722777624291,661.9847473745409,1.0496801935668783
1344,496.45750090430374,458.0286276700809,1.0839005924797855
1345,495.420445968472,445.04500792182586,1.1131917831903753
1346,1026.720571943594,954.5788239228157,1.0755744273943915
1347,632.0911148836009,597.7171833956218,1.057508688796098
1348,749.4137050824082,704.8960269757956,1.0631549567637741
1349,437.8545274115063,395.08796819767525,1.108245663387131
1350,846.5191806032105,778.829898082663,1.0869115100578268
1351,1191.9655506976035,1126.192734709744,1.0584028061633797
1352,320.8642510427492,290.49424990095565,1.104545963137474
1353,742.457642117216,691.0265414060516,1.0744270988586286
1354,591.8261703637875,528.9665043639797,1.118834870414695
1355,345.9156374917375,315.1838177642803,1.097504433906061
1356,592.1468094567987,529.2010138898562,1.118944964039777
1357,340.18015368925774,320.12901590731985,1.0626345529008308
1358,744.4024279567838,700.1824364556717,1.0631549567637744
1359,656.2268678523561,577.044425618217,1.1372207038466873
1360,359.02974923805925,349.6648437379072,1.026782519512232
1361,424.11674919728324,403.81416773540303,1.0502770409858015
1362,819.2772403321566,779.0062027206421,1.051695400461344
1363,1656.3027573156978,1600.077466884976,1.0351391051960634
1364,2143.906613266991,2047.4715532029386,1.0470995848089784
1365,1075.4311744947395,1025.6933566587168,1.0484918982004992
1366,331.4157296535978,319.2924919125707,1.0379690661324623
1367,1641.3079324043827,1569.9522780744737,1.0454508428864002
1368,1313.489680212454,1260.5051754536921,1.0420343413026378
1369,208.92404475804872,191.21489074576877,1.0926138855776943
1370,275.9983752722659,249.5878250278941,1.1058166608944973
1371,275.9260918394003,249.50869179089364,1.1058776744765524
1372,288.0283300085285,260.506531915875,1.1056472476534334
1373,710.8806027318276,656.0195772757384,1.083627116257584
1374,450.19234861701665,400.85010345539513,1.1230940063038106
1375,2097.326659952877,1923.7723125856319,1.0902156384265562
1376,743.1738280314609,700.7519364333469,1.060537673023111
1377,336.4983061795237,324.0864852570349,1.0382978664248985
1378,868.6535628759773,813.7767307904012,1.0674347520753948
1379,444.27156496717294,417.4066285552028,1.0643615471679486
1380,1777.6957015467178,1699.2674740031973,1.0461541392060876
1381,1715.3822206813584,1639.703133979032,1.0461541392060876
1382,1637.8032197112016,1545.0509740299046,1.0600318353506322
1383,802.6557040166232,778.6046762096606,1.030889909272117
1384,1349.9599226709595,1264.7850782281837,1.0673433343806489
1385,2176.0554090336254,2028.7347532617164,1.072617011925809
1386,1740.9932289896356,1664.1842380042124,1.0461541392060876
1387,1739.4564570244365,1667.7979612317113,1.0429659331996086
1388,541.9683448420683,528.7360302820993,1.0250263152161374
1389,388.23118502835865,355.8771265299373,1.0909135656283873
1390,549.963908244571,537.5001838490265,1.0231883165253863
1391,551.2355867526816,538.7879776511612,1.023102982282169
1392,874.2970968746489,846.1542168417698,1.0332597527409615
1393,215.23962908542242,208.41405615427246,1.032750060418658
1394,428.10112675495463,402.24061945588227,1.0642911383093392
1395,386.5867075128841,370.08560810447847,1.0445872496715605
1396,372.69311804215795,356.9409621917828,1.044130983884981
1397,1678.4661676193778,1605.017223323838,1.0457620910406396
1398,1674.5564253696436,1601.0729948175958,1.0458963649939144
1399,1616.402091999227,1549.5204488622708,1.0431628012305767
1400,1881.9221282394392,1803.6875201497137,1.0433748125524713
1401,1477.7891156694225,1415.2236479406874,1.044208890813671
1402,1620.2473677450996,1549.8663404313677,1.045411030279
1403,1707.336670750729,1631.980827691749,1.0461744658885253
1404,639.588949028411,610.0421061704158,1.0484341040710743
1405,376.9379298716734,362.58256799519734,1.0395919802649372
1406,1848.166477341775,1763.846187511017,1.0478047861700137
1407,387.61707006711816,376.6108531403109,1.0292243753334076
1408,865.8740373784634,831.1219981690209,1.0418134031899071
1409,1135.480896008992,1083.9961277988507,1.047495343285668
1410,356.23448226446993,337.80127438029876,1.054568201135378
1411,481.98036357865317,476.43805323075367,1.0116328036988582
1412,514.1121480564009,488.85932508849805,1.0516566252742163
1413,401.332205249738,384.8371228874848,1.0428625030726983
1414,403.67535994594857,387.0508326948595,1.042951793012148
1415,512.894099085148,487.6902356923779,1.0516800656404122
1416,1430.8203994529126,1388.1714804467672,1.0307230912080252
1417,1382.8859309000632,1335.7017889415658,1.0353253565647216
1418,342.7160081587714,328.07360912447234,1.044631444368156
1419,342.2152455367241,327.57948987915984,1.0446784860156026
1420,1179.3369217305299,1115.234083213286,1.057479267789724
1421,342.8116641119158,328.18052447332917,1.0445825956981054
1422,744.8965787187218,696.6622395453519,1.0692363335277768
1423,722.5299843485676,675.7415681447853,1.0692401036275414
1424,719.4264540395781,672.7958094678687,1.0693087619088928
1425,719.7734891805623,673.163573587105,1.0692401036275414
1426,745.6408864865784,697.3615801751567,1.0692313825193744
1427,728.7258696955629,681.5362304717734,1.0692401036275414
1428,727.1548238156117,680.0835054745352,1.069214027339528
1429,739.7329351541914,691.8641189615485,1.0691881756557797
1430,703.6997749355619,663.8994235009602,1.0599493688738595
1431,736.8520702385698,689.1362077972008,1.0692401036275414
1432,733.1958105699883,685.7167272570168,1.069240083296343
1433,736.5759618981822,688.9116582218794,1.0691878314257697
1434,662.1571341420429,632.2874680284189,1.0472406423090477
1435,693.4999137765298,654.9874155065727,1.0587988369824957
1436,693.3655796379613,654.9852520945623,1.0585972392823555
1437,662.7919984477471,632.8973126011653,1.0472346544239803
1438,796.4682047192483,760.613266527518,1.0471395119827733
1439,479.34191111875083,450.21481666884137,1.0646959926050903
1440,1111.8608831736037,1101.5184274025357,1.0093892716760593
1441,984.4599670946486,912.2783104462957,1.0791224079557926
1442,507.03265820092037,481.1348217484353,1.053826568524749
1443,1036.4423028771425,983.573838543858,1.0537513933997618
1444,2239.613410052841,2086.4963469996383,1.0733847740847395
1445,1175.4106954222816,1128.7079237526193,1.0413771983759885
1446,460.07984625635106,430.6096527622412,1.0684383020795443
1447,565.413603179445,544.9312274833067,1.037587083769696
1448,838.7960891693677,790.3093914211574,1.0613515393775343
1449,350.88558617263703,314.93276491806716,1.114160307403783
1450,745.998277913402,710.7578482190049,1.0495814851467367
1451,732.5284572073256,698.0073275417146,1.0494566866327744
1452,751.7967503244171,716.2835843146574,1.0495797569390604
1453,739.8527622943014,704.9392354362815,1.049527001907352
1454,181.67601779623106,174.62287624786737,1.0403907076776824
1455,175.55055714785212,168.80504488349783,1.0399603712614736
1456,175.9971120397586,169.2254812114212,1.0400154325451574
1457,181.2259192624169,174.1930294165049,1.040374117549193
1458,3007.951695450548,2865.8431572619133,1.0495869907704258
1459,334.92067145686997,319.8906114347421,1.0469849988867024
1460,1235.305801798828,1184.5308024121452,1.042865073059549
1461,1063.0464402733148,1015.3568685732318,1.0469682859063099
1462,400.99970540098536,394.69893816594396,1.0159634765280072
1463,1161.2466598429542,1108.3223360618715,1.0477517433864367
1464,1245.6836382518757,1196.0201602487025,1.0415239472157778
1465,340.9711904134811,325.6240277053992,1.047131542522307
1466,1085.4044788805606,1054.2927530965487,1.0295095699867367
1467,850.7189484599429,823.6847927734586,1.032820996482716
1468,1426.8547385260847,1381.7372957522236,1.0326526923117458
1469,1673.0505500891927,1615.5348918641519,1.035601619324157
1470,1176.0953417159308,1142.8472613851382,1.0290923218300367
1471,966.3862574843461,924.0042245133076,1.0458677913440948
1472,1063.4388661655819,975.7114281016329,1.089911254021728
1473,1547.9509661249906,1428.8377387003081,1.083363718775394
1474,3112.389303220831,2967.8412380061995,1.0487047835859775
1475,191.06928302924803,187.9819856501421,1.016423368273446
1476,340.2048075702032,329.9490006449496,1.0310830064804155
1477,3146.95216381003,3000.882792837822,1.0486754668728917
1478,178.93395087513247,173.18211490552352,1.0332126442314598
1479,887.8267962297599,859.0243532437337,1.0335292508032703
1480,536.3655760224459,505.236977208639,1.0616118776297567
1481,182.83823626785716,176.7694362007531,1.0343317272348589
1482,781.4132886540291,760.4027459846661,1.0276308085160264
1483,180.50984281993246,174.80158006855467,1.0326556702127012
1484,182.8802213849376,177.08509570879377,1.0327250898950502
1485,481.04879686119443,467.68218346143624,1.0285805486555601
1486,2499.297270152121,2421.1937646454376,1.032258263112668
1487,573.3694842301145,547.119055260199,1.0479793725287656
1488,613.3643654684274,585.2817072258243,1.0479814385037114
1489,482.75809334546085,459.3609518153545,1.0509341106109322
1490,353.5108201370418,335.2663759974212,1.054417756881653
1491,1776.1045236685738,1667.4433138647705,1.0651663591201492
1492,1378.224518131272,1303.2729936709386,1.0575102260419107
1493,376.1531780259984,363.5298204558475,1.0347244073521171
1494,540.8408333412424,509.48658474374145,1.0615408718038597
1495,1358.7879606264278,1323.0549161039096,1.0270079828793077
1496,1982.532171615005,1887.285033651617,1.0504678075993106
1497,287.93279316518726,268.7138483748426,1.07152197367787
1498,2326.433006056708,2216.1821755214924,1.0497480900951983
1499,280.51532194559945,261.54011233354146,1.0725518141089538
1500,141.88295471352228,129.4953806547127,1.0956603548032333
1501,427.4673557170246,404.61521826872973,1.05647868991699
1502,605.5135877474409,577.7926813778624,1.0479772542349832
1503,263.6459221908298,244.4437609055852,1.078554515828536
1504,346.19599908447356,335.45431663559555,1.0320212974351042
1505,347.0424091124282,336.3032462215555,1.031932974217554
1506,479.8828545618755,460.5925763992808,1.041881435244567
1507,315.32979648235226,305.89264330997156,1.0308511936418743
1508,1589.1976706339165,1540.6906613694673,1.0314839380030596
1509,1621.254242604141,1549.1395702680409,1.0465514365007296
1510,718.5366625440289,662.8785137985353,1.0839643276813304
1511,1442.1432966919845,1354.9701114570853,1.0643358731663508
1512,2330.454392163275,2205.7100294114907,1.0565551958727175
1513,739.9122832247234,723.5609614558173,1.0225984024013774
1514,1294.939292952034,1243.2774269121796,1.0415529671186603
1515,2246.0827738181783,2127.7482607637917,1.0556149029640887
1516,488.2022841552479,452.65671689588964,1.0785265432558107
1517,489.7375596544143,454.12278431080233,1.0784254315661845
1518,324.904792972198,314.16659972289665,1.0341799327451509
1519,446.0679472009931,417.05963623539157,1.0695543477365645
1520,238.31983280864566,222.1457517812643,1.0728084192368763
1521,236.4366089338024,220.41213329076874,1.0727023299660827
1522,177.0601251374307,163.42351675329758,1.083443366383547
1523,487.34395620613077,451.8610460361654,1.0785261541821984
1524,1107.211320864657,1020.5944852081414,1.0848690022451482
1525,813.3869717345156,790.9380379956146,1.028382670525988
1526,1752.1103833609313,1636.5221276904197,1.070630426386986
1527,443.3732438345996,414.1845840739153,1.0704725885101394
1528,437.4715904985955,408.7634850257226,1.0702315801791011
1529,438.24810818280815,409.33917004912627,1.0706234346696224
1530,514.3074627720664,483.9755988360979,1.062672300026929
1531,1787.0766739575047,1691.6517336286247,1.0564093296698793
1532,1644.8060577964127,1549.5695771193837,1.0614599577090766
1533,323.47612217028006,313.9545284081613,1.0303279389228623
1534,347.60377086223275,315.9744530599069,1.1001008704850233
1535,236.93492978816144,220.87743258279696,1.0726986773505947
1536,321.08274769057545,311.3867522563738,1.0311381115732843
1537,268.7757149397843,253.91453358765253,1.0585282817101984
1538,289.8745552192905,280.7436808643798,1.032523882022198
1539,290.5954756209545,281.4451346612645,1.03251198842255
1540,222.64431805892238,195.5215382907312,1.138720163544647
1541,297.1339862382941,286.9201045986657,1.0355983476791046
1542,110.07473497128484,96.18410492181417,1.1444171057240908
1543,136.47880230992456,112.5164274956325,1.2129677892165764
1544,245.85235721253187,232.88617934820002,1.0556760298125956
1545,146.42886379993286,127.30063530440914,1.1502602752121631
1546,125.59410153425814,104.51325410124582,1.2017050144911816
1547,166.4671801929255,165.55820593614183,1.0054903606356684
1548,109.2624431637597,95.49859164209124,1.1441262251620683
1549,995.9675449518721,983.9834252837404,1.012179188551551
1550,306.28434072038294,304.54602023155593,1.0057079074207087
1551,178.61051529014483,169.939850928366,1.0510219605019762
1552,1923.8556155647439,1824.966659738321,1.0541867191374348
1553,1252.9039958466126,1189.7156219192675,1.0531121662716412
1554,351.9885158481799,334.30107362135544,1.0529087209778394
1555,778.4603105029074,745.009907819925,1.0448992722537962
1556,915.5315684470106,872.4650039481602,1.049361939222733
1557,945.1723786527031,900.3528138668472,1.0497800019009929
1558,1015.8173912334921,966.9256943586153,1.0505640683251343
1559,1021.2517228585472,972.0113474856602,1.0506582309972605
1560,2978.599522851719,2886.6279520502203,1.0318612486019114
1561,1511.6068582221255,1441.7292085174006,1.0484679434195436
1562,1243.705837806913,1181.185620564127,1.0529300527828358
1563,1229.6665548342296,1170.2013085411709,1.0508162534591514
1564,780.0403057630077,748.1126822206643,1.04267755954567
1565,1143.432042227453,1117.1808973694963,1.0234976671367793
1566,1294.3678615511385,1205.4342502653094,1.0737772394191183
1567,655.8787706894561,642.4921969344904,1.0208353872916074
1568,614.8702156292086,579.4652810990015,1.0610993198126708
1569,1338.99933432982,1221.6228739275052,1.09608240227604
1570,1137.1522705773666,1061.4306769136297,1.0713391795721563
1571,1733.9853513923276,1619.4102768476448,1.0707511099458473
1572,2749.622785757705,2542.4077886166624,1.081503446484401
1573,1343.2113224422021,1260.0362867873748,1.0660100320339922
1574,367.28971235752505,340.5370401328726,1.078560241829241
1575,2580.2211443945607,2463.104179946406,1.047548522470821
1576,799.3211916037303,766.3916921004849,1.0429669317173755
1577,422.0190277929895,408.21003110652816,1.0338281659787476
1578,844.4760322224514,767.5566530876346,1.1002132921724994
1579,1068.0573670335275,960.8783830381948,1.111542715381362
1580,897.4302103874955,841.3622671936749,1.0666394790686688
1581,529.9068508841468,508.50275694938205,1.042092385227511
1582,478.45362983993016,452.9548458077685,1.0562943177850077
1583,286.5071488692783,259.10169192289146,1.1057710458893595
1584,241.0594491312998,231.0111869610406,1.0434968639503757
1585,206.73769849389663,191.60387913208368,1.0789849319876261
1586,289.8807337216556,261.9160994548581,1.10676943618587
1587,242.60760284466338,232.49979820230425,1.0434744663028226
1588,217.12581745257032,208.72486125727914,1.0402489485185762
1589,144.13435321439582,140.6118494168968,1.025051258568225
1590,242.73867629488913,232.6139401543874,1.0435259216785626
1591,584.3552599102999,531.0322270192827,1.100413930036455
1592,487.5268658249923,452.6995563781723,1.0769325018240712
1593,1029.44141920649,998.9343442863737,1.030539619640278
1594,394.3592153643787,374.2251524788902,1.0538020032916529
1595,856.7714712256004,797.7478741491827,1.0739877835956226
1596,895.3428863342821,833.7354087072847,1.0738933203311112
1597,377.6129030253942,363.6833061539574,1.038301446988991
1598,718.3293848366836,659.8292386478157,1.0886595239531245
1599,70.94987449008805,67.79087028107547,1.0465992573323615
1600,976.5498505598675,951.6583860648075,1.0261558820471162
1601,1343.1547335429564,1237.74322986047,1.0851642740912988
1602,435.2751588831172,407.17985953230374,1.0689997274990084
1603,516.0043362897105,471.8867110780592,1.0934919847835118
1604,424.6524851079203,397.13209637167535,1.0692978205178578
1605,411.7360683712254,361.01621252493163,1.140491906143387
1606,656.1651092280483,609.2953593889309,1.0769245147150366
1607,95.67172272798472,89.3593329783824,1.0706405200129392
1608,89.52021871552503,83.61370323854652,1.0706405200129392
1609,95.67747526889487,89.36470596847816,1.0706405200129392
1610,104.0427379168798,96.92628628486023,1.073421276155209
1611,332.45952941924133,310.5232131789038,1.0706430801606424
1612,283.84345242921063,262.95893444250936,1.0794212146888176
1613,2240.6565989736737,2193.668550164137,1.0214198488673327
1614,644.9174540415853,596.87629299465,1.0804876347256196
1615,645.7880253876333,628.2763495844214,1.0278725688382113
1616,494.68582583288537,472.09707592318784,1.0478476801948522
1617,419.61931280342964,402.24948026058456,1.0431817401767494
1618,99.33631272779125,94.91791095488672,1.0465497157328352
1619,491.10037550049975,475.1227191151831,1.033628483216024
1620,678.7437740010138,637.1045526785915,1.06535696715297
1621,810.607253980028,774.7328770155924,1.0463054789963606
1622,420.35140014169104,402.13356289271337,1.0453029513824443
1623,506.6160554850257,493.1280789473569,1.0273518728977278
1624,906.0443086537246,844.9799040353691,1.072267286271224
1625,509.6624156419754,474.54787409187236,1.0739957830752074
1626,504.3428979865124,482.5999350825351,1.0450538040380357
1627,705.8821699828287,621.1496883396311,1.1364123386581622
1628,658.6583549896076,635.4266803840834,1.0365607477978134
1629,661.1878310672081,637.9560097464736,1.0364160239355171
1630,328.7060377983884,317.12999927628834,1.0365025022814536
1631,609.9665426828791,588.5344577814338,1.0364160239355171
1632,1232.9271389603875,1143.2398063620728,1.078450148515831
1633,1274.7963506505746,1195.5360549324096,1.0662968677449431
1634,995.3969046140014,966.7670295665871,1.0296140374793805
1635,419.7834259082184,383.4733816412844,1.0946872612422935
1636,246.12640612300902,220.09379081578507,1.1182796443767595
1637,1305.3413168515738,1244.3401019284854,1.0490229438306684
1638,1667.386215692161,1542.1263600254952,1.0812254163560209
1639,1762.5450642172088,1628.415604705537,1.0823680755232792
1640,1270.7241216249233,1224.5401143877552,1.0377153893894764
1641,990.9847334405314,925.8238609498742,1.0703815004549608
1642,774.0906001693556,741.6473703278429,1.043744818817562
1643,1014.5084488910118,981.9802081543248,1.0331251490270106
1644,2087.2183603997037,1983.5391188361978,1.0522698244662487
1645,622.0525074409911,578.5778527323454,1.0751405441866395
1646,727.3044775249917,677.2928026585266,1.073840552668149
1647,827.0660259194618,771.1719721443859,1.0724793636102363
1648,1027.5170472785148,958.2426415452808,1.072293177875617
1649,1781.7903702781543,1734.1305341085722,1.0274834190576556
1650,2421.9766710745625,2346.1600701126176,1.032315186814302
1651,615.8889424128188,572.7622730207885,1.075295932402421
1652,607.1405205448489,564.5414153438307,1.0754578920929536
1653,580.445073727848,534.1844282101997,1.0866005129963183
1654,547.1662557394866,489.1561001259135,1.1185923176643218
1655,349.0887655308634,346.0429827898428,1.0088017468710535
1656,251.9767846563558,250.48264421006436,1.0059650458058818
1657,701.9377369338525,626.7518043849618,1.1199612542363104
1658,552.4803088236407,514.6602008003165,1.073485589063449
1659,529.7386987660947,481.3262121300377,1.1005814464618802
1660,595.0078243541342,544.6321934918275,1.0924947725534382
1661,1085.9337137386935,982.2164281410352,1.1055951444367063
1662,762.682860041763,699.7561811844415,1.0899265780701053
1663,1172.682836245262,1069.0799411919318,1.096908464055384
1664,832.0753212416228,760.1414421487115,1.0946322290882786
1665,867.7532639686129,812.9512788903354,1.0674111555037853
1666,1057.9113506136932,1009.6788396508935,1.0477701513279971
1667,1035.2279409117727,966.3915740159788,1.0712303053406547
1668,1051.3518214896167,1015.0010052975445,1.0358135765406618
1669,279.0184778121485,273.66909357518324,1.0195469066933407
1670,489.4307507725727,475.35405428416954,1.0296130775819323
1671,283.34172504991733,277.8398418081828,1.019802355219929
1672,487.660212451722,473.6322943494665,1.0296177398999424
1673,1013.5987693921146,882.7284094036219,1.148256653569029
1674,511.6598434188773,491.4175867605652,1.0411915592841303
1675,547.281442564535,527.9386693113753,1.0366382960323588
1676,755.0258132046789,724.2829685035748,1.042445903104171
1677,768.0110634434703,736.8571013764829,1.0422795166237666
1678,1170.2937259218086,1131.9368487813001,1.0338860574967634
1679,1165.3681329591825,1127.1686109159202,1.0338898028860313
1680,740.7403054418465,709.4224625919085,1.0441455472603967
1681,762.6258356307053,730.2217938756062,1.0443756157743755
1682,332.51160983282705,315.0032521342398,1.055581514095372
1683,332.90458120632087,315.30746894497213,1.0558093733720586
1684,189.28663443971993,165.00151419875766,1.1471811962386531
1685,189.96507400584332,165.61991674938693,1.146994140163076
1686,563.1528360263338,530.6846059371661,1.0611817824107226
1687,577.0117070490381,548.3776778577164,1.052215891250685
1688,191.01220540754184,166.6652875092146,1.1460827162163636
1689,275.6937439255967,256.97251583875357,1.0728530365425946
1690,701.8841054173976,648.8684510894678,1.0817047804357185
1691,281.97900593647506,261.19471848421915,1.0795739193076819
1692,277.45791014829086,257.53730122222436,1.0773503831543119
1693,244.3056368125451,229.9764323416159,1.0623072735107224
1694,194.0414871770692,188.62319348003928,1.0287254902065015
1695,246.82430091147108,231.3425509512319,1.0669213246615525
1696,469.8497564271628,458.8336028191126,1.024009038440877
1697,407.46775611279105,377.49992500394893,1.0793849988408042
1698,400.13029411945934,376.448667199012,1.0629079844979976
1699,399.9226760166895,363.69965210268117,1.0995959817519476
1700,466.97836444269603,447.55499052585975,1.0433988545050399
1701,391.87618401587895,367.0556516360058,1.0676206244727344
1702,572.6107147909465,553.4231954275475,1.034670609258753
1703,347.7974730827219,322.85796828802415,1.0772460562981956
1704,590.1175269324528,570.6750075644211,1.034069337381727
1705,1020.8787247675907,954.7240353281828,1.069291949287385
1706,551.7923632441327,530.4717489856006,1.0401917996562544
1707,265.35634336568,255.66696476590266,1.0378984379489515
1708,237.0378963194763,230.57166819108681,1.0280443307676057
1709,98.61597304789616,89.42459246347322,1.1027835892925908
1710,362.59952976127863,348.30459748120785,1.0410414688277034
1711,161.37660607212734,161.243330093866,1.0008265518839368
1712,135.47775547864657,130.26523006138245,1.0400147101019046
1713,164.71088597765248,164.65272210040078,1.0003532518412677
1714,163.78210324228075,163.78166356765448,1.0000026845167933
1715,235.45954670494197,229.0426394215529,1.0280162126126164
1716,323.6947346939156,311.73431064286206,1.0383673649088823
1717,233.9814672198241,227.61302324250275,1.027979260090651
1718,342.7602172064903,329.78604236806143,1.0393411884422596
1719,1187.332949528651,1130.5101879079798,1.0502629363524996
1720,526.3223291059322,491.17654060258855,1.0715542897472787
1721,1147.5801661748599,1082.6077716244833,1.0600147128566089
1722,741.4982607609243,696.2834584227995,1.0649373495681542
1723,706.1225193052477,685.2776715282145,1.030418104431373
1724,455.5524512629893,439.7141500596804,1.03601953951484
1725,519.1277953771614,486.04456891956016,1.0680662403679209
1726,747.5451933473212,702.5625540531697,1.0640265255166832
1727,1620.7436822689897,1569.820618395798,1.0324387788492866
1728,3193.4371776412195,3038.774252157666,1.050896484124721
1729,2084.3063669489147,1976.4716970284264,1.054559177387976
1730,558.7766681051422,519.4164404639279,1.0757777855588455
1731,1025.0894779741811,961.1364096191465,1.0665390133127681
1732,658.4772511157015,638.2019019329152,1.031769490378168
1733,968.0024443166972,897.5770110989442,1.0784617167629191
1734,2888.4115644668136,2676.060982367686,1.0793519219099585
1735,1683.7927431849764,1497.07104982177,1.124724670472678
1736,1674.3461210512648,1523.744138537581,1.0988367920208866
1737,560.1610103638474,531.031459136746,1.0548546620466797
1738,732.5034506269905,662.2687437188807,1.1060516709783346
1739,776.8417983791434,719.6670610869481,1.0794460944285007
1740,1937.1364346199894,1837.6652002421445,1.0541291386291354
1741,3414.1436615470802,3297.1460399671146,1.0354845130187598
1742,1756.5545672300855,1696.8890045228845,1.0351617357105671
1743,799.5457444304172,744.7369197485792,1.0735948805926545
1744,2659.1685470962134,2557.6732571223865,1.0396826645824253
1745,925.6914902101976,879.126813219295,1.0529669625481974
1746,908.3097737122513,866.5727962556401,1.0481632675719244
1747,646.0500768628915,596.6806086031997,1.0827401922366193
1748,1068.258003570958,938.7478042576088,1.1379605882708508
1749,1477.7142997535968,1414.1937451295169,1.044916444329389
1750,636.2938307756968,610.1071677925538,1.042921415065307
1751,1487.315526017514,1384.6716965788155,1.0741286398012657
1752,4384.091820653534,4175.521055281819,1.049950835503005
1753,1149.0424985403913,1110.7973650340584,1.0344303423020456
1754,1131.8294472435982,1087.3890047743673,1.040868945955962
1755,1014.8853877075012,967.3092648563726,1.0491839834266374
1756,971.5170623355064,912.5253306310303,1.0646466785351394
1757,1102.0501532996764,1028.032004946388,1.0719998482509778
1758,941.494331190685,884.2587345076532,1.0647272053409798
1759,1032.9771326825726,943.9417994047357,1.0943229056431063
1760,1689.536424196861,1579.7508205036568,1.0694955193365256
1761,3893.116511778345,3742.8786396131,1.0401396589713565
1762,1649.510718792898,1567.343048200276,1.0524248157970089
1763,562.2869157601052,533.2196627883025,1.0545127177415117
1764,975.8979138452258,937.7748407808659,1.0406526933827907
1765,603.8749627949753,573.8655018946481,1.0522935440469052
1766,985.6642544109773,948.1065154866152,1.0396134171750582
1767,3799.202877399403,3660.0905956918637,1.038007879332627
1768,3666.1092461358458,3535.4219707352568,1.036965113777751
1769,3404.7412880657034,3284.0287499611068,1.0367574547287464
1770,534.7640433531137,518.689158020231,1.0309913656075604
1771,834.7506632459668,805.9348860360215,1.035754473108461
1772,738.536016684704,713.846843936544,1.0345860921819172
1773,562.6624288606104,545.3858216573508,1.0316777710699527
1774,1015.7850112266352,935.2656042415368,1.0860925566170012
1775,1437.1843876546486,1348.5388068938098,1.0657345419410085
1776,1203.8431544533157,1141.4034897755373,1.0547042875171666
1777,332.11777921928734,317.5639809781378,1.045829499291204
1778,806.0693811769552,759.8189180244558,1.0608703758952875
1779,757.5835533767676,714.2776645502361,1.0606289276227057
1780,316.0591288365113,298.15078952935227,1.0600647052970358
1781,1835.661524862744,1747.0961324415646,1.0506929131011293
1782,3077.661363728373,2869.779503471317,1.0724382692139238
1783,935.91394922401,881.9139467498646,1.061230466615425
1784,923.4244087360397,870.3823664337317,1.060941081009764
1785,909.0440243964391,856.8541064670961,1.0609087562695214
1786,868.9255041235701,818.987203020123,1.060975679374834
1787,898.2806069512019,835.6235260821792,1.074982427987386
1788,929.6306737112722,863.6998003120942,1.0763354042404016
1789,694.4640866315028,651.6636785630875,1.0656786767106459
1790,934.9985471870167,868.6372460774519,1.0763970246604504
1791,1375.4784304264053,1322.8676921225078,1.0397702193629696
1792,1364.4780877193527,1311.5730066343224,1.0403371225371527
1793,856.2713861706002,821.7711937388539,1.041982723043356
1794,900.8905032610102,871.1958581637358,1.0340849245540071
1795,1457.6681529224163,1407.9561223248872,1.0353079402186498
1796,877.2689460602481,848.7049440882814,1.0336559863011656
1797,1467.0840182222203,1417.0508707895958,1.0353079402186496
1798,889.8807176306699,860.8348690949693,1.0337414869895287
1799,1725.5772430306545,1646.4696691245983,1.0480467848205892
1800,3236.5352845319885,3129.842347627704,1.0340889172852918
1801,1848.8215831708192,1814.4627130849292,1.018936112513149
1802,126.2136477138279,123.03870014957977,1.0258044628266416
1803,285.20344898468676,272.3512030502888,1.0471899730585175
1804,346.27015806582494,330.09350298579636,1.0490062813527252
1805,352.03888017188933,346.1468276596709,1.0170218301639657
1806,805.5852709212169,779.8668664311691,1.0329779422579402
1807,742.0866901280383,715.013287556254,1.0378641950337941
1808,943.7156802962506,909.5493611213822,1.0375640076672088
1809,1164.7103564500217,1114.796435454227,1.0447740227797346
1810,397.84585101888086,384.25226657499405,1.0353767189587515
1811,1339.7298228869363,1274.4019315442865,1.0512616072885947
1812,2017.7822930228892,1951.7468299057182,1.0338340311895682
1813,862.1560083475279,830.3448989341008,1.0383107181777866
1814,1657.6564030083173,1593.1721055229568,1.0404754120799733
1815,379.5577505433757,368.64469651295354,1.0296031765373266
1816,709.2635653835517,678.8050890746946,1.0448707247471822
1817,5058.634941134445,4821.801442827577,1.0491172233272188
1818,2074.617711500103,1978.8207485451362,1.0484111373025566
1819,1494.968561438746,1430.6708394038983,1.044942358692121
1820,897.7931121266372,871.9274852259343,1.0296648830768313
1821,2010.6362974394472,1917.5453476691418,1.048546935217705
1822,1494.3646454905436,1414.9045880325925,1.0561593044011817
1823,1384.4982279895917,1322.233961676871,1.0470902034869505
1824,1054.5740159049426,1010.4409407772166,1.0436770456804525
1825,1965.0723628255073,1862.7562770911059,1.054927253228307
1826,1753.283778372399,1696.104312236331,1.0337122343971146
1827,1330.0488393778826,1278.8064746060622,1.0400704608471782
1828,2080.3235327103116,1974.9108604811192,1.0533759139911318
1829,500.7837472683377,473.74448641370554,1.0570756212052665
1830,258.3928139097221,221.8952521521078,1.1644810396060006
1831,328.13898889354886,314.7913828043356,1.042401434150787
1832,437.1649272878046,406.1760910582032,1.0762940924190458
1833,1190.4766890155383,1120.982387808052,1.0619941062083715
1834,1865.4693290083796,1771.9660072639638,1.0527681238585336
1835,407.91010813477067,373.42009832753575,1.0923624892224812
1836,393.14536659471224,362.21880946186803,1.0853808701397656
1837,391.6662271568988,359.2761489984379,1.0901537111460236
1838,442.60305864787915,413.2607806156302,1.071001845344574
1839,1492.9890777123856,1411.727690842093,1.0575616582414844
1840,530.5021525590524,502.9165721102159,1.0548512059029764
1841,1009.7590454466825,945.8033141380192,1.0676205404999568
1842,2906.544549349679,2707.071469220619,1.0736859304961348
1843,2981.3578862679146,2806.6308400917032,1.062255086661309
1844,549.3359930565265,518.4810412150256,1.0595102798150429
1845,269.3630604045545,257.5569858933944,1.0458386887476885
1846,863.952413832826,804.0564788696392,1.074492198666678
1847,734.9133374683195,685.2168818351204,1.072526607196402
1848,1849.2771329957209,1752.2394464544527,1.055379238686595
1849,4290.316225058476,4049.7199070868637,1.059410607027557
1850,2645.1178653173315,2480.090316778394,1.0665409430545683
1851,2107.8942378644156,2014.352509178302,1.0464376161867872
1852,1189.01105078709,1130.5202089112315,1.0517379887726104
1853,1290.6287363447327,1259.6703676070395,1.0245765634675554
1854,2256.155068395385,2161.6905800544555,1.0436993569813076
1855,1359.6457217846432,1301.9733346786948,1.0442961353891176
1856,1863.0294914845763,1784.7768628255424,1.0438444885122218
1857,481.74999999468565,446.4803605654487,1.078994828315784
1858,866.510980171034,813.5822273029037,1.0650564271095175
1859,482.1134383399081,456.86605122656454,1.0552621212400461
1860,464.0036273390115,443.7353239973461,1.0456765604303944
1861,391.5777639120517,335.735811312413,1.1663270664554637
1862,454.90416268504345,420.94471425911405,1.080674367145101
1863,1186.7232933697453,1059.282254567815,1.1203088584297356
1864,259.3681267219557,248.0295733158401,1.0457145220811115
1865,259.0615477237488,247.6184349859256,1.046212685006565
1866,260.73766334130625,249.22088771606323,1.0462111170969106
1867,258.76716313652423,247.40620339648177,1.0459202703249761
1868,1038.3400661599242,1014.0404199066245,1.0239631929618123
1869,757.0161275185098,692.4557926242679,1.0932338722296933
1870,1052.2773597158268,1001.282569969532,1.0509294691386135
1871,400.28922288098624,384.8980547486513,1.039987648527831
1872,201.05792072355675,194.2701123471308,1.0349400548258147
1873,607.4629701652773,585.4080209801579,1.037674490944269
1874,200.321193998453,193.55825785694222,1.034940054825815
1875,1246.6679702634508,1189.4069839060144,1.0481424669034574
1876,2505.5512949337817,2371.698129869909,1.0564376905214388
1877,1218.8199981104303,1161.4372558809837,1.0494066656970809
1878,615.074447435115,581.2708953430688,1.058154558163617
1879,1050.4917927510494,988.5852726464051,1.062621325461306
1880,464.9087179900554,438.2127240428638,1.0609201706899325
1881,1544.3500917126553,1491.700953980946,1.0352947000477561
1882,657.2836821661434,625.0974907782147,1.0514898745599803
1883,1215.696272004938,1167.9125065065966,1.0409138229380468
1884,1189.7081781274585,1140.9498230061038,1.0427348811824952
1885,466.30571873076326,441.43982947772736,1.0563290568557329
1886,259.11731381007183,255.91102204414858,1.0125289318932504
1887,1231.5259501762564,1204.8341741398735,1.0221539001874993
1888,1281.7674050905919,1240.7184608293721,1.0330848178351277
1889,223.03485959023374,213.83452408487636,1.0430254915324408
1890,181.35467473906104,179.70009132982975,1.0092074711647998
1891,25.800521049478,25.724236262496312,1.0029654830644246
1892,267.3173473398645,256.06988631867324,1.0439234038132623
1893,429.9487325640014,419.35793554136,1.025254791015149
1894,337.9701087236291,328.5529390811902,1.028662563995849
1895,574.8489202066128,552.245090832535,1.0409307927753626
1896,391.2858356536227,371.64330568291285,1.0528531784922528
1897,1322.2829797739246,1259.616206695153,1.0497506881426921
1898,524.4741518458527,501.3558244593388,1.0461116162586614
1899,382.5700468143861,366.1017576552462,1.0449828191610264
1900,374.1424546297658,358.0458650729683,1.0449567810356282
1901,526.4816709947726,503.2748540520887,1.0461116162586617
1902,725.3903824393493,684.1715095752292,1.0602464035512251
1903,1804.9960543869663,1674.1858735796864,1.078133606830397
1904,1303.005435506759,1231.814457911913,1.0577935882612746
1905,117.65105987474071,100.49764366917015,1.170684760152568
1906,221.7227949688625,199.16161015245694,1.1132807914092235
1907,1621.3170446547708,1538.331141735024,1.0539454091959357
1908,1673.4248754359508,1599.962696706177,1.0459149321924877
1909,848.5343648823168,804.463724702206,1.0547826319905533
1910,1509.67459988983,1445.6034313308753,1.0443214004410382
1911,1304.2878316929969,1247.1447778600257,1.0458191020380352
1912,3759.023373164279,3642.4999653446885,1.0319899544071962
1913,4834.714319094085,4658.934122834605,1.0377297020359093
1914,2553.4103504860595,2456.564512967069,1.0394232828031937
1915,478.0605980045608,457.76363971597146,1.044339385061651
1916,870.9200740881635,840.9880912074824,1.0355914467679381
1917,854.6701202130218,819.3671312732038,1.0430856786810099
1918,431.0968190863744,415.3511528037107,1.037909287542305
1919,5222.051588733133,4984.7237273178025,1.0476110361171476
1920,2070.5715319023734,1951.0926577563637,1.0612369041885499
1921,804.9396881597501,772.2131063654709,1.0423802464947938
1922,412.3016044610551,395.08891150189186,1.0435666313532588
1923,458.47142737768974,442.19384640549094,1.036810962216042
1924,594.4810088826235,569.812607170995,1.0432921304323226
1925,455.6183628384898,422.0501259781497,1.0795361375204944
1926,527.0852100140049,503.63399400987976,1.0465640053750327
1927,456.1063363016764,422.4957722482817,1.0795524269379986
1928,610.8143138306706,591.8167502052087,1.0321004155743727
1929,2746.612368718363,2681.467273768751,1.024294570210455
1930,2627.800356608649,2546.669129338595,1.0318577809482163
1931,2659.7295459812008,2577.712775811124,1.0318176528198602
1932,2764.0105751875494,2713.252216954697,1.0187075709053774
1933,353.96662059694916,349.31056078062153,1.013329284422213
1934,1332.789983814086,1273.1375542878363,1.0468546617962409
1935,1010.4089265028969,966.1789785873074,1.0457782138670209
1936,419.8545819563705,402.07678265256095,1.044214936228167
1937,836.7697871627187,797.688110366512,1.0489936809741967
1938,1080.491792068006,1029.1079963501961,1.0499304211997633
1939,716.1694992358407,690.35091694302,1.0373992148908113
1940,532.6925582894403,522.0718628088888,1.0203433592904418
1941,397.18000630767636,377.83153725034776,1.0512092484341995
1942,871.094958823329,828.9510936969517,1.0508399897736116
1943,1049.2041935496977,1014.0187078205792,1.0346990498870996
1944,370.36274632885454,351.66237121223503,1.0531770716672255
1945,520.9063227646444,501.7271992262987,1.0382261985555525
1946,951.2498230811898,890.6834636585255,1.0679998696437958
1947,798.7137090131154,786.9984413872294,1.0148860112165352
1948,559.6318299512881,555.7370142091686,1.007008379219912
1949,678.949960993233,633.1293381370751,1.0723716626226496
1950,1160.7079902024664,1119.4343064118257,1.0368701258789692
1951,270.72432777192154,256.7562518919392,1.0544020867147612
1952,251.08145196278113,246.87204630714976,1.01705096108935
1953,816.3169404829862,790.2107838574844,1.0330369531254209
1954,2188.8172142724957,2135.838827833459,1.0248044869999748
1955,3204.971670327929,3127.202961095324,1.0248684559972936
1956,3170.6268200494123,3023.4079613720996,1.0486930181299454
1957,3187.5136530166446,3024.712064496662,1.053823830185659
1958,1862.902087839933,1725.9439714633427,1.0793525853915584
1959,2168.503969841598,2115.543571075296,1.0250339437534643
1960,2864.069396805012,2791.782709067249,1.0258926625997746
1961,3143.8040479075084,2974.4829189928323,1.0569245591674161
1962,3347.17204917528,3176.2470752707827,1.0538135006043021
1963,1946.3577593509724,1803.264091543255,1.0793525853915584
1964,459.6588993623951,437.87207576363693,1.049756138389877
1965,503.3334882846133,452.0418001313375,1.1134666929880674
1966,753.2180452898548,664.0663001444417,1.1342512714860273
1967,772.8166005745827,718.6309631789854,1.0754012005771334
1968,1531.9667372678696,1427.358167711998,1.073288241117193
1969,1899.7075848763182,1774.8069044018305,1.0703742362984459
1970,505.15642776497293,449.4626642104771,1.1239118796492855
1971,119.87608334322813,111.0577049411386,1.0794035713844738
1972,125.42286849644162,120.21151373251239,1.0433515443081869
1973,427.8791884679381,404.2965315313145,1.0583300995615814
1974,383.56392333854836,367.0157664810972,1.0450884086428027
1975,607.7365519344514,585.692425371302,1.037637718379531
1976,419.1839330628931,384.7709832274283,1.0894374870651933
1977,1177.9385025940157,1120.8216990133944,1.0509597589258832
1978,1072.1683753527368,1025.5319449529663,1.045475356110832
1979,2205.3438457043508,2104.3755625225663,1.0479801633225352
1980,946.4442534527485,906.6587055743363,1.0438815042902052
1981,959.6680226782568,919.9684081589781,1.0431532367494278
1982,663.1530871395584,627.9562601270478,1.0560498067260122
1983,563.8881564555405,534.8085134437416,1.0543739343724152
1984,665.7259921706664,621.0231087968274,1.0719826408077575
1985,145.1920809535233,136.67752295571816,1.062296695269812
1986,521.0194360598915,484.6396576137622,1.075065624272792
1987,151.78303809427962,139.40491543865502,1.0887925839392054
1988,1806.383448329206,1690.5357997423996,1.0685271785456771
1989,4258.643856506577,4005.1827399557314,1.0632832839366644
1990,2205.7942173660517,2100.1559844105764,1.0503001842432782
1991,2211.7696758829934,2077.024410824363,1.0648741846058278
1992,2945.0624116080376,2765.6835983764945,1.0648587616229281
1993,2725.385194493634,2558.1257489309114,1.065383590166599
1994,2965.926470555442,2789.553956173923,1.0632260630740504
1995,367.7288131878078,351.0124308648107,1.0476233342557468
1996,375.1954018779702,358.1998588382251,1.0474470958611428
1997,1389.8124874630532,1305.1078803122743,1.0649023796642094
1998,1421.1540467225452,1334.3357743033223,1.0650647866085672
1999,395.79365061119273,382.5188978922502,1.03470352129552
2000,373.4803423354667,358.21534691506895,1.0426140184999304
2001,404.4847193683968,391.81242547007037,1.0323427565706296
2002,402.97282380144884,390.04655947314865,1.0331403111099358
2003,71.91706371902858,56.01692345230402,1.2838452968639529
2004,729.92641241155,643.621595602396,1.134092481356809
2005,1227.99361998139,1185.421373335324,1.0359131761951315
2006,1244.645740257406,1196.471574370765,1.0402635272902128
2007,749.5914173633158,735.0572965319027,1.019772772680425
2008,513.1137053057785,498.49253170546837,1.0293307776352985
2009,374.619376457337,362.2624886392183,1.0341103156016385
2010,1017.3629227641159,999.9892988389839,1.0173738098450686
2011,593.704662933787,584.1855001132762,1.016294760514708
2012,762.9198229886244,745.1147033336612,1.0238958103702729
2013,240.53417985879372,237.26657680357923,1.013771864116873
2014,336.0549401243085,331.1467031931149,1.0148219411030381
2015,929.9049559800326,855.6216679004033,1.0868179136485778
2016,437.7213410261114,406.8714256510157,1.0758222706982536
2017,452.4524001757941,441.19903355125695,1.0255063265527977
2018,747.8134049160615,703.5587560862207,1.062901141442716
2019,820.0576680927272,777.181870717265,1.0551682932797852
2020,915.6101774339188,848.7404711557107,1.0787869891336195
2021,1320.8488162048816,1257.6429521729317,1.0502573993061735
2022,1116.940185171962,1038.813834867066,1.0752072678305191
2023,1629.0775087551988,1578.0879184570358,1.032310994654859
2024,2291.2326221190315,2202.4811283406975,1.0402961426712416
2025,2632.7878525318993,2527.3035292597365,1.0417378926001262
2026,3409.0847226632964,3288.3556945726227,1.036714102519364
2027,2594.7605257306204,2411.2992741052444,1.0760839824386597
2028,2835.7678468997424,2716.8404920539847,1.0437741395542313
2029,1214.4282971053124,1171.45019170457,1.0366879494365913
2030,1767.3911055425017,1705.4679133971565,1.0363086233748011
2031,1371.0574123830033,1326.4467476141683,1.0336317042874692
2032,710.3890127960086,688.2497650000485,1.0321674614679435
2033,3324.3803406366005,3197.612783259282,1.0396444366375426
2034,4315.30102462731,4134.367658888341,1.0437632500704155
2035,4603.068441016602,4426.552445867346,1.0398766302461981
2036,5479.507890028579,5245.149594922998,1.0446809553978071
2037,1695.770163290725,1633.0540277757825,1.0384042012378254
2038,1910.4755596188313,1840.212293435184,1.03818215237139
2039,1773.7397643028667,1708.5305058185245,1.0381668681140122
2040,1875.8735441546135,1804.7015371850423,1.0394369958151555
2041,4191.084417510977,4042.150532244368,1.0368452100134713
2042,1884.3033614630524,1829.6285555395518,1.0298830086347102
2043,4239.691859543293,4062.2012616573816,1.043693206331558
2044,4725.514540076735,4542.6582883523815,1.0402531381665239
2045,6333.258615442008,6099.439665113252,1.038334496800767
2046,3790.5869091786476,3656.940453880975,1.0365459752443709
2047,2759.769026406769,2666.0958163033547,1.0351349750937668
2048,1611.1040792373158,1570.327640441595,1.0259668350384854
2049,3829.52988203126,3674.00346861899,1.0423315913391693
2050,4381.772039472903,4197.633681242832,1.043867181420069
2051,973.6418045717995,940.1254997065005,1.0356508837126135
2052,324.3124083017474,309.79900454284785,1.0468478063069186
2053,371.6503916419757,353.40124383558737,1.051638606611352
2054,371.7403625349667,353.510615648211,1.0515677495379565
2055,327.9253695224198,313.22011130509276,1.046948639907108
2056,1705.8729971314663,1636.927740535037,1.0421186927737534
2057,2146.0878718324084,2066.223960345987,1.0386521079123718
2058,2005.7284013452443,1930.1007782478496,1.0391832509212549
2059,2957.0485646013476,2859.5639907213854,1.0340907124989254
2060,931.241939710887,894.142433311587,1.0414917187879078
2061,1651.7922796422756,1588.1944467535475,1.0400441098498545
2062,1068.3263153966193,1043.2901874442457,1.0239972811531035
2063,823.0200178663495,809.8639618718564,1.016244772719711
2064,695.6738806390098,670.3082876999666,1.037841681811932
2065,3082.3712504079754,3018.9124026302184,1.0210204336245294
2066,749.2857382209114,707.0767135869262,1.0596951134479642
2067,465.6494870494198,434.45242584642864,1.0718077730656264
2068,420.7988699836177,413.2494231381196,1.0182684994165736
2069,101.4983068196211,95.90523753169064,1.0583187053374672
2070,147.98547580463983,144.92207012753465,1.0211382964265505
2071,420.367337012713,412.9293804744504,1.0180126600091195
2072,768.7419652425102,739.4374027481651,1.0396308901678937
2073,216.20065188419238,212.0271302752269,1.0196839036756662
2074,218.173560165359,214.39968362631353,1.0176020620703112
2075,146.70907315683186,135.35240764907127,1.0839044218349263
2076,146.60449210056308,135.22833368061208,1.0841255535013814
2077,864.3505780478672,809.9996371737202,1.0670999570614503
2078,614.8513265248888,578.1136366485364,1.0635475234407714
2079,622.5014057302518,575.0875355687598,1.082446353344452
2080,348.7932516353076,325.45372852193356,1.0717137985156042
2081,348.05412867525797,324.7671552470305,1.071703597645256
2082,116.97581882974357,114.80055346403854,1.0189482132277912
2083,115.98167109215716,113.84885244345199,1.0187337737968376
2084,844.6167319344738,773.2688457775679,1.0922678917513629
2085,429.0955308431512,409.440262612151,1.0480052159638706
2086,231.9597165192344,213.05392866413885,1.0887371003840953
2087,226.94534113388679,208.09729235412317,1.0905732533400267
2088,147.0329147876788,135.60703967982224,1.0842572416213336
2089,2238.745700271761,2144.9653340496648,1.043721157043149
2090,204.67117448317174,200.30508420213678,1.0217972014960386
2091,117.33167178027,105.38138068318428,1.113400403559076
2092,104.91027029555676,94.09806555001667,1.114903581517231
2093,182.60910566302496,178.88145114262835,1.0208386867200916
2094,440.4506964691184,408.37408241158306,1.0785471346959934
2095,437.6968463615393,405.82078639049143,1.0785471346959934
2096,167.2180880384433,160.23319216733674,1.0435920658923903
2097,171.58495212241692,167.0576813443199,1.0271000455750727
2098,883.2906682785319,830.1955690571857,1.0639549296578923
2099,1006.6449782186427,923.6028981316774,1.0899110215601835
2100,2200.8705568564637,2126.758557018983,1.0348473970366252
2101,3441.4409931385953,3312.984277676706,1.0387737171973457
2102,776.6981253098454,760.8636173603833,1.0208112302759276
2103,782.1283028214277,726.5852641559277,1.0764439376981094
2104,405.53433902612386,378.16465050399574,1.0723750580220848
2105,605.038718429464,591.9212020299068,1.0221609166128407
2106,2086.869389775564,2013.9564802941545,1.0362038158196745
2107,1860.348413294323,1784.0706820036505,1.0427548818889882
2108,3965.3428744881917,3723.8648878617514,1.0648460655523668
2109,5426.766091083658,5135.003345125944,1.056818414000577
2110,2328.69669880598,2201.825792771889,1.0576207738371401
2111,1945.0792142311589,1838.574480249041,1.0579278865916226
2112,421.2096508225763,366.214815860197,1.1501709722835836
2113,489.09254976104154,436.06942074537034,1.121593320909866
2114,665.5858900543686,626.3578020461795,1.0626288806174988
2115,652.4874667669694,612.6361781776711,1.0650488658829107
2116,172.8710157462687,141.328694326114,1.223184128110398
2117,187.83115330335235,153.55918130945508,1.2231841281103981
2118,183.34261137955048,149.9101501216603,1.2230166618521687
2119,201.08325004429017,164.40552233307355,1.2230930396420032
2120,182.73727634336274,170.53454045981786,1.071555802423616
2121,195.36975570768695,182.32345589258395,1.0715557948988705
2122,184.99352667560518,172.64012277064742,1.0715558104726863
2123,196.3825073410496,183.26875750992264,1.0715547483886716
2124,184.3046498222277,171.99724988620096,1.0715557948988703
2125,199.1112162275163,185.85638106809088,1.0713176221513177
2126,184.24822391230705,171.94459195631129,1.0715557948988703
2127,196.17270135140797,183.0727481292992,1.0715559981262563
2128,184.14611791690515,171.8493043419024,1.0715557948988705
2129,194.7276175623024,181.74490479469918,1.0714337096947428
2130,186.36907885426962,173.92392064462413,1.0715551843790048
2131,198.6622004799351,185.44671141758525,1.0712630003591246
2132,1573.5479871590742,1529.4657894643149,1.028821957312428
2133,1079.831141660636,1031.898749733099,1.0464506735180508
2134,1294.6315344126815,1227.883291192556,1.0543604133217723
2135,1108.548060054803,1066.7689784094266,1.0391641325263037
2136,225.06654523864694,200.75172005801403,1.1211188884140386
2137,396.58978881398565,370.26352964514047,1.0711014103767558
2138,184.0929386266095,165.93653738735014,1.1094177420183018
2139,242.96030189389975,230.84187093417216,1.0524966762341972
2140,197.15390501498445,176.43374795078293,1.1174387400645227
2141,302.1175899675996,278.4621376204398,1.0849503366931827
2142,271.4373478119364,263.36160518527026,1.0306640849222686
2143,1409.0270314467605,1373.6608314187554,1.025745947776263
2144,1139.7252364540454,1079.727064475474,1.0555679059575285
2145,1319.7561246582563,1273.86170963427,1.036027784395186
2146,264.4010369682493,244.91398123679195,1.0795669386984343
2147,338.917435558194,321.0232117529906,1.055741214809638
2148,1341.0991197183469,1310.118042359755,1.0236475465239678
2149,1204.1965828162797,1172.1837317527616,1.0273104379427358
2150,170.82750716841903,164.68101587840437,1.037323617766319
2151,185.81149966760296,178.95466037191454,1.0383160700114662
2152,166.84339819737173,160.68550986532946,1.0383226112746768
2153,187.14284653002855,180.23687770522702,1.0383160700114662
2154,187.42108665023662,180.50485017357667,1.038316070011466
2155,356.85677041632636,336.6309561050188,1.0600830492398259
2156,282.14375420536544,267.26189347980534,1.0556826883615738
2157,418.8959442424393,392.65918290991203,1.0668181529286858
2158,1410.3946375860658,1338.33410137444,1.0538434581750709
2159,545.1458288755011,506.1287489301206,1.0770892387121986
2160,290.36030921545233,284.1157403065938,1.0219789614687307
2161,119.50034573030378,98.61711595137463,1.211760702769143
2162,169.8053397651085,159.61982440253715,1.0638110923921644
2163,170.2138649084052,160.05913185485167,1.0634436344610583
2164,3502.1064217703647,3329.373882462279,1.0518813883348959
2165,163.85842935282608,152.59703472503818,1.0737982533414203
2166,926.4617160549205,892.0234813588344,1.0386068701281561
2167,889.6243140291068,845.9972791501382,1.0515687649998058
2168,1067.7947905254252,1020.014771820584,1.0468424772119336
2169,616.2651965252718,567.7642626304672,1.0854244218720257
2170,1351.5276206028118,1276.401286225134,1.058857927509505
2171,1121.4629349113836,1046.0575668717152,1.0720852947559778
2172,1523.4529824430986,1466.5666235216427,1.0387887996420209
2173,5822.723675746971,5555.253320471066,1.0481472832733438
2174,1455.1328054605558,1388.2890443461517,1.0481483026799263
2175,1421.9861369837472,1356.6951004009713,1.0481250625608356
2176,859.7998309885086,823.8608721849251,1.0436226067009
2177,934.4009013962113,894.6779625736085,1.0443991474969796
2178,2597.5947740910183,2482.6695756051035,1.0462909763003414
2179,4997.348275632482,4680.706049536446,1.067648389526062
2180,1402.0094133401853,1297.3623485187966,1.0806614011427607
2181,854.4146750779803,796.3227437085917,1.0729502351004643
2182,1408.3772268816872,1328.8442194527393,1.0598512649298366
2183,1120.7807325048698,1052.0598152577907,1.0653203517998073
2184,600.4209993367289,563.3226830899808,1.0658562443167627
2185,417.03238182180905,395.17399166695634,1.0553133318886898
2186,2314.971817815019,2183.9192987017864,1.060007949557081
2187,619.188941514328,588.7239713953807,1.0517474599288694
2188,1223.4100576091314,1124.861307534534,1.087609689669739
2189,1005.6917453104046,969.4830254393763,1.0373484825632902
2190,239.7309350974117,232.02196518854115,1.033225172895188
2191,380.9840246996484,355.0253145750641,1.0731179131709374
2192,265.40026543021014,242.27250073691468,1.0954617821789443
2193,211.82746618297352,206.47537574881315,1.025921204476564
2194,2072.552767832066,1953.3439846453284,1.0610280545176902
2195,473.2710219125561,428.13210575389536,1.1054322148514788
2196,398.4894363081732,378.7318613024371,1.0521677128979614
2197,588.6654848310886,551.0745074526604,1.0682139653895302
2198,475.59784386376856,430.2202112698451,1.1054753621639162
2199,1110.8312547010958,1048.9618549192626,1.0589815535156855
2200,317.40500313773134,301.2064930599057,1.0537787546120527
2201,292.6658531405483,267.51139265359546,1.0940313615709283
2202,344.2014268135048,321.3421783564809,1.071136781900025
2203,701.7844297782242,666.2536460476683,1.053329214693729
2204,253.43639991733224,251.04786806839914,1.0095142486861604
2205,752.6413146232635,715.1762318959751,1.0523858051433927
2206,236.66916433461517,232.14615578775886,1.0194834522738834
2207,1218.8110734642348,1115.7200708934406,1.0923986269138652
2208,1299.7090729640834,1248.659414635597,1.0408835729984742
2209,1669.4464991459392,1527.307004384992,1.0930654376316327
2210,614.9447434317078,579.4862908195089,1.061189458963824
2211,144.03098427711686,132.80582992818012,1.0845230541084467
2212,152.0149268641806,141.75134580105424,1.0724055281812361
2213,331.75177227932875,312.8323572548589,1.0604778073166408
2214,1810.1326301445583,1656.286102029312,1.0928864451176346
2215,571.1582665314965,531.5916464126468,1.0744304775777762
2216,767.913829605514,709.4944779781799,1.082339402829194
2217,1630.0597181463777,1478.2732031394385,1.1026782564174114
2218,757.497435528419,704.4855665631,1.075249049067027
2219,765.624397661923,708.0941729228226,1.081246572756885
2220,661.7892733981292,615.2079152773451,1.0757164479910577
2221,1111.499610044447,1069.903442185195,1.0388784316594917
2222,843.931143336503,829.7262309269291,1.0171199991998625
2223,669.4678164948963,629.4064619319048,1.0636494173256927
2224,1143.6863665227343,1100.2951122152335,1.0394360147798356
2225,1024.9157986641185,1001.5499821315266,1.023329655982684
2226,2190.653471540826,2007.0138001340083,1.0914989580014627
2227,2986.9508276959828,2841.6964916356224,1.0511153589019477
2228,770.9398133698959,747.2829581651321,1.0316571587057872
2229,1697.6866689254316,1628.3451422483547,1.0425840473729868
2230,327.60680131163656,311.9313825372078,1.0502527788224674
2231,156.50236350333057,142.7950332465729,1.095993046432423
2232,430.23393252483976,413.29629191830213,1.0409818353993017
2233,192.72039048983515,178.5457811864238,1.079389214403287
2234,2618.6975617587423,2483.958608416793,1.0542436387166
2235,1573.7011930470696,1472.6780830326566,1.0685982301076813
2236,3043.387128640438,2841.5551207716526,1.071028714661701
2237,2192.405835595776,2028.586850460841,1.0807552238139173
2238,3047.7682646036214,2845.844447593503,1.0709539192069577
2239,3787.2833614026454,3649.632160986114,1.037716458630543
2240,1642.482325528904,1575.1168464435698,1.042768559829347
2241,2791.5019560143537,2631.8709380429113,1.0606530569808814
2242,1432.7168225783569,1370.993357892432,1.045020980102201
2243,1636.7741844038062,1558.332366491818,1.0503370266822987
2244,5449.148735774608,5192.68880648477,1.049388657562064
2245,2804.2622935799664,2686.041837370123,1.0440128871282182
2246,922.1978442179126,880.9344671765704,1.0468404615539597
2247,891.2727045668427,852.5479201731955,1.0454224137756154
2248,1351.453504639286,1292.3955217361342,1.0456965239432403
2249,1277.1021294326595,1225.0102921188027,1.0425235915559188
2250,1272.506246874689,1202.9812378527658,1.0577939263176042
2251,1155.910453500445,1083.4729726342039,1.0668567492644758
2252,1202.0514431415324,1126.0198722768475,1.067522405897639
2253,1271.3801895669733,1201.789531025302,1.0579058618378048
2254,613.8404076909477,547.8580302661387,1.1204369996963557
2255,813.0501989848052,792.0187080953255,1.0265542854916356
2256,3297.7223209756303,3114.6397742640206,1.0587812909295014
2257,1177.397422184554,1121.9970644952257,1.0493765620628004
2258,1319.6688487497458,1251.7571844639622,1.0542530653138336
2259,1219.0029277171043,1151.4421796655195,1.058674894184622
2260,1158.1477500675453,1103.6302655003938,1.049398323216909
2261,1341.45441471742,1282.3144485089156,1.0461197066579673
2262,2343.9694860358363,2189.6143405556286,1.0704942156348132
2263,1035.4732584273556,968.0548877739781,1.0696431281994812
2264,816.2609022180754,775.2232994902075,1.05293649294965
2265,2143.9805897014503,2003.7876261640665,1.0699639830622973
2266,1017.4546522515276,968.2141130447997,1.050857076490941
2267,1027.2196134347241,977.2930272700789,1.0510866083881798
2268,1446.4868934018348,1283.7196143005763,1.1267934814487826
2269,1373.2595497035566,1294.2850661793834,1.06101784343174
2270,1090.7713330260688,1048.0480864105039,1.0407645862528019
2271,1432.3565788622968,1269.0887655656124,1.1286496403771398
2272,2145.4887543794966,2018.955245160995,1.0626727657890265
2273,1226.7201227588657,1175.0770835923925,1.043948639529751
2274,1348.7144000780158,1195.832296320273,1.1278457725453481
2275,1055.9008953294217,1006.4123181089434,1.0491732626181163
2276,1245.5139592025434,1142.0101185305757,1.090633032923689
2277,1018.7681643874619,959.5395165535376,1.0617261163424108
2278,466.8354265737036,453.34646545074054,1.0297541993838017
2279,370.0805086653339,337.4965014845459,1.096546207256848
2280,668.67391828112,625.0826589087158,1.069736792008447
2281,947.2437526487699,904.4773315684669,1.0472830214618438
2282,1101.343223927256,1051.6269829755317,1.0472755470870996
2283,1948.6710261296193,1847.2401743572198,1.054909401159865
2284,832.9147133953832,794.3570246897053,1.0485394948458338
2285,1004.8486994766341,958.33184327815,1.0485394036781295
2286,979.7461367495915,934.602700131732,1.0483022749789794
2287,944.4454514650736,891.1953095775447,1.059751371349532
2288,510.5478761462964,495.89280613164766,1.0295528990004308
2289,258.04934098710294,237.98781648455866,1.0842964349977382
2290,303.73898603054636,287.1879863595244,1.0576312396657919
2291,507.71080805044426,473.2792019570206,1.0727511497463826
2292,726.8475160825728,648.5221594260626,1.1207751431744872
2293,1127.5459392949388,1058.3416575390452,1.0653893582123695
2294,210.52875319679586,191.82639226331156,1.0974962866830775
2295,170.93140774589563,162.04522996473128,1.054837638745049
2296,218.2831770195717,213.54137548674086,1.0222055398960623
2297,176.7873522103319,162.80055898365876,1.0859136683190203
2298,359.6911868677615,323.1757021579109,1.1129895733683848
2299,406.6514050515002,393.9078547642312,1.0323516023687735
2300,446.7273673716195,432.07478579762426,1.0339121421930375
2301,148.5498435062265,137.66457352700056,1.079070959945196
2302,151.77144336863515,140.87602978436863,1.0773404361334113
2303,128.99909752611066,118.78139949866889,1.0860210274551974
2304,141.11238522398568,131.12247571968737,1.0761876211493646
2305,811.101316429877,746.4058479651401,1.0866759935511094
2306,1626.829260822661,1545.1473084252311,1.0528635373158548
2307,2471.370607803723,2266.897409973479,1.0901995815649355
2308,3082.051988075531,2839.4383441930345,1.0854442373713338
2309,1008.8096398193485,960.4084071687043,1.0503965107857933
2310,501.59066847182027,445.8858883836269,1.124930574255507
2311,1015.9512284522157,978.0640265312707,1.038736934283651
2312,997.673612389302,928.4869591853638,1.074515481902558
2313,5643.374226622121,5351.050887879198,1.054629145726323
2314,1212.7850008247235,1141.7472369213756,1.0622184679814906
2315,1462.4926038782653,1389.6293943346468,1.0524335551915303
2316,2410.628106964676,2237.078124164843,1.0775788654518375
2317,1115.400357817583,1025.0340701529435,1.0881593015256128
2318,1622.0631684059697,1533.7192496601986,1.0576011018739864
2319,1389.7220982624856,1226.7023286669955,1.132892687806859
2320,487.6673111571152,446.7026328995276,1.0917045820654507
2321,986.195245294007,919.1912969374323,1.072894454701452
2322,908.0811558008506,814.7011552761504,1.1146187162249062
2323,243.97052046040216,237.00982224203977,1.0293688175136217
2324,249.61139610723438,242.49087570730782,1.0293640755725637
2325,252.3289987326382,244.7409904985001,1.03100423929266
2326,74.650020966633,74.650020966633,1.0
2327,330.4984316854444,321.55500108688454,1.0278130664064633
2328,110.11723501748521,110.11723501748521,1.0
2329,113.66185824304031,108.13273771911946,1.0511327155914894
2330,106.10647286946453,105.99654211682841,1.0010371164043725
2331,218.1992260011354,190.51549657418173,1.145309593837551
2332,1129.5796944851074,1055.6569069860702,1.0700253908346877
2333,794.6800983758836,759.4311953566399,1.0464148737038519
2334,788.4980723880873,734.4551968221767,1.0735822631519825
2335,1071.0522610039013,1023.8725912126922,1.046079629629824
2336,984.7017782764209,954.8906181552273,1.0312194502222531
2337,2077.894612864239,2029.1818425119004,1.0240061138591885
2338,625.7355859745471,594.3298238554063,1.0528423122289443
2339,1442.10783684483,1408.7915567661805,1.0236488357121656
2340,597.3126532751041,560.9173981598348,1.0648852312919317
2341,1255.882004126128,1221.7836954898912,1.0279086296225002
2342,1349.606604614708,1262.2928777971506,1.0691707355347913
2343,2165.0762137835973,1964.964587904197,1.1018398128450937
2344,139.8129978439558,128.95300843833334,1.0842166424586814
2345,298.94857106730024,251.33651600010344,1.1894354860364866
2346,1236.0100044438989,1180.888193879009,1.046678263743009
2347,2073.3108788719146,1982.3975787831127,1.0458602759919675
2348,1540.3271049448556,1458.2218261474795,1.0563050678059678
2349,3523.4272979526627,3334.612879124158,1.0566225902894302
2350,1250.0399367947384,1202.119623040566,1.039863182361973
2351,861.9132427423845,812.1719622844964,1.0612447643698197
2352,507.5682552006303,469.8313331121388,1.0803201477400923
2353,595.6062873847743,554.3069958825072,1.0745061704236925
2354,956.7583043507019,889.2452161517584,1.075921789594898
2355,950.3526587635205,883.3593988457485,1.0758391884495817
2356,759.538333929338,637.3249515001369,1.19175992112271
2357,615.9026495911926,538.5587196875277,1.1436128078077352
2358,581.2837640753581,552.2044316040452,1.0526604474847172
2359,642.0128166104366,585.7030665809075,1.0961404391447738
2360,1204.948066116563,1132.84813237836,1.0636448361236492
2361,698.3761649054194,659.6791050716648,1.0586604298002598
2362,509.4070485220213,474.5360844997336,1.0734843253470374
2363,761.4423259804896,720.9971111718427,1.0560962231081772
2364,399.9980536526625,379.7107041875485,1.0534284370742775
2365,592.596508473301,538.9988052334983,1.099439372999322
2366,900.3973805195562,798.6885824805709,1.127344750219288
2367,371.52724098365485,345.7506818998697,1.0745524461214226
2368,144.67307696333958,138.50173481029282,1.04455786897904
2369,1019.5480948570023,902.9304209916291,1.1291546625899476
2370,3340.253114980357,3164.1968069262307,1.0556401256927983
2371,1344.6401671036954,1277.9206532992866,1.0522094338425119
2372,2328.2837326577464,2240.4680548485844,1.0391952376286377
2373,1001.3566266816647,960.1378624785084,1.042930047667065
2374,840.215163300122,803.3972824834525,1.0458277388029724
2375,825.5545185907213,794.8358792874125,1.0386477763571125
2376,849.7556309778574,812.5443104913212,1.0457960507581865
2377,618.1654138261656,597.0541703366849,1.035359008509355
2378,1068.4973959151007,1030.4491739984314,1.0369239190799013
2379,1566.0802669784214,1491.4122077768352,1.0500653399591584
2380,144.15821804417698,140.86606657250326,1.0233707915027161
2381,920.5245287795748,884.3318979472517,1.040926524211481
2382,3022.3042527295715,2833.1410977159376,1.0667679965414134
2383,145.43800712372436,141.93480637381103,1.0246817594599524
2384,317.325676040142,303.9768214379969,1.0439140541670147
2385,645.2587970931144,597.6747830526404,1.0796152278626134
2386,1135.6819198609678,1095.986760850014,1.036218648280174
2387,1605.9649303092094,1535.0368103609537,1.0462061362108817
2388,1697.621683699541,1623.0401985448832,1.0459517177834061
2389,6688.274461881955,6277.629517270931,1.0654140139173973
2390,4031.1152360022734,3820.598644599578,1.0551004203752887
2391,1628.338468401982,1580.55299361974,1.0302333898168166
2392,1103.354212011251,980.5320762027144,1.1252607016021214
2393,1272.4107442479758,1217.628420967676,1.0449910024576816
2394,1545.4829701359888,1524.7040778221449,1.0136281476622822
2395,466.70135132454925,429.609933292556,1.086337431138341
2396,460.77187792124005,424.906617317527,1.0844073948062602
2397,571.473364977791,526.1705847796951,1.0860990361463554
2398,543.7538426293374,500.5615484782235,1.0862876788727072
2399,2876.935564893306,2680.8498237979306,1.073143127733124
2400,1223.9459899719247,1145.4078567148924,1.0685678317959901
2401,3291.1302001208405,3080.9633758806754,1.0682146454207981
2402,1055.2809381826983,964.028819838487,1.094657043924786
2403,563.9957070327563,516.9194277157161,1.0910708261151487
2404,546.3753078716339,504.690417682329,1.082594970557858
2405,1338.8117409141466,1228.9521647836063,1.0893928822281576
2406,647.9868098694238,612.3696652752101,1.05816281670028
2407,1318.6669895129648,1232.997483043119,1.0694806823598761
2408,1576.774384513409,1482.1368019683748,1.063852123784626
2409,1275.0134941475167,1193.5998408786656,1.0682084987619624
2410,1279.8088808141094,1194.4162333910203,1.0714932073391654
2411,1190.8319032940697,1107.1159295900632,1.0756162669748637
2412,543.2423929083509,516.8364678544206,1.0510914509642695
2413,1188.7431400277735,1112.0658585834326,1.0689503061824177
2414,1348.6890095516897,1278.1772689599593,1.0551658539891773
2415,2307.5736617433517,2191.2177117557762,1.05310104484978
2416,1747.6303098990604,1612.1960281481574,1.0840060882090554
2417,1785.7946441971076,1646.6103362824917,1.0845277749372377
2418,1117.4858930889623,1038.966774978198,1.0755742339425745
2419,1351.6776848149568,1256.447431508324,1.0757932651366975
2420,3322.8418279041157,3172.0704175762703,1.0475309152950796
2421,2196.314966255032,2063.258988412023,1.0644882579406159
2422,3811.4508658372674,3660.9040655649715,1.0411228476835441
2423,2387.122226687485,2325.642230461548,1.0264357068428946
2424,873.093545461814,826.8897718466086,1.0558765813634665
2425,1507.6819999861987,1447.9941697844836,1.041221043183205
2426,1528.9105821038086,1491.3613115084454,1.0251778494625046
2427,218.18552119450393,204.48940926957033,1.066977121083462
2428,384.0206095391821,371.54690561776994,1.0335723531344505
2429,221.6215169131476,207.96762068785893,1.06565395218798
2430,327.7633769854844,321.20289995852113,1.020424712939424
2431,897.1375440456117,841.1935989489818,1.066505433667741
2432,6548.304665781314,6286.795480339556,1.0415965790933657
2433,2033.983721606127,1964.908639599525,1.0351543479500809
2434,983.8161891049815,917.8955815974538,1.0718171095156632
2435,2820.3387371752556,2594.984017596281,1.0868424306473068
2436,1774.4226639104113,1644.5745325164607,1.078955455545856
2437,1911.4465022012198,1768.0896414339848,1.081080086330333
2438,651.5929179266589,617.1997978848832,1.0557244512387065
2439,2069.1262153800244,1914.2007540120214,1.080934803229646
2440,978.2588718948923,911.7965185583237,1.0728916506959851
2441,998.3301587376848,930.4700650145068,1.072930980022576
2442,620.9329434479146,585.2816476964168,1.0609130593652065
2443,4895.384224544075,4577.261786516065,1.0695005994555853
2444,553.0299509198171,543.7271407873171,1.017109335610927
2445,520.1458493262512,500.6322132975957,1.0389779872536005
2446,2306.5710988136916,2212.3092857738957,1.0426078820199056
2447,168.98347146753505,167.4334475764683,1.0092575522603322
2448,3270.685581082847,3108.3404117698037,1.0522288899562993
2449,3477.4623204856466,3306.5086095285224,1.0517021823153518
2450,2144.496909164364,2027.2069664979992,1.0578579023280406
2451,1415.7886453062702,1328.8420949693857,1.0654303100918003
2452,4887.325530268643,4569.825629843506,1.0694774650375467
2453,829.0823992527862,790.4317670415069,1.048898126091192
2454,5755.884466398039,5372.525997332642,1.0713553492818326
2455,1717.8979142455169,1613.3957402177575,1.0647715693197843
2456,1005.4359128721643,946.9630636338844,1.0617477613265038
2457,2364.0587308034796,2178.786538369511,1.0850345773536019
2458,5079.4024225480825,4745.444030751538,1.0703745296820317
2459,2639.753323557394,2533.4855159538483,1.0419452990492177
2460,2710.902912767601,2598.3512699722173,1.0433165615812163
2461,1637.1225277569652,1550.3990517331752,1.0559362287579077
2462,1260.8500642848142,1156.1111798832037,1.0905958581009412
2463,1922.3057181010643,1789.9124627633726,1.073966329690389
2464,2622.977687028921,2531.0937024234668,1.0363020873219657
2465,2381.1569787920757,2282.504551506321,1.0432211305868588
2466,1538.2721978511142,1479.5944181283683,1.0396580164157223
2467,2674.187924377598,2578.014743385084,1.0373051322686515
2468,628.2776553585273,601.7803364876796,1.0440315465033314
2469,499.79083683205306,465.76036965957525,1.0730643253253829
2470,284.39532082867834,269.5625836031863,1.0550252079766635
2471,383.21702425218575,354.7689317943532,1.0801876655713554
2472,279.9533834973556,264.4987701098317,1.0584298119084126
2473,275.96212775165833,257.09235928342093,1.0733968466462094
2474,3135.558001731709,2923.019599296651,1.0727119320329566
2475,916.8565703173186,895.3853672566065,1.0239798458249305
2476,606.8137566500685,554.5505590038988,1.0942442430137416
2477,161.1096907291657,145.75571942999426,1.1053404378175764
2478,496.2739272541063,426.5783711992465,1.163382770342818
2479,15.252822956117864,15.097877967141713,1.0102626997855835
2480,12.461605875185747,12.461605875185747,1.0
2481,562.313135093433,546.8528829484338,1.0282713187167323
2482,340.75002883264534,322.6682969995095,1.0560381419596463
2483,305.37598286666383,286.505505992688,1.0658642730393373
2484,127.11004753274476,109.52576609268567,1.1605492667832926
2485,125.09084201074165,107.52787432522777,1.1633340917015909
2486,747.0616048637801,718.3525638420973,1.0399651124903528
2487,30.91684644534162,29.81397365226026,1.0369918081348324
2488,234.60477565253794,230.70856562341436,1.0168880163534255
2489,235.25155815551298,231.44647221499537,1.0164404577183748
2490,240.11183509745882,236.26390473948425,1.0162865773433207
2491,238.4338829742511,234.62090232670414,1.0162516664531343
2492,276.77919127113597,249.06609049707276,1.111268060291768
2493,338.2374167083275,320.2667545146029,1.0561115443311029
2494,287.3406469563991,256.8291609322988,1.1188007074949844
2495,316.01601785005,297.1901200692495,1.0633463110294978
2496,270.79536159054805,260.4492275478852,1.039724187858306
2497,603.3092525128169,567.3658077647922,1.063351446731745
2498,207.03220478372978,198.88183517485922,1.0409809654144868
2499,209.398053935429,200.45233682356275,1.0446276519077962
2500,1873.7929850810492,1762.7453751579994,1.0629969656922778
2501,430.598125681436,396.9482090721907,1.084771554173017
2502,463.9474519906994,426.8167533423862,1.0869944732898698
2503,429.1242687281631,395.62188760677026,1.0846828301741804
2504,463.3163776165783,426.2095255761907,1.0870624653220105
2505,1423.4583647894924,1299.1996759825925,1.095642487528272
2506,783.911875541348,737.1580796645522,1.0634243823225424
2507,1480.6393622007736,1374.7558887480336,1.0770198362628336
2508,271.6142610362014,238.3150171491398,1.1397278454602071
2509,275.79638406833743,242.06239246975153,1.1393607294978767
2510,390.5283554740046,360.71037218005023,1.0826646129240516
2511,376.2937090226481,346.09008371602323,1.0872709930961437
2512,359.08594281074943,345.80905069144205,1.0383937091662592
2513,280.00043635810044,275.5563252750364,1.0161277774285469
2514,361.18920802937913,330.79119121925663,1.0918948799636383
2515,273.7700629669533,240.48933381001328,1.1383875477123313
2516,277.4753891723738,259.8018972962555,1.0680268006509783
2517,143.57387928481484,142.053795071247,1.0107007645434987
2518,291.2399520828572,272.413458012194,1.0691099999538953
2519,214.1318713423285,202.62080289731838,1.056810891480099
2520,207.51167705712095,206.85305866811487,1.003183991540888
2521,126.05148549850504,125.87865350909945,1.0013730047517
2522,375.0333426200579,360.0177388817084,1.0417079552385144
2523,270.46474038801017,237.68405822308551,1.1379170416812614
2524,52.97852670144763,52.72096311230939,1.0048854113038406
2525,475.69608670999753,461.94219708782805,1.0297740490236151
2526,341.9752822527585,333.48148712986915,1.0254700649082256
2527,415.81063730206586,403.78603357123103,1.0297796425113688
2528,255.41411972986023,247.95292567749638,1.0300911716688852
2529,1342.2350335344363,1216.5361621447453,1.1033252239440912
2530,1886.3761751434895,1748.8810986422063,1.0786188818714042
2531,3413.3456478897174,3235.1039093905533,1.0550961401832506
2532,2693.198870478994,2532.2402709229677,1.0635637152620432
2533,536.2010146234646,504.4418088887871,1.0629591068286717
2534,796.7471330701757,737.0561629863969,1.0809856467951147
2535,278.7968664886253,266.49222979699414,1.0461725908519153
2536,797.7814840945927,738.013022152366,1.0809856467951147
2537,1953.6665664711336,1854.2622809329227,1.0536085356210763
2538,2802.0272587766212,2682.2558690257465,1.0446532305638605
2539,2698.0203132882334,2582.939635763193,1.0445541490523593
2540,249.23613808347844,233.02632483400347,1.0695621546665255
2541,2066.434411998078,1978.0997345137057,1.0446563314999324
2542,2706.339357798838,2610.8094921643137,1.036590132647071
2543,368.5668505906128,346.7096329061813,1.0630418529223444
2544,1149.8026729222408,1071.1320645933579,1.0734462265946163
2545,1158.773910333984,1079.4894812850198,1.0734462265946163
2546,739.6073834150147,706.9070265653577,1.0462583559376089
2547,1150.3937269613198,1071.684115473577,1.0734447869024921
2548,1144.5713173288218,1066.260848378042,1.0734440067549162
2549,798.7075495456343,753.9817176684886,1.0593195177403636
2550,253.292467933093,245.5972622731441,1.0313326198701294
2551,232.4292998243266,220.7422602489098,1.0529442779204963
2552,202.39870232436445,198.32900783985497,1.0205199155122868
2553,158.83891795562295,158.6949591534528,1.0009071416189783
2554,73.29959662643431,72.99889102900455,1.0041193173374412
2555,238.4967389517162,226.48692589080218,1.0530265180370915
2556,223.16146784634054,214.0375084976427,1.042627852532671
2557,231.9259079925142,231.62854575282284,1.0012837892614872
2558,901.9254842728429,880.8644870012558,1.0239094634672872
2559,1067.2847099328828,1021.7326259282366,1.0445831745494694
2560,841.4858551079088,804.8965909623666,1.0454583415514216
2561,254.45174832355954,245.2077003032268,1.0376988488081795
2562,78.23910810857431,78.23910810857431,1.0
2563,373.49760828952503,360.6237183082206,1.035698955248144
2564,367.79353245467183,355.1754756871596,1.0355262613306846
2565,416.0090681922164,398.57047538608106,1.043752846442635
2566,553.0438265060264,539.0083869807454,1.0260393713053344
2567,2919.6388138816037,2796.142014712362,1.0441668550879901
2568,1426.6527326372175,1371.298383574774,1.0403663781168784
2569,255.43899722714434,240.81009072219263,1.0607487271861384
2570,2982.9421210160694,2845.022942494934,1.048477351961242
2571,1977.1193707159046,1865.9135428482589,1.0595985962446541
2572,3906.5220782121814,3740.019915483051,1.0445190577835801
2573,1614.587016317255,1551.9907773119305,1.0403328679012784
2574,702.7624534079401,685.3149126757877,1.0254591581321777
2575,988.1626025271082,916.6119367907023,1.0780599323056206
2576,552.3174027357028,511.23385974722595,1.0803615453185949
2577,598.3532983709572,575.7006699941642,1.039347927764306
2578,3872.9568251318224,3707.90208066255,1.0445143212734949
2579,746.6574245625485,725.7038734830969,1.0288734177191072
2580,4310.897269150378,4163.909758191931,1.0353003593964225
2581,847.5779641983407,799.0820286046746,1.060689558590559
2582,789.9263270440528,725.9787356973145,1.0880846617157671
2583,798.7820856915273,770.6363855935026,1.0365226722020766
2584,265.87075624573174,262.97234900324315,1.0110217186463692
2585,563.8547726341224,552.6703211673938,1.0202371125033525
2586,320.3226275917697,316.83729558779424,1.0110003842745516
2587,1141.6418660181873,1115.193863001178,1.0237160586105032
2588,210.48040903236665,202.9056454423334,1.037331458045538
2589,210.29193748091143,202.7414330194073,1.0372420395232254
2590,209.0674417923382,201.52890241301716,1.0374067406166456
2591,209.77805891466497,202.194588049721,1.0375058053634905
2592,472.3202679321322,442.6941541955081,1.066922306192325
2593,475.79952977635065,445.95837084626595,1.0669146738370603
2594,439.0040552743126,412.28368516690597,1.0648106414800027
2595,448.883549653499,421.38105742602875,1.0652675096395339
2596,357.20746050788586,338.24604818647424,1.0560580453875938
2597,356.46817092959895,337.54600183815484,1.0560580453875938
2598,356.26412238403464,337.36146046366935,1.0560308871510857
2599,350.6133132149995,331.8336013670383,1.0565937619656218
2600,178.59105942643356,172.16068610829242,1.0373509972776032
2601,178.46458934947546,172.02353906578801,1.037442842524151
2602,208.12410875437425,200.63430290786977,1.037330634582182
2603,208.96911052872846,201.43978290967604,1.037377560233117
2604,208.9707557974766,201.45032156954315,1.0373314580455377
2605,209.95513352685356,202.40340453397204,1.0373102864068378
2606,207.79694883496512,200.31256534762142,1.0373635247212543
2607,209.1291105225051,201.61315412956975,1.0372790973157688
2608,373.0497382508325,352.30315273233407,1.0588884469457498
2609,379.10753641764427,358.12116065217634,1.0586013284645048
2610,386.80258059311893,364.82498836495387,1.0602414662621182
2611,375.19243827386055,354.3637674420056,1.058777653771456
2612,361.98891450415766,342.08787872097645,1.058175214677552
2613,376.5007336232215,355.55641574376284,1.0589057515265101
2614,318.4914085924621,299.873870937912,1.0620845610733616
2615,329.4028708345084,310.29258081506794,1.0615879695519697
2616,113.41880359977361,100.46374993528221,1.128952519419561
2617,112.17899549717788,99.35604418940875,1.1290606063514759
2618,132.3191899932812,117.17516645284459,1.1292426031801808
2619,132.3219084763673,117.19639768163238,1.1290612262317468
2620,126.91704907426278,126.9057752508987,1.0000888361726785
2621,174.16432897487778,172.85621102745205,1.0075676652846335
2622,1785.1430508101944,1724.494447293802,1.0351689178307106
2623,501.9839950233502,491.08481345120504,1.0221940920867596
2624,887.3361797210297,845.5424990043089,1.0494282437203761
2625,541.5318675000929,521.4344734763893,1.0385425111801965
2626,546.9315952384791,526.60707949757,1.0385952193432348
2627,1218.144871155509,1162.0132550456817,1.0483054869349322
2628,1650.9947020056259,1576.5338778219716,1.0472307162130408
2629,849.8011218577227,814.9989228988412,1.0427021410471253
2630,906.7393369940085,867.0954930779224,1.0457202744479304
2631,779.6719745315395,746.8765587340777,1.0439100885065244
2632,766.6549804697792,734.2502055378196,1.0441331506447777
2633,726.7887725752515,695.5458450065472,1.0449185740853792
2634,731.0277090834345,699.6054014690177,1.0449143296327286
2635,750.7873289635957,718.8451525077071,1.04443540635206
2636,254.90497346309706,254.6682316516811,1.000929608730074
2637,184.49978692802102,180.7497924654461,1.0207468811522526
2638,169.72493705772607,160.2875154735333,1.058878082652364
2639,1010.282270551641,976.5036898751072,1.0345913497580885
2640,170.0252342538545,160.56954323779033,1.05888844687103
2641,552.8868155938329,524.6243369766316,1.0538718405251188
2642,160.52468653698742,151.50870406638234,1.0595080165602553
2643,3736.563352323259,3655.692290821059,1.0221219553147993
2644,1019.7205576133074,978.149074452817,1.0425001507911724
2645,533.5179393056501,512.428562369372,1.0411557404972995
2646,723.1553150093844,698.3744175896416,1.035483684389917
2647,372.6277288064253,358.40871136305924,1.0396726334839628
2648,674.8087648252747,649.0029535083346,1.0397622401831006
2649,1176.8838618656916,1134.322941636856,1.0375209904221976
2650,451.71047531534975,434.33283048512055,1.0400099730218864
2651,691.4739619575053,665.5687106736473,1.0389219788557043
2652,317.67305959861346,310.0421001591423,1.0246126556217825
2653,551.5270894926731,527.4643343275881,1.0456196819369035
2654,465.46837596900343,447.58964164950305,1.0399444773869473
2655,348.1160074639107,333.9897303848145,1.0422955432276924
2656,249.8150055349058,242.52239644188452,1.0300698376727808
2657,1560.9859858610525,1443.6107581968533,1.0813067005754426
2658,1945.921271062619,1882.6807312622275,1.0335906873376202
2659,526.2010061446722,473.03408456388917,1.112395540439332
2660,238.5314734332977,228.80789197843401,1.042496704859202
2661,1447.5772876553037,1382.6233721362544,1.0469787483909596
2662,2068.5428626500693,2014.8115689454276,1.0266681482937707
2663,537.52422455815,480.94682707520485,1.1176375314231946
2664,176.9821702845557,175.90661376435716,1.0061143608940102
2665,828.0873044239014,802.328119781182,1.0321055488491975
2666,733.7472889660163,709.4864479648041,1.0341949322228854
2667,884.828425465755,857.2489150477567,1.0321721146960703
2668,299.0137147304503,290.4653025856108,1.029430062967056
2669,836.284486943913,778.8540056562637,1.0737371585310886
2670,262.8094804820694,210.382928940238,1.249195844006544
2671,535.2414787220464,522.53989386315,1.0243073974027002
2672,2965.0935077891318,2866.723025581494,1.034314609862836
2673,851.6978731480101,787.3332581889242,1.0817501538130647
2674,458.9785323939216,399.47273862882787,1.1489608376515121
2675,3425.3335230915814,3319.333229354012,1.0319342128112272
2676,3690.796663970903,3549.064666469676,1.0399350281893316
2677,918.945322260851,856.9626402490995,1.0723283362664846
2678,718.2549549508068,649.3927547002021,1.106040912455815
2679,592.361870067468,579.6824980394262,1.021872959889121
2680,2230.214077396445,2143.172643158351,1.0406133563322377
2681,546.0672247653716,526.7431424172629,1.0366859685337888
2682,364.31337978579074,349.6390081537721,1.0419700642371255
2683,264.375099425789,244.9952576796848,1.0791029260306828
2684,291.47255196424817,268.7377417443119,1.0845985013953383
2685,274.53876257510865,252.9373241406155,1.0854023363609409
2686,1431.9183710981365,1384.3428378248343,1.034366872116777
2687,1502.0692540441742,1457.5543124671235,1.030540845851365
2688,2366.6643864585367,2279.030653439298,1.0384521958434345
2689,1515.7624270927902,1470.8227710144454,1.0305540932354136
2690,2221.3167743142026,2148.9973891608965,1.0336526165727655
2691,882.9969024961538,865.2368198975558,1.0205262677109612
2692,1832.5963311315888,1733.2877454553611,1.0572949217096888
2693,2921.1089899295393,2806.1286412172194,1.0409747247590349
2694,1944.5501346224312,1824.4265695532079,1.0658418196017836
2695,739.593493499077,711.9943820350796,1.0387631028563897
2696,1155.6182974601315,1072.4485477842852,1.0775512725973455
2697,1861.0717090023484,1718.8509696048798,1.0827417512701298
2698,1427.5322219002394,1327.7193995202585,1.0751761421999604
2699,1807.418593205153,1669.119487456764,1.0828575226565207
2700,2420.924294299497,2314.8252409088454,1.0458345846224637
2701,1339.2596512803598,1265.004678056266,1.0586993665020985
2702,431.3232705129539,410.9064612280465,1.049687243232655
2703,1016.2980349557579,951.8633863582229,1.0676931684955953
2704,3525.793670389413,3339.7482931006484,1.0557064068789563
2705,1144.9092501593373,1107.4117957292262,1.0338604434002974
2706,1065.8206348338206,1047.1572011620033,1.017822953087757
2707,2349.941688931126,2252.448593818609,1.0432831609920277
2708,909.1342444178483,863.3389794502749,1.0530443615516274
2709,1333.2787202218653,1301.123914650009,1.024713100120449
2710,2670.1415198480872,2544.625116582905,1.049326088329166
2711,931.9781307077069,868.7282779231239,1.0728074064030642
2712,1302.0451071968605,1238.4289252375092,1.0513684561648549
2713,3188.1236196023006,3012.692551749939,1.0582306574065985
2714,1113.3772353593063,1058.9626727058326,1.051384778761309
2715,1467.1069109951418,1428.8887618081744,1.0267467630850455
2716,1771.7475908934782,1718.3657267463536,1.0310654846731613
2717,2072.5340877280396,1963.5658707910254,1.0554950656649558
2718,628.2928662001901,606.4016621884923,1.0361001715145253
2719,1187.3213596528187,1080.1549627944335,1.0992139096237994
2720,4131.850341379386,3907.913836439778,1.05730333735905
2721,2030.3161705125133,1941.877833661917,1.0455426882770595
2722,2935.383964528094,2802.286833065546,1.0474958986682128
2723,5341.316009073344,5103.187316655035,1.0466627379404905
2724,1271.2256619945542,1177.013071544531,1.0800437928241469
2725,2332.07363791071,2205.114358917732,1.057574918271037
2726,908.0042659632031,865.0163147775332,1.0496961160746727
2727,840.0537580379289,804.367453393123,1.044365674536268
2728,836.9080252580452,801.3319606775864,1.0443961632958911
2729,969.8822727968411,920.1803970600566,1.0540131868659453
2730,360.89049717852845,350.90765996288786,1.0284486158458221
2731,1906.07647258786,1827.7894600686643,1.0428315264036234
2732,3329.5400815177027,3187.944506251098,1.0444159473256063
2733,1835.5411086997551,1717.7514992231968,1.0685719730297574
2734,1937.2328191548847,1855.3659087063877,1.044124401588028
2735,1883.610723207381,1804.0356829931645,1.0441094602309582
2736,1593.017501447234,1525.8398478743843,1.0440266740093553
2737,466.18013875598473,445.2761513538199,1.0469461194780099
2738,111.60609726265925,107.22076011398367,1.0409000751721367
2739,472.06615438854004,450.91008047779275,1.0469186093341047
2740,2028.0452437150457,1950.8926371792295,1.0395473359555911
2741,1376.1989121591866,1336.4098241687332,1.0297731184483045
2742,19.01342755254413,18.8405781021726,1.0091743177642516
2743,1380.0255408398525,1347.0807418897384,1.024456439711177
2744,18.914518402484358,18.914234567037045,1.0000150064464046
2745,1773.0802574574213,1683.4082810729185,1.053268109342643
2746,56.961840667233425,47.1944658175767,1.206960173835023
2747,151.81479931488633,139.51651093550737,1.0881493401527504
2748,1265.7777456189892,1224.302908938772,1.0338762869690212
2749,678.1699475296793,612.7347764809244,1.1067919980396153
2750,934.5085294628645,822.8810284733004,1.1356544836094566
2751,1533.7493145190078,1434.1228614386923,1.0694685621149442
2752,889.8255503230426,726.1719255031131,1.2253648469080451
2753,1310.57841432554,1255.9045259373781,1.043533475084306
2754,6955.693982276586,6569.799509217439,1.058737633091807
2755,1883.2021412072222,1752.2606079537654,1.0747272024829493
2756,1929.203010206194,1843.268083250799,1.0466209596619498
2757,2931.574934142544,2763.926038236801,1.060656071684426
2758,2795.1331752118094,2667.457198401914,1.047864301960079
2759,5253.060461866992,4999.218538753743,1.050776320568
2760,787.1247323158121,744.0574219791441,1.0578817024929499
2761,2365.4389105911378,2235.245384411842,1.0582457420949125
2762,964.7068498873414,909.4055779414629,1.0608103505050617
2763,947.7834361102716,893.3194776487225,1.060968063301275
2764,5325.396055976353,4997.873861093924,1.0655323051331955
2765,5359.69697581554,5106.929319253029,1.0494950371859626
2766,2188.859029519461,2063.2485628443214,1.0608799487067022
2767,2304.2282301628534,2166.289839271616,1.063674947087236
2768,1210.794218727556,1116.3934886877228,1.084558653374804
2769,2342.8602093790623,2239.6166822969262,1.0460987489056612
2770,1919.8292985157404,1826.681974860166,1.0509926330568324
2771,2779.5560217173297,2632.2491909466885,1.055962342500583
2772,881.1563650896767,852.0342168685753,1.0341795524693036
2773,468.60289308728494,455.6700263650292,1.0283820878573555
2774,862.0615889008977,836.3751048138092,1.0307116794118432
2775,917.5854630068765,862.0380826019473,1.0644372696821778
2776,237.12743513620129,229.28951368804059,1.034183514640903
2777,332.91439208485116,331.8516207113613,1.003202549896281
2778,293.812049537955,286.9375514416708,1.0239581681161787
2779,190.91575327341624,183.73955693212486,1.0390563494389091
2780,474.68775461986814,458.63831259189135,1.0349936793053267
2781,327.5329664717575,303.64559913534873,1.078668577461454
2782,295.7142165248577,268.87310881005794,1.0998281599583888
2783,254.50549186607574,243.25356226092947,1.0462559705213144
2784,336.36736495241405,330.0743896278393,1.0190653244308658
2785,1082.6524975018287,960.5630040300695,1.1271020151302198
2786,1956.5017729122562,1865.2646604942497,1.0489137624007903
2787,1087.5980285184278,1034.3621740928354,1.051467325235749
2788,221.0341127790648,214.2155980079647,1.031830150719681
2789,389.985765907709,378.3792991173737,1.0306741590182367
2790,837.3110829366342,799.096185482028,1.0478226503253227
2791,743.7433221634444,709.868944503789,1.047719199328172
2792,461.55896281416597,443.7681677192781,1.0400902912579844
2793,1219.105107027842,1177.7975628782106,1.0350718539854058
2794,337.9296396950561,324.6049367669131,1.0410489842232775
2795,415.7282256113903,392.54027612213144,1.0590715167328317
2796,420.40075773011034,410.54556678714204,1.0240051086657525
2797,162.6174962929763,147.14239592057623,1.105170914715519
2798,2158.5363885871398,2086.7615435232156,1.0343953267141113
2799,590.7613870732557,572.2455086197128,1.0323565291026997
2800,248.8402628908143,222.35906610567807,1.1190920489500114
2801,232.49424849045593,222.8829477810568,1.0431226381609082
2802,151.83405109304388,148.93750714111653,1.0194480491014457
2803,167.14170624590278,160.65923838906988,1.0403491758197823
2804,177.22198518527225,171.45716636788654,1.0336225014066571
2805,148.0455062500798,142.55516114906283,1.0385138290102032
2806,244.3835134897812,220.6487375942773,1.1075681472474441
2807,255.7209190490819,250.51797428776862,1.020768748334747
2808,4936.834406215937,4704.136577209011,1.0494666396665264
2809,784.5695016958142,691.2571925551401,1.1349892777184099
2810,854.2976296223037,821.0852153556309,1.0404494121262282
2811,744.2124325329546,711.6350110648232,1.0457782725155493
2812,1532.5066466921428,1489.9423784907729,1.0285677277295013
2813,1888.268043245527,1814.3814644033307,1.0407227368068899
2814,554.5475468051685,516.9003574183074,1.0728325853262948
2815,499.8565736339191,475.7044718513607,1.0507712313246973
2816,316.278215587313,290.3484118556324,1.0893058224977428
2817,115.24397982430615,112.10527560251157,1.0279978279784387
2818,476.18465658212375,459.98007992454967,1.0352288661287943
2819,474.42399364429815,458.3651620478621,1.0350350177676881
2820,714.6989273006097,678.115071091727,1.0539493336285606
2821,551.2953221647357,512.2475878952171,1.076228244294839
2822,574.5865309277104,533.8806630776488,1.076245256037942
2823,540.283622712814,502.00753090129297,1.0762460510160097
2824,2191.2122387469176,2035.9765986020452,1.0762462791819225
2825,2174.2459545516335,2020.3241340014445,1.076186695966123
2826,1097.4094982219742,1031.041743240122,1.0643696100734843
2827,1085.3927765100475,1019.759652411709,1.0643613658798106
2828,814.6973578136327,765.8006463729058,1.0638504442015275
2829,722.4222221513662,679.1243541804693,1.0637554340443975
2830,34.801946841046195,33.564064292450574,1.0368811875048771
2831,29.68132750345774,28.84030954178963,1.0291611974708341
2832,85.17911629452557,80.3649253179701,1.0599041305334105
2833,85.58113317231098,80.74431672778559,1.059902871688565
2834,18.607096229191058,17.83667886492608,1.0431928707187705
2835,18.012021901316334,17.267595990083066,1.0431111494420415
2836,19.32363179921504,19.157767367212916,1.0086578163740514
2837,18.79950626952022,18.280010309119906,1.0284188001874996
2838,632.8474994381477,594.290144471005,1.0648796809535916
2839,433.87161325812696,399.3307371158813,1.0864969132897533
2840,2038.2672377441356,1843.626929979306,1.1055746716430392
2841,999.8869825602359,938.1690387743313,1.0657855260993647
2842,359.5602934482665,333.33886842942184,1.0786629688352607
2843,1663.2062594445972,1604.075498338442,1.0368628291918958
2844,1366.700397706279,1281.8839641109873,1.0661654533248754
2845,432.87981896356695,403.4386700224618,1.0729755254732176
2846,239.94634631493278,226.8903976554269,1.0575429757910408
2847,2510.054421221148,2449.6864162804522,1.0246431561768454
2848,1207.1631367522293,1149.9843798775112,1.0497213335026416
2849,380.18645591990804,320.8640148146373,1.184883434621178
2850,2425.2105306105723,2303.6413228372376,1.052772628519967
2851,2755.3174200802055,2589.552593119695,1.0640129215374652
2852,2569.3121585757663,2434.1825718567843,1.0555133325993316
2853,1085.018103500167,1004.0310765850445,1.08066187272866
2854,1463.390865177504,1362.9228615807924,1.0737151062828187
2855,1339.7488593960693,1268.0300212559553,1.0565592588013635
2856,120.12521326449135,112.81673025952239,1.064781907684761
2857,119.39694298828056,112.14248046543021,1.064689692012713
2858,121.05557571289042,113.70404882876429,1.0646549261864664
2859,191.14644377319593,183.60199569899976,1.041091318454755
2860,179.3442499422903,171.62698830644615,1.044965315257206
2861,179.584479397503,171.6603582656017,1.046161625269596
2862,194.15368544181223,187.5515201419659,1.0352018757024675
2863,230.43301845418347,222.54790084438517,1.0354311030563794
2864,222.96193170026731,215.33059020719008,1.0354401178473267
2865,84.61999365182531,79.8540930570766,1.0596826087717537
2866,85.06943932435722,80.2641886652139,1.0598679278898124
2867,84.80825388349216,80.01511844069813,1.059902872559595
2868,84.97540420481467,80.17376948441924,1.0598903450751254
2869,2353.7640858618647,2240.39626081532,1.050601684634703
2870,1036.5138541817455,987.5977767509555,1.049530364063512
2871,1908.3987240137199,1851.4691911884336,1.0307483014549887
2872,1216.45363249325,1172.5368081589743,1.0374545379118891
2873,948.9090812004177,903.1967094643813,1.0506117562841266
2874,1897.2233944164607,1840.5605798434467,1.0307856286794068
2875,1914.9884043056359,1857.8152279737803,1.0307744147377946
2876,1349.98802752943,1304.889701225592,1.0345610255498838
2877,1917.3139258803367,1860.1318002843295,1.0307408999659415
2878,2986.2196451852597,2851.3275767146515,1.0473085132596491
2879,3325.748192523468,3181.9262254260166,1.0451996548342963
2880,1770.4933482731544,1699.9705638585865,1.04148470915549
2881,1880.0738702572517,1756.8780960163201,1.0701219820090393
2882,2936.9146993410895,2815.4431478175575,1.0431447360667514
2883,830.610444318352,805.3310322477478,1.0313900881231999
2884,80.40174368648408,76.85889502714487,1.046095493021178
2885,76.44154865238009,73.07969685940772,1.0460025415737557
2886,76.57215243591739,73.16156608950739,1.0466171861635305
2887,75.54994188917013,72.22730240741288,1.046002541573756
2888,75.40310643794484,72.08692468805823,1.046002541573756
2889,77.72135943963957,74.24419086234501,1.046834217423711
2890,75.66103653107656,72.33364468431482,1.04600061093677
2891,75.19413263285554,71.88723312766194,1.046001207186831
2892,76.19878669026095,72.81988801264913,1.0464007672879816
2893,258.66249615315024,248.33302408276535,1.041595241343907
2894,257.655834477767,247.36810541596842,1.0415887450182753
2895,258.70449050498206,248.37381119849854,1.041593271273787
2896,259.1825926379491,248.81567156013497,1.0416650647960033
2897,1391.3753012690609,1293.9211777737635,1.0753168934625297
2898,1245.8080210149928,1169.4654565638066,1.0652798798140652
2899,607.6769027077635,514.0689324695036,1.182092253248183
2900,1410.2704955541908,1311.4845514272913,1.0753237573552739
2901,1317.6006788726165,1230.6435994506276,1.07065983966504
2902,1262.3868092282164,1186.4517838660247,1.064001779418932
2903,1409.7368719005867,1310.9892805176228,1.0753229586621602
2904,1409.3021618702753,1310.5844218179584,1.0753234499120492
2905,1411.8862173002387,1312.990860009225,1.0753206745782824
2906,29.09430641528018,28.886243045413234,1.0072028532592432
2907,26.308706828995643,26.29793228608134,1.0004097106493808
2908,26.20363132207452,26.193996850286375,1.000367812206866
2909,26.35464405421052,26.341709231723584,1.0004910396046494
2910,1083.0270312430252,1019.9555991067214,1.0618374291896058
2911,777.9421055526296,725.689505378124,1.0720040730743092
2912,363.260266559763,338.09431138955773,1.0744347193147792
2913,215.10684267964513,212.22331704378087,1.0135872234777548
2914,383.08720266384336,356.02765635364005,1.0760040570649523
2915,319.4954268093887,261.6133748208715,1.2212503547578537
2916,163.80561944873403,140.5670192051805,1.1653204313142118
2917,171.44076622551367,167.9561817307106,1.0207469856655234
2918,386.6555011254162,359.35556587482773,1.0759691454454825
2919,130.86999721041067,115.67054729163368,1.1314029394229066
2920,51.160635026955326,46.85880493790787,1.091804093056743
2921,258.005747612486,246.53809954500812,1.0465147094450784
2922,256.5240226523913,245.12162670503986,1.0465172987819316
2923,124.67001532117627,119.11814795514375,1.046608073256169
2924,257.56171547282963,246.1134321834587,1.0465162879888534
2925,257.20571875259714,245.77004009825913,1.0465299946639794
2926,120.72304365937157,115.35541870950466,1.0465311903845973
2927,100.45793348965923,94.84877667817021,1.0591378930539226
2928,99.58125095639889,94.0210444829482,1.0591378930539226
2929,276.7805910825886,272.7747894031489,1.0146853808895049
2930,172.75129122285122,166.67689041652972,1.036444169261506
2931,113.46263143763339,107.8345461029095,1.0521918581578935
2932,218.60730559890536,213.26444562436723,1.0250527459412937
2933,305.14250297687954,298.1106010128282,1.023588231817857
2934,526.5575823487751,512.9148165406615,1.0265985020673156
2935,777.3207463947948,757.5484533241055,1.026100367552635
2936,989.2122949517433,965.9433035271177,1.0240893966961202
2937,176.06869448959716,173.64228747805842,1.0139735950659217
2938,196.1519910441689,193.53210160979668,1.0135372344566096
2939,4243.663258404672,4094.5166554314915,1.0364259363251906
2940,819.4040338025582,795.9645315597189,1.0294479230084645
2941,305.49088224979965,297.80866520260287,1.025795814376222
2942,352.2039263733932,342.4089623102479,1.0286060388053462
2943,358.3625215990702,348.3938264792736,1.028613294387378
2944,351.0036199882291,341.2297352358631,1.028643121460708
2945,1202.7417715820764,1167.0703586655036,1.0305649206594207
2946,339.95463363694705,329.6523085751043,1.031252094385062
2947,1239.6149077796908,1202.1651020216716,1.0311519654788184
2948,302.72881023068203,293.7503776004704,1.0305648377494963
2949,6240.502877832574,5860.451386865792,1.064850207924007
2950,307.13940465067145,297.92459638982024,1.0309300016598633
2951,681.5232024455839,627.660283969809,1.0858154002274991
2952,677.8406718505632,624.2656689776882,1.085820838042577
2953,689.2857607304704,634.8058861716265,1.0858213128542331
2954,1739.5545007775438,1617.425365379053,1.075508359156881
2955,2784.5630534973516,2564.6256500208033,1.0857580924041543
2956,200.6416657164745,186.3392708483868,1.076754592861559
2957,489.2099191330638,453.33362646926923,1.0791388297029993
2958,4302.237985648219,4034.9821815498867,1.0662346925149684
2959,115.22824626094989,91.13405574229935,1.2643818528913264
2960,264.67495580512576,234.3717670038708,1.129295389067722
2961,847.9138041842768,825.6995869485276,1.026903510171108
2962,152.67330785329156,107.46299549150177,1.4207058639582129
2963,106.60025630966919,85.40355948389161,1.2481945360810822
2964,72.54483903455409,69.9988853769469,1.036371345684965
2965,376.03786023022747,350.50153112799,1.072856540797571
2966,359.248270220318,335.474728846076,1.070865371755468
2967,163.85251827123074,158.0886701190428,1.0364595903542466
2968,161.9784303256946,156.290847919024,1.036391013820703
2969,107.81117535721036,96.49629902900598,1.1172571014853452
2970,170.718088230111,163.52600151732156,1.0439813035606305
2971,102.30348715389582,90.7773812847531,1.1269711210658004
2972,92.8102025779818,82.29489452712015,1.1277759466280906
2973,313.67822052639286,277.8436609501918,1.1289738245373357
2974,284.450312281633,251.792212643724,1.1297025801354663
2975,265.9393777177608,235.46242764208586,1.129434451096382
2976,284.2747911171415,267.4104385585561,1.0630654235096082
2977,2640.33802923255,2455.8322426679815,1.0751296376678092
2978,444.07521180724854,408.38003413973786,1.0874067649822876
2979,265.2217537906566,249.48582093266458,1.0630734556343346
2980,262.30183347310117,248.3907398346698,1.0560048802450956
2981,62.050288224189444,59.607783855894795,1.0409762653515109
2982,65.14843132848706,62.578647453501844,1.0410648676434668
2983,61.9487874865658,59.51027852267822,1.0409762653515109
2984,65.2643448347664,62.69072282259277,1.0410526772750202
2985,264.72166701192026,249.2750159111146,1.0619663027373492
2986,2810.8905637526977,2614.443158163139,1.0751392911244548
2987,558.0996246953275,525.6086175402943,1.0618159711822883
2988,262.23150691859433,247.19076804322722,1.0608466853128466
2989,925.5451450891758,861.4625683519225,1.074388115156124
2990,231.92416064197872,214.5872885129813,1.0807917013590889
2991,427.3114462902086,395.0579314064727,1.0816424942258671
2992,3375.4395757740426,3180.182110845015,1.0613982024058193
2993,5491.115301822613,5236.739587701777,1.0485752078866448
2994,210.91104126445484,179.40808569508027,1.1755938448778533
2995,2120.1784764095064,1991.0167269684766,1.0648722573203548
2996,410.8952173429026,350.09875371788087,1.173655184371245
2997,140.93738957333974,112.78509934047163,1.2496100140665123
2998,1124.8289272192026,1052.8828891252356,1.0683324221877533
2999,194.53324693508108,181.10514345290682,1.0741453457707346
3000,6387.052154205229,6055.268461298758,1.0547925653547836
3001,128.81384041706355,119.42476469840568,1.0786191686654687
3002,258.1641552534863,243.35668432907943,1.0608467811978546
3003,1350.299504163861,1283.3183330910138,1.0521937303829485
3004,1616.566757886967,1540.0203998206457,1.0497047688947732
3005,491.95801668268126,467.9206217256771,1.0513706681025405
3006,38.187064187601365,35.16380647934671,1.0859764061672432
3007,79.99825990285626,77.32829913681219,1.0345276023893952
3008,66.78781663115814,63.8124746303214,1.0466263378449667
3009,44.950072633504085,41.93152518977773,1.0719875423101048
3010,76.30771198506214,73.76092571832145,1.0345275800423976
3011,83.39555221800401,80.61220780378181,1.034527579507525
3012,82.1246136032394,79.35181012202153,1.0349431660973334
3013,378.56437207602835,356.3134085942625,1.0624477298498278
3014,185.92838485904906,178.47239213678847,1.0417767287869713
3015,94.04772771109076,88.52216475316418,1.062420106572564
3016,95.08037932828815,89.49936760280092,1.0623581135260733
3017,93.98347588255606,88.45982380568256,1.0624424946742734
3018,292.1440015836722,282.4065230952971,1.0344803596660876
3019,289.326336701113,279.6975622696591,1.0344256644688619
3020,291.448800349443,281.6690200075316,1.0347208235454857
3021,259.55694687226094,250.54047888508578,1.0359880687835306
3022,77.91255294259899,76.12815403739886,1.0234394085573588
3023,38.370777211881304,37.035436321324795,1.0360557623507092
3024,15.85628584689902,14.78654345303011,1.0723456700524352
3025,150.4513697040262,147.00564434596342,1.0234394085573586
3026,121.02661368439401,118.25479131685309,1.0234394085573588
3027,145.96344743486563,143.83450795929875,1.014801312326033
3028,972.4562204692116,950.1912451310951,1.0234320990139671
3029,68.8124331260031,62.257352940223534,1.1052900561331838
3030,832.0979447803068,797.631583242855,1.0432108786331218
3031,80.6764329806615,78.72448529020201,1.0247946707211109
3032,27.572614734773573,26.359621408970447,1.0460170996761862
3033,15.924920829000364,14.850547984421548,1.072345670052435
3034,917.2143921482259,869.4182631779604,1.0549748389176432
3035,280.4277596966462,266.2826892376287,1.0531205032498172
3036,59.86147973329261,55.28036875781278,1.082870485100235
3037,3282.9733637561103,3155.0903961278,1.0405322674067468
3038,778.2026857735373,706.2949725688322,1.1018097480478628
3039,155.2023025919926,143.50408645774232,1.081518348522396
3040,225.49944178149929,220.3351151556561,1.0234385092099134
3041,906.8429580538827,862.9641599402054,1.0508466053986734
3042,110.65671534254477,109.98604438619599,1.006097782314944
3043,1380.346905786203,1292.2692790236747,1.0681573323704423
3044,106.22064404556941,104.67421729874981,1.0147737120632674
3045,108.31865898361913,106.74776332360784,1.0147159585465888
3046,88.29699717204257,87.76714573087352,1.0060370134719177
3047,1359.63091342205,1289.936423305712,1.0540293993232104
3048,254.76239928327286,243.21048145331036,1.047497615073716
3049,745.3060378405559,711.6693181085557,1.0472645354747039
3050,6077.8362866257385,5797.596334943349,1.048337265220299
3051,1953.2549295435244,1802.445310793495,1.0836694560700086
3052,1365.2244459493104,1270.8574055305007,1.0742546252696363
3053,4849.324717576143,4607.028378343877,1.052592760307538
3054,1750.6984958867067,1633.3857058864005,1.071821854187614
3055,1599.4774774664518,1492.5095150061215,1.0716698696958669
3056,1611.7552868321854,1511.0573585079844,1.0666407054353184
3057,1040.928717536522,980.789246308789,1.0613174251798423
3058,727.6509453070107,686.098579243685,1.0605632591589544
3059,819.5412219928018,767.5308941064237,1.067763171861544
3060,293.9023827737034,279.8272234347686,1.0502994639555356
3061,377.2132550764392,358.234317481204,1.0529791163746645
3062,292.1846233114091,278.1914383732699,1.0503005592837964
3063,142.4740830841439,133.26323184434298,1.0691177237136165
3064,175.09013265685994,163.10080765177227,1.073508679556544
3065,125.86992233283222,117.44898493200601,1.0716986818208882
3066,177.11856044528946,164.99157503193416,1.0735006342657685
3067,289.4756365337324,284.4496823819606,1.0176690446960068
3068,299.6084831337562,298.78901811171437,1.0027426209544803
3069,1393.4417571256186,1330.210821449575,1.047534522089618
3070,178.98084709706757,171.8202161329728,1.041675136519169
3071,1755.360386758179,1661.888015128665,1.0562446872344027
3072,254.41962042505526,246.59160376305283,1.0317448629334691
3073,543.3638930401266,509.0863916748702,1.0673314037181099
3074,236.0939600189601,226.65037594400854,1.0416658654794577
3075,233.8332726645497,224.59604109300278,1.0411282030021263
3076,2001.8601896006332,1887.7949957446021,1.0604224474125383
3077,735.6406889575953,721.5103640227111,1.0195843686237602
3078,26.003741671559368,24.963611205201943,1.0416658654794577
3079,25.984413863550756,24.945056495242515,1.0416658654794575
3080,555.8123392727164,544.9930186580135,1.019852218733635
3081,443.75747529602256,429.6628704373301,1.0328038697976074
3082,25.905696939823105,24.869488190341382,1.0416658654794575
3083,25.509187231969033,24.489342653664984,1.0416444243819432
3084,26.260995102205325,25.210574688571487,1.0416658654794575
3085,975.2426765906994,938.3420156104714,1.0393253849516915
3086,538.3145537104272,521.8283209099438,1.0315932120582019
3087,1274.8241637639596,1212.6032813468705,1.0513118209180323
3088,195.92384196529457,189.75366621090842,1.03251676701481
3089,179.60471092167612,174.63259580463566,1.0284718617056052
3090,430.72042963170054,417.86316517954987,1.0307690783097048
3091,541.1878396889161,524.6169796774614,1.03158658726914
3092,362.0578121791318,335.620927485373,1.0787700722116353
3093,460.16603576677113,439.20763521015834,1.0477186616908067
3094,454.95628277470274,434.5829748312141,1.046880133653191
3095,232.85963600121173,219.4158947405436,1.0612705897016494
3096,2306.859002690667,2163.5382935452208,1.0662436664851436
3097,699.0870946849951,636.3909864422042,1.0985182216255116
3098,1453.6736742622843,1301.7224870937453,1.1167308613587745
3099,2984.16205219764,2790.9214364307513,1.0692390023038485
3100,226.8358688533369,217.81008168307352,1.041438794295098
3101,946.1887713090315,904.9597695352988,1.045558933293691
3102,207.2197595215028,196.68961500960629,1.053536860659279
3103,190.16328051103474,180.54054575352282,1.0532995772077096
3104,192.03890276284042,182.31397077346026,1.0533416717771134
3105,167.01227041070374,159.51692675299202,1.0469877636830232
3106,339.13775125666706,320.9320614733247,1.0567275506839804
3107,516.679704697669,486.27640521088773,1.0625226705655109
3108,163.48887395619343,156.47163591848826,1.0448467097344127
3109,3612.6640470496745,3476.7962975458004,1.0390784325212785
3110,842.1260877149375,806.6000958944143,1.0440441205020308
3111,69.90613629284813,67.99638441347979,1.0280860798091163
3112,136.05476733274756,129.9615902234799,1.046884445618047
3113,479.62519620082725,465.68117104721966,1.0299432874261383
3114,617.9958167643551,606.9144606989923,1.018258513815275
3115,131.70870801738354,127.55431793234753,1.0325695762587936
3116,134.91882457613195,129.9934732050774,1.0378892205094352
3117,130.27308041663713,123.89041166647104,1.0515186660881317
3118,137.16117650995946,130.35983638020892,1.0521735859648802
3119,2100.965788248361,2017.6439602149487,1.0412965962659417
3120,1595.528645377444,1528.7351876663004,1.0436919737636887
3121,367.746913810125,351.9645321711328,1.044840829675754
3122,719.6658916152109,695.6033709819742,1.0345923002058888
3123,373.8547623616845,357.8082401177167,1.0448467096193441
3124,363.8035358475231,348.18857235103616,1.0448462836992372
3125,1384.9644965196483,1336.974814018144,1.0358942307651078
3126,893.6138713760423,861.3019326223517,1.037515228434833
3127,2694.5527285901494,2536.2236211646095,1.0624271085973234
3128,930.3820076518355,893.5504921551445,1.0412192884678038
3129,113.86394687478193,112.0616934430496,1.0160826896003339
3130,751.0326083244187,725.6625554024355,1.034961226444864
3131,257.03028619838983,248.59126233823295,1.0339473872926184
3132,279.5768281909166,270.3978976092308,1.0339460131267397
3133,197.95893726917555,191.47397631457446,1.0338686284132257
3134,275.9166226531777,266.85755205128436,1.0339472146553768
3135,807.2579292435591,755.0609257141381,1.069129525514849
3136,808.2833718003643,737.8729768670497,1.0954234633070201
3137,28.064472302013602,27.58981295616564,1.0172041523660234
3138,531.2156777616816,484.19333212226434,1.0971148145169904
3139,106.88260643028626,105.22261807234584,1.0157759651712819
3140,113.67965107454265,111.90790552910329,1.015832175010894
3141,178.35151439636306,173.359570080353,1.0287953201181583
3142,44.3534048007097,42.966540152253394,1.0322777827477359
3143,99.85297250404851,96.63484203916299,1.0333019684927027
3144,59.41310875374106,59.34898384538735,1.0010804718834068
3145,68.00180223620572,67.82770205705269,1.00256680049409
3146,156.07313075489594,151.18369385329976,1.0323410334605305
3147,154.54418369283465,149.71748285004642,1.0322387255710312
3148,338.8879111867537,313.52158763516735,1.0809077414506594
3149,336.41295081275103,311.2805204796438,1.0807388470514676
3150,527.9136296571484,481.7256992866836,1.095880145981121
3151,520.6643582569665,475.17876129857683,1.0957231270902887
3152,439.3604663956873,390.3746095606006,1.1254842288288789
3153,541.2853941114358,479.06528123845413,1.1298781508694047
3154,544.1636661051396,481.58522598645203,1.12994260775028
3155,182.4816823513786,171.92130071797007,1.0614256731964378
3156,174.07421941477403,160.73929512751252,1.0829599524912876
3157,253.2961826790544,236.79773590024953,1.0696731610041863
3158,177.35472986969523,165.51653722755407,1.0715227181551406
3159,175.01535042156434,161.62389122100362,1.082855691070136
3160,231.30653265459605,215.66573775804855,1.0725233180714808
3161,3473.4441243405454,3272.2097788497113,1.0614979964889582
3162,1338.0881406453555,1259.197139848463,1.0626518265490872
3163,497.37689413052584,460.7603679900977,1.0794697823082195
3164,108.07014088032669,101.97656716580357,1.0597546464239729
3165,134.3516850896269,131.47391957800383,1.021888489525983
3166,108.08189828351999,101.95175869231734,1.0601278454617242
3167,131.56629644834948,128.789912694551,1.0215574628145232
3168,385.53994455990306,354.47178937863237,1.087646340589561
3169,433.59377163016995,391.63226440491076,1.1071451742849128
3170,204.086720839401,199.24359924308627,1.0243075391867718
3171,676.4558355550257,650.4687446924298,1.0399513290602207
3172,237.77880426046335,232.38148311795698,1.0232261240013116
3173,207.55055212060407,202.89284119001587,1.0229565070076874
3174,108.52007234681666,97.99511483744297,1.1074028794887663
3175,107.90004931794792,97.39775569055934,1.1078289078934758
3176,106.29396706631027,95.99550730099081,1.1072806431766538
3177,105.95351754629894,95.64145734420325,1.1078199819246135
3178,881.8353178100881,861.7129236118753,1.023351621690748
3179,87.44117322061403,80.69627589947083,1.0835837496335743
3180,87.20155979791936,80.47849355788419,1.0835386690631776
3181,86.59657977713046,79.92035088441811,1.083536030796056
3182,85.9157837739573,79.29204136463869,1.083536030796056
3183,328.62608325199,303.4145360606738,1.083092746704379
3184,150.94755011595717,139.31013443554667,1.0835360307960558
3185,130.26098848351054,120.21841893694108,1.083536030796056
3186,742.1636551134694,696.8837885524911,1.0649747738500703
3187,774.5183376687077,727.2330062801861,1.0650208818634168
3188,486.84988662501445,458.6575177081577,1.0614671466800103
3189,751.1358082326342,705.2784294785583,1.065020248510904
3190,1591.1859518500225,1507.3838707187629,1.0555943862470152
3191,1800.8653287427587,1710.8824008636532,1.0525944552551842
3192,740.3314554958735,695.1651970105726,1.0649719788613266
3193,3074.5280617741564,2902.218321113145,1.059371736236205
3194,1362.7967267807285,1306.7605519983192,1.042881746542408
3195,128.92072227450987,124.48384009804558,1.0356422341483822
3196,130.09459090968926,125.61763922514695,1.0356395145789852
3197,129.85024541833235,125.34507467025739,1.035942144196145
3198,608.3890443986397,565.9565612111918,1.0749748056575916
3199,150.04646609138524,143.86625505106323,1.042958030972089
3200,129.80605826556814,125.29860969031681,1.0359736519534555
3201,5408.771665099265,5151.845088041369,1.0498707885557899
3202,2977.8296748249863,2822.4504115933337,1.0550511933153637
3203,276.76489945337505,263.0761061635989,1.0520335863617485
3204,864.2563084694324,822.6832482148889,1.0505334955400532
3205,1877.496464844914,1804.3777847490642,1.040522933009851
3206,9151.895971719054,8668.707193859735,1.055739427697082
3207,858.2984710817353,847.2453816554577,1.0130459128672744
3208,4807.126874402824,4599.846361142621,1.0450624862193687
3209,6529.789937719424,6087.938611646079,1.0725781507106682
3210,502.6375785315653,486.6541736945721,1.0328434557863764
3211,2800.624636773593,2657.292906437745,1.0539390031067342
3212,4743.543676565577,4460.398584605249,1.0634797735201476
3213,3745.9434248081466,3539.908394690856,1.0582034920525913
3214,5378.273642350935,5086.529393475768,1.0573562494791384
3215,3284.489015802604,3166.8406780076234,1.03715006524073
3216,4417.777405782918,4242.735928725965,1.0412567456465565
3217,7189.447892771567,6805.9381313518525,1.0563492870517086
3218,3084.216356854389,2950.4145195428346,1.045350182635451
3219,4609.323090723947,4312.2749206761355,1.0688843303156645
3220,3754.5511808460747,3542.4292078676235,1.0598803703705173
3221,3372.4991345699177,3171.7795223683443,1.0632829649053595
3222,319.65268177981744,306.82625238332304,1.0418035591702568
3223,643.6263712071666,602.9115274745424,1.0675303786331127
3224,319.8921963288238,307.0700505172639,1.0417564193901712
3225,319.45122371003976,306.64238093419243,1.0417712735494191
3226,4312.924393655993,4072.481013801604,1.0590410069536307
3227,2124.6824950285622,1959.319524148087,1.0843981641801763
3228,1018.0795580392416,937.646117799904,1.0857822996463389
3229,2953.605680508211,2778.024091941461,1.06320376741011
3230,1305.6566292001953,1247.0887362057338,1.0469636933556583
3231,209.60053817735687,203.8760396193185,1.028078329207921
3232,719.1344522565132,689.7085143900415,1.0426643099983985
3233,1178.8194268547518,1129.894054519235,1.043300849437901
3234,211.578183775542,202.71066470864864,1.0437447091382115
3235,385.43966732134663,353.4358566093973,1.0905505486029918
3236,108.35260551630599,105.3404504789977,1.0285944765150672
3237,692.4849727879279,625.7886374390866,1.1065796522317544
3238,99.70820621066468,96.13443360691238,1.0371747403054896
3239,835.3526977339302,782.8099470494832,1.0671206988139175
3240,1152.465997324426,1101.5749719138496,1.0461984219940652
3241,169.1667137950342,161.5659709849475,1.0470442059287028
3242,1442.5321078466668,1306.5784351706745,1.104053204167749
3243,756.0424611224856,700.0685446236278,1.0799549085996296
3244,168.89002213898405,161.29937629238873,1.0470593626650837
3245,138.86728561673038,132.62800360676496,1.0470434737784682
3246,824.9039560271841,799.318751179216,1.0320087634754256
3247,1085.0520758888877,1052.2914406964544,1.031132663371994
3248,51.27644996206919,48.56550303851233,1.055820423015223
3249,152.54105290438872,142.15096594519383,1.0730919194963529
3250,640.894851875979,626.5940545262939,1.022823065821294
3251,185.68418807836198,177.84087462188114,1.0441029851723178
3252,93.3240760284707,86.38223920071425,1.0803618532234003
3253,71.26765605599715,67.49737903762244,1.0558581247469356
3254,28.634129021729358,25.915619742132098,1.1048984861889166
3255,71.43870709397919,67.6587197917508,1.0558684425874885
3256,75.70024478972621,74.41127067762153,1.017322296748419
3257,1049.4492414223973,980.591317963852,1.070220816967384
3258,227.67771825874067,223.7951020111371,1.017348977760069
3259,75.62674909802121,74.33768382886024,1.017340670340613
3260,985.4398226672614,920.7571536101133,1.0702494341787514
3261,112.26241610391192,110.30472426608935,1.0177480325602375
3262,75.19451990812261,73.9070725869661,1.0174198121518288
3263,13.084328219040039,11.8464518818679,1.1044934255012528
3264,124.45175108809111,121.95349076183722,1.0204853531510036
3265,61.9997817731062,60.7572596743997,1.0204505947991271
3266,124.62810792676915,122.11544802468315,1.0205761018997213
3267,262.3812421171766,249.36912007335914,1.0521801658520893
3268,125.80081475082497,123.21407921626994,1.020993830826871
3269,595.062578423785,562.5033667676091,1.057882696495268
3270,174.91917601985486,168.96571668878056,1.0352347177151922
3271,132.67352487457063,129.50750621076932,1.0244466035709832
3272,87.98925021848764,85.61817341593787,1.0276936158288608
3273,2657.0412814507786,2474.5786979237078,1.07373480733515
3274,564.6183159181123,549.5197414625817,1.0274759454780364
3275,145.43000644743256,142.3589059887351,1.0215729422572304
3276,3992.03244151316,3758.82231200122,1.0620434035328947
3277,3433.8389334492385,3329.7585709725604,1.0312576303231134
3278,895.0592332967276,870.4711465782603,1.0282468716109898
3279,335.5538615667111,313.15762257679063,1.0715174639711302
3280,518.0496093929337,493.5946757022043,1.0495445653986015
3281,205.80365414807986,185.50394341605664,1.109430076569823
3282,333.76802307691116,311.4836689862581,1.0715426081989428
3283,522.4626444202393,497.79578580236284,1.0495521644043604
3284,90.86632045281289,82.76565931983926,1.0978746644386588
3285,578.7695438389585,543.5584460681517,1.0647788623753478
3286,313.40854997529647,293.48232292162606,1.067895833913621
3287,1866.6425474979012,1813.183195105027,1.02948370166743
3288,527.1500641155372,495.69767847279144,1.0634507422742998
3289,262.44757231558856,246.7837701477113,1.0634717678496515
3290,526.3382254267249,494.9244929096567,1.0634717678496515
3291,260.98577408054615,245.40921721717308,1.0634717678496513
3292,1631.7324536178655,1574.5412363473129,1.0363224639344646
3293,811.166841261741,782.7366921620331,1.0363214723219114
3294,2683.06284394937,2570.2096501085744,1.0439081667271883
3295,7176.3854101072375,6941.642932103219,1.0338165590336543
3296,1269.0599430737743,1189.3070051161446,1.0670583269202565
3297,2187.672075074287,2072.968940192293,1.0553327802737624
3298,6331.110750618061,6078.902172179278,1.041489165526144
3299,4143.434770511739,3876.3634354984492,1.0688973929966263
3300,287.3543137444997,278.1499462722221,1.0330913868423666
3301,2005.7529610462157,1935.7731492167688,1.0361508329928852
3302,2679.707427003957,2526.504978576889,1.060638094809282
3303,1003.9140385185877,977.5505793511011,1.0269688952411922
3304,1336.0008043644505,1250.721192876886,1.0681843499360604
3305,1200.4486415229,1123.7707448031551,1.0682326863146594
3306,4438.663497419972,4306.559734102006,1.0306750100949227
3307,2945.646731777671,2857.3043968183924,1.0309180691625464
3308,917.3230037692194,892.7737028597958,1.0274977867636397
3309,6102.231590392752,5799.591523391837,1.052182996988712
3310,4600.011154315595,4434.311441634605,1.037367630772436
3311,1401.430294217235,1367.1329674224653,1.025087045380401
3312,2272.1848249499376,2181.7348552291633,1.0414578194522512
3313,1862.4435021702022,1794.1977101468988,1.0380369407659737
3314,903.498396927955,846.0923553688416,1.0678484342694339
3315,580.9486042321047,540.45228949192,1.0749304157417028
3316,752.8560777992094,719.6493916688764,1.0461428669498716
3317,555.4571741317097,521.0613708047192,1.0660110406455006
3318,792.1117628160017,758.1385444659344,1.0448113588183272
3319,1068.1879529474825,1028.3655491129687,1.0387239769640895
3320,1019.3318803144731,977.0070645948646,1.0433208901484856
3321,710.2125353297888,690.6674970729435,1.0282987665405963
3322,1576.9052110411053,1556.6438527161733,1.0130160526375882
3323,1169.7945892300695,1112.3043442790847,1.0516857146577503
3324,2270.292773673654,2184.40723919528,1.0393175470843128
3325,3233.992647552472,3158.3057799241797,1.0239643887901537
3326,1985.1449731025943,1930.9250201995726,1.0280797816258125
3327,7236.857548743346,6865.75862996078,1.054050679434486
3328,1476.9450554419163,1416.8125877886341,1.042442076087944
3329,6654.769381990642,6257.738715700913,1.063446347686835
3330,11471.078984644631,10859.833642963351,1.0562849636354548
3331,4268.969183379104,3999.350777786108,1.0674155433153194
3332,1414.318483732333,1332.8312634341244,1.0611384370503523
3333,7421.386635110782,7077.87923285882,1.0485325322671855
3334,3110.8435298616178,2925.966877959033,1.0631848068053125
3335,1698.0838111562618,1638.1870578132946,1.036562829047691
3336,195.10303800394524,183.93331278275642,1.060727037708397
3337,162.68191026541692,149.66567002258623,1.0869687767466407
3338,5715.108917908968,5533.1510960615,1.0328850267575354
3339,6265.865535021409,6027.485661078272,1.0395488081344508
3340,1711.8859826566402,1617.1722673497575,1.058567486729228
3341,2804.993275292815,2666.19166800426,1.0520598758724848
3342,5209.284260480768,5037.449369019494,1.034111487555203
3343,9477.418189126414,9214.677685891256,1.0285132602779417
3344,4898.346547077135,4737.305317537316,1.0339942686285495
3345,72.01884895293391,69.49967793299805,1.036247233006813
3346,180.9093739587483,174.5822559985784,1.0362414721013882
3347,223.42614391597624,211.82829050143204,1.0547512014900853
3348,183.29792403457918,176.88451408773432,1.0362576112438189
3349,71.0700356214137,66.21583675131411,1.073308729576739
3350,421.3328180051258,401.5117270640441,1.0493661569638788
3351,411.55580105332933,379.28252441406477,1.0850903338853326
3352,455.4302893696791,414.50698500646763,1.0987276592276796
3353,110.84092205389243,103.27061768221864,1.073305501037758
3354,80.66387462330697,76.5964631533773,1.053101818314836
3355,76.02683719486137,72.19086248499724,1.0531365685049314
3356,1298.4007953497887,1186.454519598711,1.0943536173547899
3357,37.093346204155615,34.56157519901984,1.0732539240632635
3358,165.3023199366145,161.4008133842373,1.0241727812305947
3359,99.50424697765291,94.82296702317426,1.0493686297891793
3360,892.8498503420569,852.9522556958772,1.0467758826824716
3361,2008.7948746436202,1867.6219755919522,1.0755896540609737
3362,780.2422257320479,736.340456465568,1.0596215634778623
3363,319.68978189756916,317.07890794869235,1.0082341457707407
3364,270.50079223708286,269.0787505698674,1.0052848530930212
3365,309.59574110996687,307.2092043908516,1.0077684414561974
3366,210.61589409813826,203.10284574714368,1.036991349497624
3367,2244.513938423191,2121.2228771280465,1.0581226341769754
3368,190.94177931525394,187.02157169590853,1.0209612590879065
3369,425.932589569074,399.3884558547863,1.0664619453195685
3370,235.70471419268412,231.40017977067706,1.0186021222035047
3371,351.0550426691959,335.0961071997879,1.0476249503545951
3372,575.6864339070929,543.638903426739,1.0589500314976494
3373,4202.096718621688,3921.7338317648096,1.0714895245021543
3374,102.04972258089241,96.21107705554789,1.0606857931958662
3375,475.67127989011254,443.5742486849311,1.0723599967769541
3376,669.5325463689662,618.1481176165845,1.0831264017279654
3377,61.12314374542408,54.65999326296841,1.1182427969092779
3378,61.42176059048772,54.92641547680594,1.1182553978317518
3379,156.83268180880546,143.21854911880936,1.0950584458071997
3380,111.26311474859473,111.25652992825295,1.0000591859223547
3381,116.3540278678947,116.3540278678947,1.0
3382,117.76491229780011,117.55387636761688,1.0017952273179258
3383,670.5403833451543,650.3654341946672,1.0310209431340234
3384,486.40422175791895,472.90886156889263,1.0285369154307131
3385,108.0589714530207,107.5009215894459,1.0051911170185688
3386,2077.2840847372377,1946.4288596894403,1.0672283625452799
3387,2182.01723039181,2120.6241078004236,1.028950497339703
3388,1311.6146591061986,1260.7941928776183,1.0403082965607482
3389,241.10907010716898,235.7654142451462,1.0226651389014443
3390,37.62278832467875,32.793595495050305,1.1472602426396745
3391,301.25563906221504,273.7786966739531,1.1003618715483352
3392,136.6761119119244,122.22400384754084,1.1182427969092779
3393,100.2359033667688,88.37863065498156,1.1341644764567178
3394,134.1532111943856,110.31022189050996,1.2161448766510627
3395,55.22188653842099,48.84193878380866,1.1306243755566745
3396,3962.227951935659,3730.278621259759,1.062180162455953
3397,2518.137306503915,2415.827489642419,1.042349802417655
3398,1353.2657481874537,1301.8988036524731,1.0394554049753104
3399,1235.3223911327364,1151.1053257993442,1.0731619109440838
3400,1110.2281030227723,996.939000073819,1.1136369456311417
3401,164.46931766469612,160.30988366101477,1.0259462106059334
3402,146.22766182518416,142.529766494012,1.0259447231419376
3403,144.36198622292397,140.7108129308584,1.025948064800533
3404,146.83894867796522,143.12567540986262,1.0259441449444278
3405,144.3529720396064,140.70358488230744,1.0259367034631814
3406,580.8505465435173,565.8126432798474,1.0265775313476555
3407,190.62244503365756,185.64031175547592,1.0268375614707224
3408,204.70643869876406,199.35646541436577,1.0268362165896063
3409,137.38627885671087,135.27476452334412,1.0156090778705615
3410,137.69568301524657,135.58046111793035,1.0156012295567896
3411,138.536039687868,136.3969364290708,1.0156829274527701
3412,138.31920074436002,136.1948704706421,1.015597726011097
3413,132.28460008529214,131.55294228160372,1.0055616985146727
3414,134.69807023242507,133.49947685948663,1.0089782626953663
3415,97.70010283945187,97.30352746303373,1.0040756526177204
3416,135.9782841910299,134.28824864023412,1.0125851336055733
3417,103.97842279417439,103.5165367005874,1.0044619546625961
3418,104.90225707838933,104.84707163001607,1.0005263422956436
3419,2016.7793477475122,1915.9086618315973,1.0526490056261257
3420,858.4672097271393,815.3578551159997,1.0528716984090458
3421,866.1442912265293,822.6489094120985,1.0528723509103226
3422,4977.937107763867,4767.816577435648,1.0440705985466479
3423,860.5323494709698,817.3169217854152,1.0528747497251756
3424,866.7734642265032,823.2446114343144,1.0528747497251756
3425,1317.336235904857,1249.5599773761512,1.054240100319973
3426,791.250792498794,751.5146437934129,1.0528747497251754
3427,808.3936363746238,767.796584147956,1.0528747497251756
3428,64.23234852954182,62.461041819552825,1.0283585841412353
3429,648.4562317765823,624.0584096593733,1.0390954143707893
3430,2419.463463152526,2319.384910760058,1.0431487468630949
3431,72.76120165642905,63.57692522782165,1.144459273481636
3432,787.8116521007464,765.9048031781733,1.0286025741471645
3433,5453.073295275411,5132.987562631431,1.0623585638457864
3434,75.11754183487656,63.98492487536201,1.1739881226898379
3435,195.43299782748605,184.63787080994186,1.0584664834477875
3436,1594.5438649170892,1515.3934125367048,1.0522309597795398
3437,151.9895465718319,144.18591444401204,1.054122014330672
3438,175.6251080348946,150.16828670172333,1.1695219536181811
3439,65.04555019293392,64.76426464689074,1.004343221490691
3440,707.2653741388663,686.2935463548347,1.0305581014063456
3441,1533.06504453689,1472.210425122984,1.0413355444136476
3442,114.03375142858866,111.02957042222991,1.0270574856313888
3443,452.47347723146436,425.0532818288829,1.064510019272408
3444,272.48571824376006,267.6926805463998,1.0179050009420392
3445,568.5220228267939,552.5624021516279,1.028882929082798
3446,648.3605698513815,637.1162998292994,1.0176486930645077
3447,422.67181989063795,412.3096379437898,1.0251320391114913
3448,719.988044658233,698.3469179631514,1.0309890774032504
3449,952.8769366613919,907.198951055845,1.0503505714511514
3450,785.7971119691405,732.5325759761135,1.0727128563832822
3451,1098.3036245850863,1014.8442760508426,1.0822385764040732
3452,466.76857300770007,441.62254331623257,1.0569400952737622
3453,936.802470290771,886.2903183812767,1.0569927831342554
3454,809.0813332773638,779.0812536608406,1.038506997152807
3455,3402.500582462423,3227.959585283548,1.0540716178649254
3456,969.4937199279975,936.7589788615765,1.0349446781990848
3457,1744.6270590534407,1685.621352317399,1.0350053151942578
3458,3500.6596777835043,3347.611274607842,1.0457186903200375
3459,139.9090297287215,135.4752388752493,1.0327276843376154
3460,1801.569005474002,1722.942916707632,1.0456347613167687
3461,157.55487611134618,152.4403565586056,1.0335509550633615
3462,635.8407909965159,624.3682896570873,1.0183745739965901
3463,1520.4466535450674,1448.5483171736857,1.0496347519229907
3464,1781.39868300459,1742.0327267229984,1.0225977133940787
3465,265.80661555341646,262.6363968699065,1.0120707515077596
3466,1352.452359769041,1302.0705289811,1.038693626548299
3467,2811.862958455327,2735.189755341923,1.0280321330407363
3468,516.2041212818518,490.3449831250555,1.0527366222694714
3469,947.8415576820411,901.9177768418709,1.0509179240273714
3470,339.8791080857997,315.9987337050046,1.0755711078357935
3471,512.1843013299725,480.17515633050095,1.0666613934050346
3472,286.3792848654168,273.6587734974136,1.0464831118163418
3473,286.67909203243755,276.1241371364864,1.0382253974803148
3474,253.01167834879624,252.0696909557246,1.0037370117347313
3475,342.3372712297296,322.6366653534774,1.06106127415701
3476,290.03512621408646,276.76720163486755,1.047938933879611
3477,246.0822709506301,244.70743842687608,1.0056182702601615
3478,417.27717699723297,387.95561270207776,1.0755796883332427
3479,429.487568340138,399.1243445632179,1.0760745972790713
3480,556.343257926514,514.0022646023574,1.0823751104616484
3481,1313.7281107541983,1257.8376513570215,1.0444337624469098
3482,1325.2073674698604,1268.8462933450573,1.0444191502315212
3483,1331.0216467386674,1274.366070924781,1.0444578501472286
3484,1320.1439927811587,1263.9902639867205,1.0444257605413234
3485,392.86340387852806,381.79449244714885,1.0289918048854816
3486,1732.273521770177,1656.104991093762,1.0459925735904643
3487,2538.7386109879867,2424.927056664578,1.0469340114831964
3488,2090.195931267377,1999.7285171962349,1.0452398479559537
3489,2164.8808243660105,2061.6207504841964,1.0500868425279297
3490,2521.1960002006304,2408.170635361228,1.0469341180312368
3491,4753.469072526308,4489.213391189186,1.0588645845741633
3492,3696.87444975071,3408.3267996994696,1.0846596195167328
3493,4220.390643412513,3998.5922898314293,1.055469109502643
3494,157.11288944583276,156.28185826249756,1.0053175153698222
3495,618.9649317779802,597.175017748085,1.03648832148415
3496,2911.144751174508,2725.6791970598297,1.0680437941173484
3497,196.00033751978614,179.45990048834966,1.09216787140986
3498,193.88560922548294,177.48999413707048,1.092374869739139
3499,754.5192677233644,697.7691255343982,1.0813308300872486
3500,753.4858692823382,696.9562636974356,1.0811092582553263
3501,4218.980501858702,4016.6432717296493,1.0503747075457668
3502,2249.34439298126,2105.122594881759,1.0685099283291868
3503,1727.73248013887,1603.6118855425348,1.0774006452030895
3504,1415.6510066900662,1334.2299658712075,1.0610247430364776
3505,1823.765723855935,1694.3354749461178,1.076389977559747
3506,1718.3646247543102,1594.8396473400005,1.0774529136019
3507,1342.998641922402,1248.0286186086644,1.0760960300891278
3508,1805.6236579514573,1675.827159915961,1.0774521986157601
3509,1708.4595165726294,1585.6470938938896,1.077452557477432
3510,4692.752500593484,4513.3254135624875,1.039754963489187
3511,1204.67951986083,1181.08299041458,1.019978722611158
3512,319.8811613271241,315.50366158145613,1.0138746400714522
3513,294.02441266980713,279.13812826985946,1.053329455535921
3514,292.711154157702,277.8849088959089,1.0533539058335364
3515,1065.6929985413917,1014.2965530366765,1.050672010420267
3516,877.2852762031711,832.8821204469883,1.0533126533348471
3517,1967.903062194417,1891.5234248176516,1.0403799584898763
3518,2445.4637599711773,2363.1625785369147,1.0348267115355292
3519,388.70236764442546,369.0382541822986,1.0532847563613639
3520,958.2586522088417,912.6277106353473,1.0499995135384694
3521,985.3396362180505,940.7606161125024,1.0473861462119467
3522,341.15577691721984,316.75152153013323,1.0770454243414422
3523,343.78727768258017,319.1808133774416,1.0770925546706989
3524,343.8164393105304,319.20462918358174,1.0771035501267554
3525,347.2306313211173,322.38044349394914,1.0770834221761179
3526,164.53610702067346,162.06211200775297,1.0152657211625264
3527,1433.3888962067804,1399.5052369490104,1.0242111700358034
3528,167.91712628526452,165.39438299559924,1.0152528957995652
3529,168.0561345890881,165.5309299560112,1.0152551830268093
3530,2714.827088075962,2624.629387519512,1.0343658807545755
3531,830.7762030588444,803.3704405785616,1.0341134812734036
3532,830.5338613026532,803.1348238996032,1.0341151156539503
3533,836.3442216356981,808.7626703874105,1.0341033930696575
3534,2899.7511975450157,2766.5908450596976,1.0481315669511098
3535,4204.093412625356,4038.8303742988187,1.0409185390350117
3536,607.5925831838642,589.4430499394502,1.030790986926181
3537,6391.10352197768,6016.711702252217,1.062225321446816
3538,3247.8458160109585,3122.5764760566544,1.0401173008619153
3539,586.7427503781836,569.4303844950945,1.0304029541704904
3540,3150.9875480809546,2962.475851394903,1.0636331589326844
3541,687.446275933486,659.9603110367008,1.0416479058469574
3542,582.7082412533249,565.5434615854325,1.030350947069166
3543,1555.384865713468,1478.1365556269266,1.0522606046054912
3544,6067.006618988446,5766.430760104257,1.0521251136775556
3545,4619.225447669572,4446.8417950939665,1.03876541161545
3546,3431.0150573173673,3307.514330557967,1.0373394381449488
3547,3793.6971822605205,3656.74101330052,1.037453067762211
3548,106.680376751088,103.54211038765443,1.0303090824755659
3549,1395.2814903700291,1355.7290544276298,1.0291742924688576
3550,104.46079806087113,101.41284966124232,1.0300548540920615
3551,103.76597377272407,100.73651810381253,1.030073063134757
3552,251.44249274725237,241.99579135904446,1.0390366350387972
3553,232.7058160251902,223.74221878251095,1.0400621630171296
3554,417.77876077898384,403.7053466632727,1.0348606086890637
3555,228.02250141584645,219.24486761694962,1.0400357549725294
3556,282.8526168378107,264.5070753457851,1.0693574698069712
3557,284.07301622079444,265.63138143955814,1.0694256630421226
3558,274.23031624189446,256.42765618865934,1.0694256630421226
3559,280.6310721952331,262.4128887018743,1.0694256428618352
3560,532.6393905164314,506.27813602559706,1.052068719968388
3561,549.0018483074015,533.473957279384,1.0291071210058815
3562,525.1177782706861,510.5546822617491,1.0285240670880202
3563,535.9638455515372,520.7984595630807,1.0291194908701908
3564,2208.106189818837,2172.6843613423994,1.0163032555978595
3565,790.5783287733462,732.7936320145361,1.0788553478555118
3566,414.35967290841654,373.2900876196613,1.1100205621602264
3567,1312.031892631412,1272.4500504012503,1.0311067945006407
3568,30.519177058956206,30.519177058956206,1.0
3569,1207.954038751797,1071.1960304049792,1.127668516746757
3570,991.243698405684,924.0377473132806,1.072730742102052
3571,1039.487747860942,963.3571635418001,1.0790263333271393
3572,428.67690154398645,398.94807018745814,1.074518047781405
3573,1649.5672357020069,1552.6119099162013,1.062446594133777
3574,225.6805108956392,211.3922547188518,1.0675912000455765
3575,253.94213794435944,238.66972370432168,1.0639897428253537
3576,1448.0405996879392,1366.3588714841692,1.0597805817406123
3577,628.2733698869439,588.6150806305808,1.0673755915561616
3578,215.97719447965645,200.29732976798434,1.0782829443100164
3579,224.2213756555042,209.92066191590317,1.0681243742711237
3580,206.315493146554,188.6808824691668,1.0934626256068574
3581,1067.3951114512074,1009.8243385534302,1.0570106806697164
3582,297.2122261693954,263.5576858452583,1.12769326083663
3583,356.83757388751576,318.4088443692224,1.1206898935060108
3584,298.34052799427076,264.5582606103382,1.1276931111733066
3585,565.1343294816977,510.3892845858777,1.1072613523621275
3586,455.88265504537304,408.8902724462644,1.1149266337836008
3587,459.3960703866519,412.13880370349045,1.1146634732243272
3588,834.9724626517907,788.4038776678697,1.0590669151979222
3589,1554.0677549603613,1473.3633151312822,1.0547756544500961
3590,621.932684601885,574.4617629004803,1.0826354768361293
3591,811.4863610109776,763.219057554618,1.0632417429551744
3592,1469.8107825441164,1392.0809994882081,1.0558371122689594
3593,844.5576642763109,799.100346680967,1.056885618663725
3594,927.7043812092459,889.1770578155922,1.0433291919252867
3595,2464.7053389194934,2277.742813113008,1.0820823688829742
3596,369.49325337085935,341.7861365763409,1.081065654306695
3597,246.63821830595734,230.48833261949125,1.0700681266722842
3598,698.1743295351664,649.2294695779648,1.0753891532203836
3599,294.57510805024833,277.5967592121983,1.0611619130073184
3600,316.93006341535914,298.9484746456677,1.0601494581666768
3601,378.84584031093385,358.07155520896663,1.058017133167262
3602,379.17473642195125,358.3822237998569,1.05801770077108
3603,838.3432040192776,794.2242098957179,1.0555497976186756
3604,843.3652098325357,797.1026938491252,1.0580383385232506
3605,2187.4243655001014,2053.1699237088956,1.065388860532637
3606,848.8041570459382,802.2963578629445,1.0579683538722215
3607,841.7198226413695,795.5620217057283,1.058019110611485
3608,305.7877947493682,301.4304951018522,1.0144554042086673
3609,92.545762607005,91.11003216180843,1.0157582036920672
3610,1421.2606002190582,1370.256997534501,1.0372219246289769
3611,88.98881315630499,87.68626006758912,1.01485470001471
3612,189.56041154224255,188.76248042240508,1.004227170134933
3613,99.53104391146304,96.10074642820607,1.035694805823591
3614,707.2571988717929,674.1944081094582,1.0490404405089144
3615,100.76381623972712,98.87595501294365,1.0190932287484489
3616,103.57606623366362,103.57606623366362,1.0
3617,409.7812878530549,395.43143945329166,1.0362890932992146
3618,21.318865472134977,21.18391831614373,1.0063702641776338
3619,21.624455482758766,21.487573960096505,1.0063702641776338
3620,21.315696350815674,21.18076925517471,1.0063702641776338
3621,115.04710520815425,112.82819729418749,1.0196662533584684
3622,21.574242019480188,21.43767834506697,1.006370264177634
3623,21.269097262563182,21.134465136391377,1.0063702641776338
3624,21.096954772370093,20.963412297967384,1.0063702641776338
3625,3230.039098775614,3126.604902239179,1.0330819530354982
3626,2587.5200961041587,2458.976142534519,1.052275396798745
3627,444.53264067403444,443.3609377085841,1.002642774466118
3628,413.8963659919811,413.6303112890658,1.0006432185834886
3629,157.86895974090035,157.85950480754497,1.0000598946092407
3630,2130.5980732282446,2046.0879858018614,1.041303251870307
3631,155.46668812330356,155.06907888622356,1.0025640781510783
3632,143.57165721334405,141.29532245527966,1.0161104749860694
