"","zone17","propArea"
"1",1,7.09460854997193e-05
"2",2,0.000109912703908677
"3",3,0.000108351798769616
"4",4,8.79199695344484e-05
"5",5,0.000108081476392989
"6",6,0.000119513462885129
"7",7,0.000148779350792582
"8",8,6.10492716110398e-05
"9",9,7.60977062383847e-05
"10",10,0.000111507003558509
"11",11,0.00011021968753277
"12",12,0.000105459815297883
"13",13,9.10959598012768e-05
"14",14,6.76578429801979e-05
"15",15,6.2824797579728e-05
"16",16,7.50765151190544e-05
"17",17,7.8468591256738e-05
"18",18,6.09604972124467e-05
"19",19,8.93872898324428e-05
"20",20,6.36749937446737e-05
"21",21,0.000105865608647998
"22",22,0.000100416552709868
"23",23,0.000129955873877235
"24",24,0.000102792161068702
"25",25,4.66215086045978e-05
"26",26,6.60163362277968e-05
"27",27,0.00010963918793867
"28",28,0.000135171770327988
"29",29,0.000121570688172301
"30",30,0.00010978323394288
"31",31,4.11839440982933e-05
"32",32,4.37871230176265e-05
"33",33,5.81481735376668e-05
"34",34,5.6873675407932e-05
"35",35,0.000120185103517916
"36",36,7.15181845377783e-05
"37",37,6.53552125870132e-05
"38",38,0.000114741893094857
"39",39,7.26188298044693e-05
"40",40,9.75615376003173e-05
"41",41,7.13990565100378e-05
"42",42,2.06975204145148e-06
"43",43,5.17520895959138e-05
"44",44,7.8562765069568e-05
"45",45,2.65919972807977e-05
"46",46,6.9453904782059e-05
"47",47,6.31367079234347e-05
"48",48,0.000239310254341515
"49",49,0.000332429850343703
"50",50,0.000252486790350859
"51",51,0.000374971104782443
"52",52,0.000115751970549862
"53",53,0.000235565541873836
"54",54,0.000215273281239209
"55",55,0.000244343823177208
"56",56,0.000319410129719748
"57",57,0.000301075612656147
"58",58,0.00032643002143816
"59",59,0.000245977811704878
"60",60,0.00029499458577802
"61",61,0.000336550257381565
"62",62,0.000213432496040462
"63",63,0.000363687530478774
"64",64,0.000236050313226866
"65",65,0.00026078374967046
"66",66,0.000127055484577668
"67",67,0.000193851356354039
"68",68,0.000242759454592311
"69",69,0.000115056959489806
"70",70,0.000252951121314838
"71",71,0.000102140129052406
"72",72,0.000330950747418252
"73",73,0.000289097262117488
"74",74,0.000216428377283891
"75",75,0.000166137978348446
"76",76,0.000318302064112812
"77",77,0.000154580105886894
"78",78,0.000290442555934173
"79",79,0.000220470810266646
"80",80,0.000306562572352121
"81",81,0.000361346834521608
"82",82,0.000327160954515996
"83",83,0.000157106043383149
"84",84,0.000341637922999603
"85",85,0.000309258064193544
"86",86,0.000177395804602629
"87",87,0.000329936232513857
"88",88,0.000336010202037464
"89",89,0.000195989019045693
"90",90,0.000284354833105859
"91",91,0.000358140916769153
"92",92,0.000341031945957806
"93",93,0.000360055862371785
"94",94,0.000321976818189821
"95",95,0.000366495693659948
"96",96,0.000302771361649045
"97",97,0.000257621407732688
"98",98,0.00018226741843086
"99",99,0.000190721481161173
"100",100,0.000260839253557052
"101",101,0.000322944082722953
"102",102,0.000106930220184946
"103",103,0.000111011041749015
"104",104,0.000272520603911642
"105",105,0.000309330881329141
"106",106,0.000300744030654323
"107",107,0.000321656178057151
"108",108,0.000154940807943219
"109",109,0.000134602742886408
"110",110,0.000158386819455311
"111",111,0.000202834929803622
"112",112,0.000318906383868916
"113",113,0.000236807930597965
"114",114,0.000168425162962178
"115",115,0.000187348730833215
"116",116,0.000178094069704533
"117",117,0.000226022467597891
"118",118,0.000311314519569877
"119",119,0.000189046674619712
"120",120,0.000138553130387356
"121",121,1.18440332382022e-05
"122",122,0.000262127182250228
"123",123,0.000243522795201308
"124",124,0.000324303176126267
"125",125,0.000430094738503811
"126",126,0.00015683406135976
"127",127,0.000340852484268395
"128",128,0.000372126868665952
"129",129,0.000295099846200363
"130",130,0.000369077205098422
"131",131,0.000135583553955917
"132",132,0.000208299623830546
"133",133,0.00047714191327394
"134",134,0.00022267685876798
"135",135,0.000270898512811496
"136",136,0.000261903320503681
"137",137,0.000251899142851438
"138",138,0.000518078316853656
"139",139,0.000700448198609233
"140",140,0.000398450290762472
"141",141,0.000217238266471859
"142",142,0.000195933507961972
"143",143,0.000234505667148619
"144",144,0.000199053300445836
"145",145,0.000214051562543102
"146",146,0.000196123268816593
"147",147,0.000171722233646669
"148",148,0.000197480025740452
"149",149,0.000207815984645934
"150",150,0.00021384445335141
"151",151,0.000867244582293737
"152",152,0.000797778796990459
"153",153,0.000237041753336635
"154",154,0.000104132344040459
"155",155,0.000112370040900293
"156",156,9.89272323980986e-05
"157",157,0.00018856419168456
"158",158,1.81893867184448e-05
"159",159,0.000226701186451272
"160",1160,0.000280235516310481
"161",160,0.000172820358224641
"162",161,0.000205936744488103
"163",162,0.000215200678309358
"164",163,0.000253863742995065
"165",164,0.000288195207869484
"166",165,0.000133340559662106
"167",166,0.000318240151763928
"168",167,0.000247492591160284
"169",168,0.000300115017880085
"170",169,0.000194964486186533
"171",170,0.000249077017808332
"172",171,0.000333204978335785
"173",172,0.000240143786347086
"174",173,0.000141776419970849
"175",174,0.000296257778750015
"176",175,0.00032359401389393
"177",176,2.97728142866671e-05
"178",177,0.00031449518905973
"179",178,0.000143406245696006
"180",179,0.000150382902925022
"181",180,0.000188431231557805
"182",181,0.000206757339394851
"183",182,0.000167592720558609
"184",183,0.000218403913701407
"185",184,0.000188048142227697
"186",185,5.58143518846876e-05
"187",186,0.000244452607526415
"188",187,0.000151951058072223
"189",188,0.000125615618881159
"190",189,5.65483090398712e-05
"191",190,4.37317880464471e-05
"192",191,0.000218064309034966
"193",192,0.000192628637870337
"194",193,0.000189609676296651
"195",194,0.000267399520182976
"196",195,0.000182693694141169
"197",196,0.000209100907442613
"198",197,5.89786079257647e-05
"199",198,0.000244567521045785
"200",199,0.000263232769354111
"201",200,0.000309836382902875
"202",201,0.000178650742152715
"203",202,0.000295031623110097
"204",203,0.000832525887952841
"205",204,0.00022057431756398
"206",205,0.000268615702811721
"207",206,0.000224959592256525
"208",207,0.000230387590727254
"209",208,0.000248868949768281
"210",209,0.000192976719350548
"211",210,0.000222168634534578
"212",211,0.000311470266476779
"213",212,0.00024382430434247
"214",213,6.0661850170291e-05
"215",214,0.00024688644450509
"216",215,0.000282378692990099
"217",216,4.99308878448203e-05
"218",217,0.000296638418789072
"219",218,0.000268661677551408
"220",219,0.000308049128894755
"221",220,0.000168787899135561
"222",221,0.000198651017150954
"223",222,0.00028193028780702
"224",223,0.000234314796594947
"225",224,0.000240586289407502
"226",225,0.00106731165618088
"227",226,0.000234235064438056
"228",227,0.000250114875825464
"229",228,0.000276885700301369
"230",229,0.000195485958263558
"231",230,0.000180456292585033
"232",231,0.000254823356840376
"233",232,0.000284134645864979
"234",233,0.000230846557649238
"235",234,0.000309947562707417
"236",235,0.00027082795167321
"237",236,0.000302157455675431
"238",237,0.00029446592190759
"239",238,0.000286659215614921
"240",239,0.000298759209259928
"241",240,0.000186190620536598
"242",241,0.000308617763088947
"243",242,0.000285874673914047
"244",243,0.000249147656136261
"245",244,9.39637626354183e-05
"246",245,0.000251519911950858
"247",246,0.000263077968644414
"248",247,0.000283770993881532
"249",248,0.000268355658732963
"250",249,0.000262290781295276
"251",250,0.000269809794528787
"252",251,0.000279139290533536
"253",252,0.000283716322482492
"254",253,0.000279584157293717
"255",254,0.000221370800506523
"256",255,0.000291426870282872
"257",256,0.000250733612110657
"258",257,0.000281537094441408
"259",258,0.000173582470666191
"260",259,0.000267455003815564
"261",260,0.000267101989511553
"262",261,0.000277815546391841
"263",262,0.000258816683249703
"264",263,0.000176549100693783
"265",264,0.000279715545829303
"266",265,0.000257665484969473
"267",266,0.000281558494101966
"268",267,0.000252899397546978
"269",268,0.000263435468680282
"270",269,0.000259989347432248
"271",270,0.000989307529479749
"272",271,0.00118454885804685
"273",272,0.000381528028400972
"274",273,0.000305183584276883
"275",274,0.000324315647295881
"276",275,0.000219960381414928
"277",276,0.000305520525285662
"278",277,0.00028191001520626
"279",278,0.000291524320625374
"280",279,0.000297270851193523
"281",280,0.000291424439341463
"282",281,0.000228850736508901
"283",282,0.000239422342624708
"284",283,0.00030217118055285
"285",284,0.000246876080279576
"286",285,0.000249977037817235
"287",286,0.000229947085491157
"288",287,0.000206144159187022
"289",288,0.000305068116831022
"290",289,0.000248364347070901
"291",290,0.000233609826773676
"292",291,0.000310443132774927
"293",292,0.000266683165268484
"294",293,0.000284929911192317
"295",294,0.000230628540407056
"296",295,0.000232671455982599
"297",296,0.000321185089808516
"298",297,0.000273137723267636
"299",298,0.000292332038016617
"300",299,0.000280470725058376
"301",300,0.00023441479789457
"302",301,0.000285434507815647
"303",302,0.000295425783151372
"304",303,0.000264445239137051
"305",304,0.000304627496618672
"306",305,0.000283087185955246
"307",306,0.000320564731535979
"308",307,0.000279199495263307
"309",308,0.000150170726207532
"310",309,0.000239042690553009
"311",310,0.000237001926484363
"312",311,0.000215284527179497
"313",312,0.000216422153082541
"314",313,0.000309525034942948
"315",314,0.000309210156947167
"316",315,0.000240964242105937
"317",316,0.000304227788092248
"318",317,0.000298411222477821
"319",318,0.00017339728894354
"320",319,0.000317348150342661
"321",320,0.000311275544468621
"322",321,0.0002739756812591
"323",322,3.21120848507779e-06
"324",323,0.000231656046852023
"325",324,0.00030645651350063
"326",325,0.000320975228300703
"327",326,0.000329122776448566
"328",327,0.000275883111254159
"329",328,0.000327275604640248
"330",329,0.000265260875581748
"331",330,0.000363443497357009
"332",331,0.000149659139505876
"333",332,0.000153965707238083
"334",333,0.000327524410694082
"335",334,0.000306890198035492
"336",335,0.000295956201905664
"337",336,0.000325383013693555
"338",337,0.000317274570630027
"339",338,0.000381960924081085
"340",339,0.000342206872705687
"341",340,0.000320687631436386
"342",341,0.000361624860403368
"343",342,0.000219244560534973
"344",343,0.000263878249151105
"345",344,0.00026771994991678
"346",345,0.000308409386740688
"347",346,0.000286400539609817
"348",347,0.000360290751715765
"349",348,0.000373774432946572
"350",349,0.00034261307869498
"351",350,0.000350419734629532
"352",351,9.11997596234333e-05
"353",352,0.000457227953169251
"354",353,1.18582212116723e-05
"355",354,0.000416882251161393
"356",355,0.000981255194650284
"357",356,0.000230911190218665
"358",357,0.00028464966931101
"359",358,0.000261505221803954
"360",359,0.000268093317165982
"361",360,0.000281074491654331
"362",361,0.000390354134381563
"363",362,0.000206385443112598
"364",363,0.000252593394693916
"365",364,0.000270753615210373
"366",365,0.000285913220854752
"367",366,0.000257895063246243
"368",367,0.000229918187829184
"369",368,0.00031314573690432
"370",369,0.000191043241855336
"371",370,1.51487077360276e-05
"372",371,0.000335168956630323
"373",372,0.000214756032882636
"374",373,0.000220014199731301
"375",374,0.000196061187411619
"376",375,0.000217424226717181
"377",376,0.000205256678589394
"378",377,0.000208116401510377
"379",378,0.000208058824464792
"380",379,0.000263236467311332
"381",380,0.000181943224763701
"382",381,0.000236583910581252
"383",382,0.000162274146775841
"384",383,0.000159304875028298
"385",384,0.000142753972206352
"386",385,0.000201076497030231
"387",386,0.000227220433824669
"388",387,0.000206486619210439
"389",388,0.000234227165548812
"390",389,0.000201348288663047
"391",390,0.000204035521245286
"392",391,9.23405334943998e-05
"393",392,0.000203100181475407
"394",393,0.000269957525890716
"395",394,0.000252597491102619
"396",395,0.000277235819625842
"397",396,0.000206312987292342
"398",397,0.000169603998429038
"399",398,0.000187917695795518
"400",399,0.000180917629381886
"401",400,0.000190386397504419
"402",401,0.000223395914696354
"403",402,0.000118992099614732
"404",403,0.00019509672245115
"405",404,0.000135349217578874
"406",405,0.000183718839833656
"407",406,0.000144795800162069
"408",407,0.000213461140726853
"409",408,0.0002212281464628
"410",409,0.000155299337762317
"411",410,0.000228921393387001
"412",411,0.000194332405210111
"413",412,0.000178815456077136
"414",413,0.000214431858218459
"415",414,0.000177705375369601
"416",415,0.000190536520010475
"417",416,0.000138151117812361
"418",417,0.000282418120067259
"419",418,6.69610104140195e-05
"420",419,0.000287308067507074
"421",420,0.000250418039832636
"422",421,0.00015333919532428
"423",422,0.000276587991597241
"424",423,0.000183379280890668
"425",424,0.000256286314381443
"426",425,0.000293064552973407
"427",426,0.000297311605206822
"428",427,0.000291679211409414
"429",428,8.68264764524857e-05
"430",429,0.000293863452963162
"431",430,0.000260352762222738
"432",431,0.000222097856290256
"433",432,0.000449403430205254
"434",433,0.000266988562142014
"435",434,8.71305892824034e-05
"436",435,8.70513791886624e-05
"437",436,0.000196361142414723
"438",437,0.000129584505148321
"439",438,0.000141296796055167
"440",439,0.000266360183433666
"441",440,0.000260667788099189
"442",441,0.000286309428236572
"443",442,0.000116264044639308
"444",443,0.000219153376586651
"445",444,0.000185616747556642
"446",445,0.000226589651058898
"447",446,0.000196930102807101
"448",447,0.000271606437190355
"449",448,0.00031449190398201
"450",449,0.00029655643701827
"451",450,0.000177996748229513
"452",451,0.000292739196622135
"453",452,0.000105202090149617
"454",453,0.000189273619989473
"455",454,2.85068682540502e-05
"456",455,0.000207897932516253
"457",456,0.000119369745988946
"458",457,8.04590075441591e-05
"459",458,0.000368010003282667
"460",459,0.00108284674299263
"461",460,0.00022054589476491
"462",461,0.000175845399498965
"463",462,0.000117362832343631
"464",463,1.91461855617979e-05
"465",464,0.000265465820361679
"466",465,0.00027909986762101
"467",466,0.000277270135011688
"468",467,0.000293698312516436
"469",468,0.000647272960975784
"470",469,0.000199958042935905
"471",470,0.000228541282489309
"472",471,0.00024374671388135
"473",472,0.000327912121988709
"474",473,0.000201951608650938
"475",474,0.00019879033344929
"476",475,0.000273296918287411
"477",476,0.000227104344077787
"478",477,0.000270772505909593
"479",478,0.000276671237384064
"480",479,0.000247681728768441
"481",480,0.000330052681318378
"482",481,0.000221425493295395
"483",482,0.000247212026450594
"484",483,0.000350849316623487
"485",484,0.000259684765469186
"486",485,0.000225317525853538
"487",486,0.000276079790133478
"488",487,0.000383670544428727
"489",488,0.000265015245090025
"490",489,0.000363766646729806
"491",490,0.000345485532518887
"492",491,0.000264852889428867
"493",492,0.000855519565476129
"494",493,0.000503739559262856
"495",494,0.000142859548347372
"496",495,0.000172219098713857
"497",496,0.000230748405303826
"498",497,0.000255136283196215
"499",498,0.000200622255293125
"500",499,0.000217096865849706
"501",500,0.000213375869088423
"502",501,0.00100783605841284
"503",502,0.00117532858479072
"504",503,0.000665006302240963
"505",504,1.78330441824121e-05
"506",505,0.000216460940374827
"507",506,0.000237223843483346
"508",507,0.000241573463403736
"509",508,0.000299517692764008
"510",509,0.000272089213753916
"511",510,0.000312310517512375
"512",511,0.000258233961904936
"513",512,0.000206846080168492
"514",513,0.000192617186065648
"515",514,0.000226255250861271
"516",515,0.000842622704096806
"517",516,0.000577813944965751
"518",517,0.000878006159337728
"519",518,0.000181521240747966
"520",519,0.000179787240880667
"521",520,0.000186176893696601
"522",521,0.000170079243628593
"523",522,0.000688927386111086
"524",523,0.000315504009084677
"525",524,0.000144251164751064
"526",525,0.000266177482486211
"527",526,0.000179322222177655
"528",527,0.00110068648174823
"529",528,0.00021708447708245
"530",529,8.9530848770386e-05
"531",530,0.000237453096060458
"532",531,0.000106778297861457
"533",532,0.000178867116173865
"534",533,0.000205450570423434
"535",534,0.000189696252581319
"536",535,0.00016576383584045
"537",536,0.000133272172702038
"538",537,7.85907823509271e-05
"539",538,0.000236668042832225
"540",539,0.000281626990939005
"541",540,0.000189759857512032
"542",541,0.000190222232869861
"543",542,0.000187357388572973
"544",543,0.000207955969180566
"545",544,0.000147776489938831
"546",545,0.000103296808473825
"547",546,0.000140864612956856
"548",547,0.000362851280729681
"549",548,0.000192011195406168
"550",549,0.000164498913526776
"551",550,3.69021594095373e-05
"552",551,0.000254989556816895
"553",552,0.000288153815687617
"554",553,0.000225915769297676
"555",554,0.00029152962580267
"556",555,0.000182700476389449
"557",556,4.11746440476184e-05
"558",557,0.000146910298630629
"559",558,0.000152215968013465
"560",559,0.000168241785762396
"561",560,0.00017698361934237
"562",561,7.75700243191358e-05
"563",562,0.000623248502056633
"564",563,0.000358499701161807
"565",564,0.000163601029518671
"566",565,3.20025909966149e-05
"567",566,0.000197172905732568
"568",567,0.000159229446173362
"569",568,0.000269668275960452
"570",569,0.00015253624374073
"571",570,0.000338912910858362
"572",571,0.00017687886972718
"573",572,3.64339716736457e-05
"574",573,0.000101674396869734
"575",574,0.000663461952301357
"576",575,0.000642217691060155
"577",576,0.000124410288293401
"578",577,0.000126689687428949
"579",578,0.000139123642499851
"580",579,0.000112191000599635
"581",580,0.000176942246240131
"582",581,0.000210770932801222
"583",582,9.81976744069435e-05
"584",583,0.000200939607387748
"585",584,0.000145084396657289
"586",585,0.000157621152847621
"587",586,0.000218601260207216
"588",587,0.000250386226324416
"589",588,1.36390713687176e-05
"590",589,1.06624092891657e-05
"591",590,7.67181700689439e-06
"592",591,0.00034589098650887
"593",592,0.000824010736077832
"594",593,0.000209186357688838
"595",594,0.000183853007471752
"596",595,0.000224532877473549
"597",596,0.000256921244515088
"598",597,0.000615296496649495
"599",598,0.000963455340564442
"600",599,0.000125135538034745
"601",600,0.000144415156009887
"602",601,0.000199325649482034
"603",602,0.00013344942189462
"604",603,0.000253610748089541
"605",604,0.000273266219507854
"606",605,0.000260037408349451
"607",606,0.000263024845144498
"608",607,0.000715641252080341
"609",608,0.00101110597868534
"610",609,0.000200764223481997
"611",610,0.000117710015238888
"612",611,0.000124343948254817
"613",612,0.000187302287556874
"614",613,0.000180210863901575
"615",614,0.000311744938885192
"616",615,0.000194897827511128
"617",616,0.000216493744865119
"618",617,0.000192153256326705
"619",618,0.000239472656247676
"620",619,0.000202632845704826
"621",620,0.000265912445581026
"622",621,0.000886313402643095
"623",622,0.000218678387043693
"624",623,0.000225978962437303
"625",624,0.000292300563065827
"626",625,0.000172763539880544
"627",626,0.00021573362660689
"628",627,0.000226364419914625
"629",628,0.00021757938955047
"630",629,7.46895014206011e-05
"631",630,0.000151223961252795
"632",631,0.00080462883925814
"633",632,0.000570167940519752
"634",633,0.000337227071807085
"635",634,0.000620477974295088
"636",635,0.000478455421389121
"637",636,0.000155780890203418
"638",637,0.000185834289797099
"639",638,0.00015398189938512
"640",639,8.6618940484214e-05
"641",640,0.000833611865563294
"642",641,0.000125063520172852
"643",642,0.000170086426665959
"644",643,7.19028218117175e-05
"645",644,0.00020604028474776
"646",645,0.000762257002931285
"647",646,0.00019074760067585
"648",647,0.000176615964112089
"649",648,0.000154685646660407
"650",649,0.000208409147370203
"651",650,0.000821892107461749
"652",651,0.000686897696767942
"653",652,0.000656218709657863
"654",653,0.000676780451753706
"655",654,0.00014212357267737
"656",655,0.000164406845075211
"657",656,0.000178293144532324
"658",657,7.99887004437402e-05
"659",658,0.000173184690817074
"660",659,2.82719084733076e-05
"661",660,0.000334208984769455
"662",661,0.000161689242399108
"663",662,0.000142497976477657
"664",663,8.74779697073316e-05
"665",664,0.000234933790230576
"666",665,7.30366381855837e-05
"667",666,7.34378047592492e-05
"668",667,0.000157586941446458
"669",668,0.000124536844714666
"670",669,0.000181006381547087
"671",670,0.000159053403305076
"672",671,0.000605096373687869
"673",672,0.000712552280917929
"674",673,0.000202053020448827
"675",674,0.000176006827132615
"676",675,0.000182016603883886
"677",676,0.000222622907181113
"678",677,0.000262733875457073
"679",678,0.000273549172845694
"680",679,1.91168514679766e-06
"681",680,0.00062210608355358
"682",681,0.000716345117656029
"683",682,0.000690267710078633
"684",683,0.00070082043007438
"685",684,0.000232674943761328
"686",685,5.33924637259137e-05
"687",686,0.000142090300453845
"688",687,7.29181192519466e-05
"689",688,0.000774090431014063
"690",689,0.000155020196382407
"691",690,0.000462054952654316
"692",691,0.000112321362837193
"693",692,1.15124273923114e-05
"694",693,0.000142593085899876
"695",694,0.000110789282258393
"696",695,6.39541123308233e-05
"697",696,3.63229226542332e-05
"698",697,0.000203419603163199
"699",698,0.000508101250758362
"700",699,0.000144690551437285
"701",700,0.000376603514771805
"702",701,8.7646736098476e-05
"703",702,0.000164475632242171
"704",703,4.58385753236982e-05
"705",704,0.000119946780222558
"706",705,0.000244771040065366
"707",706,2.80914857458893e-06
"708",707,0.000209519295638328
"709",708,0.00056050998281817
"710",709,0.00038801352975909
"711",710,0.00022669773781382
"712",711,0.000479917111624661
"713",712,2.32261182690369e-06
"714",713,8.81272323046363e-05
"715",714,0.000190727239866845
"716",715,5.94614083278234e-05
"717",716,0.000145419863611266
"718",717,0.000210565679107471
"719",718,0.000127922866472129
"720",719,0.000301817551804629
"721",720,0.00110035907678969
"722",721,0.000101727633893313
"723",722,0.00034500873699785
"724",723,0.000541187121403804
"725",724,0.000367841331461025
"726",725,0.000689162950986896
"727",726,0.000945261484665261
"728",727,0.00131241139378976
"729",728,0.000333763075598466
"730",729,5.14796739752116e-05
"731",730,0.000348127504433569
"732",731,0.000476050256743919
"733",732,0.000283704867329105
"734",733,0.000289544898136284
"735",734,0.000873840551340939
"736",735,0.00165280525971147
"737",736,0.000915690048841452
"738",737,0.00131182040872502
"739",738,0.00052688206933901
"740",739,0.000176958012502758
"741",740,0.000157772695722913
"742",741,0.000153652518000554
"743",742,0.000116356355344572
"744",743,0.000507844002494571
"745",744,0.00013868652193127
"746",745,0.000162980496463583
"747",746,0.000126467881462606
"748",747,0.000111784480936723
"749",748,0.000635802030062321
"750",749,0.000918356315323613
"751",750,3.22434446327745e-05
"752",751,0.000115101090282211
"753",752,0.000148067935097857
"754",753,0.000121594887438821
"755",754,0.000194944441125662
"756",755,0.0001657493208724
"757",756,0.000152909370227699
"758",757,0.000145883147638243
"759",758,0.000579643714628094
"760",759,0.000156352379607484
"761",760,0.000201956730153031
"762",761,9.22646777619987e-05
"763",762,0.000124718755469779
"764",763,0.00129458644914344
"765",764,0.000345426347383075
"766",765,9.97839161620733e-05
"767",766,0.000182418386249991
"768",767,0.000128903015270419
"769",768,0.000131977620997771
"770",769,0.000563174469469418
"771",770,0.000559156529250562
"772",771,0.000398493692057689
"773",772,0.000542286391694148
"774",773,0.000812945648512116
"775",774,0.000113932671039103
"776",775,0.000160801901995381
"777",776,9.14751584963445e-05
"778",777,8.66204459241059e-05
"779",778,0.000497202963135738
"780",779,0.000462766794338077
"781",780,0.00010215456275724
"782",781,0.000154443736507214
"783",782,0.000112192016276673
"784",783,0.000135660974308576
"785",784,0.000527016556311966
"786",785,0.00040912133442171
"787",786,0.000200759593574926
"788",787,8.11181511039586e-05
"789",788,0.000101780551741954
"790",789,0.000167695125009465
"791",790,0.000145024100733979
"792",791,0.000463670299537488
"793",792,0.000559218337133853
"794",793,0.000315843144965382
"795",794,0.000387952941392942
"796",795,0.000268179653324196
"797",796,0.000143029323336694
"798",797,0.000366252835363571
"799",798,0.00033824712011292
"800",799,0.000148312841042083
"801",800,0.000103121772657589
"802",801,0.000190255686129576
"803",802,0.000274480288590951
"804",803,0.000251670229158613
"805",804,0.000463017798913338
"806",805,0.000336412037605558
"807",806,0.000426662735105774
"808",807,0.000451886205934513
"809",808,0.000135955438195713
"810",809,0.000154700354449244
"811",810,0.000163278732294184
"812",811,0.000149884488253139
"813",812,0.000480618960963258
"814",813,0.000139679212731516
"815",814,0.000157294435098504
"816",815,0.000135879369767085
"817",816,0.000129109233108462
"818",817,0.000599483038619776
"819",818,0.000498833246069048
"820",819,0.000556505731262142
"821",820,0.000525540438868126
"822",821,0.000572558834581751
"823",822,0.000364266365006915
"824",823,7.71308672992826e-05
"825",824,0.000136098997810112
"826",825,0.00021269496552385
"827",826,0.00014878533164978
"828",827,0.00051701299047937
"829",828,0.000536784230669683
"830",829,0.000556827943436874
"831",830,0.000151785226538508
"832",831,0.000137504785290176
"833",832,0.000131692540218801
"834",833,0.000161587527427181
"835",834,0.00190614483137266
"836",835,0.000239268784237221
"837",836,0.000341208693649193
"838",837,0.000774538439742599
"839",838,0.000380615120117632
"840",839,0.000123813628691803
"841",840,0.000196326773253259
"842",841,0.000140500587938593
"843",842,0.000143316603527219
"844",843,0.000585489924117377
"845",844,0.000151294326266156
"846",845,0.000123826124986602
"847",846,8.34005017617575e-05
"848",847,0.000162626282607686
"849",848,0.000223026436287129
"850",849,0.000137041701503113
"851",850,0.000218584945536175
"852",851,0.000141646630741805
"853",852,0.000153820882312834
"854",853,5.01468877673492e-05
"855",854,0.000142221851642817
"856",855,8.87825689486819e-05
"857",856,0.000140522352982308
"858",857,0.000604054721078385
"859",858,0.000607703069074234
"860",859,0.000123249946352107
"861",860,0.000116661856929839
"862",861,0.000154108168130084
"863",862,0.000150253985410293
"864",863,0.000627376836303386
"865",864,0.000673565564088246
"866",865,0.000215411312981659
"867",866,0.0004899247621576
"868",867,0.000642759700342097
"869",868,0.000467689471399124
"870",869,0.000466560602140407
"871",870,0.000936145059412526
"872",871,0.000172549692886065
"873",872,0.000585977277895133
"874",873,0.000637885156764181
"875",874,0.000574497504702016
"876",875,0.000326379870970095
"877",876,0.000603942047007195
"878",877,0.000178675696637178
"879",878,0.000201023624795749
"880",879,0.000158335162431888
"881",880,0.000125390266625419
"882",881,0.000172542364609214
"883",882,0.000180987543458173
"884",883,0.000126107470997903
"885",884,0.000147852143534677
"886",885,0.000158777053480954
"887",886,0.000211709634639106
"888",887,0.00014171233878757
"889",888,0.000169921412514312
"890",889,0.000433663596227889
"891",890,9.85745209567973e-05
"892",891,7.37172563589274e-05
"893",892,0.000195875445012119
"894",893,0.000121343078090406
"895",894,0.000509425516085547
"896",895,0.000434357884414113
"897",896,0.000135913451327863
"898",897,0.000205828651355035
"899",898,0.000121089115664116
"900",899,0.000162325795386714
"901",900,0.000639198336629352
"902",901,0.000576562393738539
"903",902,0.000579183724752996
"904",903,0.000780551530957953
"905",904,0.000294431408552234
"906",905,0.000254180852351316
"907",906,0.000179501156639597
"908",907,0.000185509235898658
"909",908,0.000134607239833591
"910",909,0.000189105368968777
"911",910,0.00060759923977671
"912",911,0.000634552202553209
"913",912,0.000481290820865144
"914",913,0.00015351538345295
"915",914,0.000144966460129117
"916",915,0.000172257174547841
"917",916,0.000177803573113016
"918",917,1.53920176619894e-05
"919",918,0.000424577717527471
"920",919,0.00015346159697017
"921",920,0.000184677841885789
"922",921,0.00024157890563056
"923",922,0.000181778999409713
"924",923,0.000147463666512791
"925",924,0.000169034572746149
"926",925,0.000147703145901928
"927",926,0.000156615589383672
"928",927,0.000642663299790577
"929",928,0.000259657435211058
"930",929,0.000131875282403532
"931",930,0.000216768794861057
"932",931,0.00022389440259761
"933",932,0.000184759644848035
"934",933,0.000106741828282351
"935",934,0.000211446150059686
"936",935,0.00016183208192007
"937",936,0.000255512655372446
"938",937,0.000150921066894658
"939",938,0.000192545610896051
"940",939,0.000168216218967066
"941",940,0.000133952000088462
"942",941,0.000497707110259576
"943",942,0.000224807783612358
"944",943,0.000742293566641765
"945",944,0.000248337363963865
"946",945,0.000505900542063335
"947",946,0.00123173798123178
"948",947,0.000712747748467894
"949",948,4.39503727141972e-05
"950",949,0.000265559315296022
"951",950,0.000218167997385984
"952",951,4.690321476564e-05
"953",952,0.000620957474554785
"954",953,0.00147885516384315
"955",954,0.00152716460506465
"956",955,0.000607801018164485
"957",956,0.000846252426895049
"958",957,0.00036669639739685
"959",958,0.00028624424943975
"960",959,0.000310671611594875
"961",960,0.000193005237373783
"962",961,0.000487086897920424
"963",962,0.000466171858805983
"964",963,0.000591614710447375
"965",964,0.00052220125488037
"966",965,0.000248338275606637
"967",966,0.000220041451922092
"968",967,0.00024500735833876
"969",968,0.000535094637764697
"970",969,0.000597958940873767
"971",970,0.00040489222763356
"972",971,0.000300556842482095
"973",972,0.000235795720637058
"974",973,0.000177256089215758
"975",974,0.000495550606351208
"976",975,0.000597350758446377
"977",976,0.000555637315353929
"978",977,0.000495514320933166
"979",978,0.000465943797871498
"980",979,0.000296165805345265
"981",980,0.000370023667258563
"982",981,0.000537394701337617
"983",982,0.0001294483882464
"984",983,0.000187605142348778
"985",984,0.000225217152250911
"986",985,0.000131053390062019
"987",986,0.000141976475490186
"988",987,0.000103364866856634
"989",988,0.000188145002605545
"990",989,6.87949103538064e-05
"991",990,7.74919880968197e-05
"992",991,0.000125821020289249
"993",992,0.000190197827175482
"994",993,0.000150796747199557
"995",994,0.000380014508341264
"996",995,0.000540503245505669
"997",996,0.000475136540640966
"998",997,0.000166303555617774
"999",998,0.00014311840397109
"1000",999,0.000142822859547802
"1001",1000,0.00014438283536161
"1002",1001,0.000272911873979597
"1003",1002,0.000514856456055164
"1004",1003,0.000228672343390988
"1005",1004,0.000157996459333026
"1006",1005,0.000342361196019837
"1007",1006,0.000459453642899308
"1008",1007,0.000457270757375246
"1009",1008,0.000470881700878334
"1010",1009,0.000108680845546313
"1011",1010,0.000197044309855125
"1012",1011,0.000252012555228567
"1013",1012,0.000158587527102169
"1014",1013,0.000246350296501647
"1015",1014,0.000199624977596241
"1016",1015,0.00016223497170741
"1017",1016,0.000179450498822607
"1018",1017,0.000140856461269306
"1019",1018,0.000199158946973816
"1020",1019,0.000188854773010967
"1021",1020,0.000194185543107441
"1022",1021,0.000220950391385021
"1023",1022,0.000736935363764238
"1024",1023,0.00060286452244339
"1025",1024,0.000154800317977731
"1026",1025,0.00016212805132038
"1027",1026,0.000161376891765926
"1028",1027,0.000211064984275609
"1029",1028,0.000323124247541834
"1030",1029,0.000193130657084293
"1031",1030,0.000131371485058836
"1032",1031,0.000156362821241575
"1033",1032,0.000170481808545945
"1034",1033,0.000510702145233563
"1035",1034,0.000178334051095266
"1036",1035,0.000694371362275782
"1037",1036,0.00018484760579461
"1038",1037,0.000907653146465442
"1039",1038,0.000172208694990502
"1040",1039,0.000221733772184931
"1041",1040,9.0965085960054e-05
"1042",1041,0.000142711259512597
"1043",1042,0.000206779447744417
"1044",1043,3.67241116003264e-07
"1045",1044,0.000157007038783318
"1046",1045,3.86144787321775e-05
"1047",1046,0.000197040151017681
"1048",1047,0.000185212052720534
"1049",1048,9.73879384122867e-05
"1050",1049,0.000195331132451425
"1051",1050,0.000175128316459525
"1052",1051,0.000127604450014213
"1053",1052,0.000180535258798077
"1054",1053,0.000115445579217597
"1055",1054,0.000125577570624214
"1056",1055,9.73792200672521e-05
"1057",1056,0.000126749466432625
"1058",1057,8.91753098535001e-05
"1059",1058,5.71832257556841e-05
"1060",1059,0.000133085289771807
"1061",1060,0.000188563097625305
"1062",1061,0.000256715487354682
"1063",1062,6.9449353824136e-05
"1064",1063,0.000182372565305437
"1065",1064,0.000215086590570427
"1066",1065,0.000173125430407666
"1067",1066,0.000156622448032178
"1068",1067,0.00017968851795234
"1069",1068,0.000201655402879163
"1070",1069,0.000300768856130708
"1071",1070,0.000415113161691492
"1072",1071,0.00018759893426368
"1073",1072,0.000322055130194418
"1074",1073,0.000529269931405445
"1075",1074,0.000200130890355195
"1076",1075,0.000575281754074776
"1077",1076,0.000417099244241675
"1078",1077,0.000333905219800422
"1079",1078,0.000427083047494074
"1080",1079,0.000554897149534317
"1081",1080,0.000474642537806849
"1082",1081,0.000625184270049787
"1083",1082,0.000612286798670131
"1084",1083,0.000186672344493596
"1085",1084,0.000162285804219864
"1086",1085,0.000184263499215993
"1087",1086,0.000152213180805329
"1088",1087,0.000160564834869986
"1089",1088,0.000201701205202898
"1090",1089,0.00015541525705169
"1091",1090,0.000160431054391894
"1092",1091,0.000426859437767568
"1093",1092,0.000354033424140713
"1094",1093,5.73485044060697e-05
"1095",1094,0.000464053427792989
"1096",1095,0.000288985519687773
"1097",1096,0.000207848969588094
"1098",1097,0.000184164865410463
"1099",1098,0.000173233344820739
"1100",1099,0.000198694395057438
"1101",1100,0.000210026499491172
"1102",1101,7.51030362898225e-05
"1103",1102,0.000165107077444309
"1104",1103,0.000164489476725512
"1105",1104,0.000400108116418484
"1106",1105,0.000135563972532627
"1107",1106,0.000108526913851514
"1108",1107,0.000211857175479168
"1109",1108,0.000190109722825307
"1110",1109,0.000184567843002363
"1111",1110,0.000198951031497682
"1112",1111,0.000215039761615136
"1113",1112,0.00017921740456813
"1114",1113,0.000665323537229825
"1115",1114,0.000195827888953269
"1116",1115,0.000133812705857412
"1117",1116,0.000156203100919615
"1118",1117,0.00017105054448216
"1119",1118,2.53698055439272e-05
"1120",1119,0.000186003403723203
"1121",1120,7.44568752708114e-05
"1122",1121,0.000180875833923273
"1123",1122,0.000179768773346741
"1124",1123,0.000175923954637304
"1125",1124,0.000208223756427315
"1126",1125,0.000359728549078599
"1127",1126,0.000197021158904873
"1128",1127,0.000146545224256834
"1129",1128,0.000252360426743306
"1130",1129,0.000180038248389182
"1131",1130,0.00013288611591854
"1132",1131,5.47771160935669e-05
"1133",1132,0.000216239875597997
"1134",1133,0.000190406561373831
"1135",1134,0.000234996011675845
"1136",1135,0.000254442933035638
"1137",1136,0.000158002179702013
"1138",1137,0.000185918357517116
"1139",1138,0.000184808988358788
"1140",1139,0.000240032739551177
"1141",1140,0.000161888201821943
"1142",1141,0.000157302132639865
"1143",1142,0.000175781597859051
"1144",1143,0.000199067770316538
"1145",1144,0.000268513092070768
"1146",1145,0.000199766696827729
"1147",1146,7.0522138433057e-05
"1148",1147,0.000164763591362037
"1149",1148,0.000335896692209394
"1150",1149,6.73726433308691e-05
"1151",1150,0.00111504093263311
"1152",1151,0.000195945840688903
"1153",1152,0.000277462425001908
"1154",1153,0.000166468388306509
"1155",1154,0.000165058663386055
"1156",1155,0.000212207510976318
"1157",1156,0.000178521718614121
"1158",1157,0.000176939603716385
"1159",1158,0.000114691566558946
"1160",1159,0.000739957544019803
"1161",1161,0.00015826651130787
"1162",1162,0.000186423099943489
"1163",1163,0.000194144330950618
"1164",1164,0.000182706246215152
"1165",1165,0.000200307426838603
"1166",1166,3.59363753668619e-05
"1167",1167,0.000221576019363086
"1168",1168,0.000323223999225356
"1169",1169,0.000192559355638636
"1170",1170,0.000161943099290158
"1171",1171,0.000220388186613681
"1172",1172,0.000184181887729791
"1173",1173,0.000150492108165712
"1174",1174,0.00029028766190922
"1175",1175,0.000159551513659869
"1176",1176,0.000291787337793132
"1177",1177,0.000203153434692462
"1178",1178,0.00024961455619979
"1179",1179,3.21456949612008e-05
"1180",1180,0.000225664060805505
"1181",1181,0.000216663946474512
"1182",1182,0.000229726066460507
"1183",1183,0.000444466068490434
"1184",1184,0.000131983475620418
"1185",1185,0.000302631135963619
"1186",1186,0.000237772557930212
"1187",1187,0.000194650931123674
"1188",1188,0.000282154072733701
"1189",1189,0.000203780270653033
"1190",1190,4.69361683515937e-05
"1191",1191,0.000843067255579518
"1192",1192,0.000744830426222338
"1193",1193,0.00024874981764191
"1194",1194,0.000202100655357532
"1195",1195,0.000220798193360159
"1196",1196,0.000120654651175796
"1197",1197,0.000513838781868961
"1198",1198,0.000113386022110835
"1199",1199,0.000143044058296884
"1200",1200,0.000235183976711206
"1201",1201,0.000113752176090314
"1202",1202,0.000148326168691144
"1203",1203,0.00018635573414734
"1204",1204,0.000152650592855862
"1205",1205,0.000175147661559168
"1206",1206,0.000187185359750202
"1207",1207,0.000161047599488494
"1208",1208,0.000229094522656639
"1209",1209,0.000248816488235966
"1210",1210,3.7355317689824e-05
"1211",1211,0.000148920979881583
"1212",1212,0.000194976640459064
"1213",1213,0.000108445481562437
"1214",1214,0.000240171457424224
"1215",1215,0.000269579834556578
"1216",1216,0.00024759019311125
"1217",1217,0.000746153756134096
"1218",1218,0.000626489000058788
"1219",1219,0.000391798339180535
"1220",1220,0.000152257325315127
"1221",1221,0.000103728680782423
"1222",1222,0.000296840716867854
"1223",1223,0.00118856866903728
"1224",1224,0.000272969346848962
"1225",1225,0.000255405257339644
"1226",1226,0.000196046426870031
"1227",1227,0.000102820113752346
"1228",1228,0.000207815317780978
"1229",1229,0.000401598168892779
"1230",1230,0.000173256736469862
"1231",1231,0.000176118989843202
"1232",1232,0.000179768029701984
"1233",1233,0.000151171166749788
"1234",1234,0.000125403898820587
"1235",1235,0.000187259573114263
"1236",1236,0.000279141464770723
"1237",1237,0.000318191910104508
"1238",1238,0.000248841235877774
"1239",1239,0.00018169313277167
"1240",1240,0.000218514434051712
"1241",1241,0.000217154353553166
"1242",1242,0.000162417363396104
"1243",1243,1.23266662140581e-05
"1244",1244,0.000168373592597656
"1245",1245,6.43093161472371e-05
"1246",1246,0.00015677542396364
"1247",1247,0.000180789036394978
"1248",1248,0.000164582777597983
"1249",1249,0.000160478735478262
"1250",1250,0.000458153830298886
"1251",1251,0.000776021601519527
"1252",1252,0.000191190982655163
"1253",1253,0.000135496039730598
"1254",1254,0.00021374035909082
"1255",1255,0.000195965321276824
"1256",1256,0.000234562131647092
"1257",1257,0.000209255401564608
"1258",1258,0.000188285924923192
"1259",1259,0.000169923208954252
"1260",1260,6.59286814198292e-05
"1261",1261,0.000172055996855351
"1262",1262,5.90069018243626e-05
"1263",1263,0.00016129053902294
"1264",1264,0.00018007667082163
"1265",1265,0.000275494421129433
"1266",1266,0.000171018849870792
"1267",1267,0.000166254567667653
"1268",1268,0.000230015390254312
"1269",1269,0.000594083862046629
"1270",1270,0.000241618992927817
"1271",1271,0.000128726052004938
"1272",1272,0.000209841205780879
"1273",1273,0.000163451643076321
"1274",1274,0.000733992967154119
"1275",1275,2.06066248826638e-05
"1276",1276,0.000173270226366867
"1277",1277,0.000151754233550433
"1278",1278,0.000103489683278776
"1279",1279,0.000264949298087614
"1280",1280,0.000115246959851856
"1281",1281,9.58478372027138e-05
"1282",1282,0.000203604981897648
"1283",1283,8.59621169342578e-05
"1284",1284,0.000497557745839722
"1285",1285,0.000149698822229796
"1286",1286,0.000173172440922313
"1287",1287,0.000243472442603156
"1288",1288,0.000263517117081116
"1289",1289,0.000180594013678541
"1290",1290,0.000351119344147189
"1291",1291,0.000186981192999847
"1292",1292,0.000127660840991298
"1293",1293,0.000455766523448413
"1294",1294,0.000586965670550797
"1295",1295,0.000207608039736806
"1296",1296,0.000684187311384601
"1297",1297,0.000416331244868246
"1298",1298,0.000481517396024137
"1299",1299,0.000240342575492935
"1300",1300,0.000153644298709011
"1301",1301,0.00014403330022058
"1302",1302,0.000207108274088489
"1303",1303,0.000196165127127736
"1304",1304,3.11828820962404e-05
"1305",1305,0.000147339535448018
"1306",1306,0.000180083477587741
"1307",1307,0.000165544013701885
"1308",1308,0.000118168889366646
"1309",1309,0.000163631917318659
"1310",1310,0.000667962027548527
"1311",1311,0.000386645689844399
"1312",1312,0.000534651084376163
"1313",1313,0.000172594054623668
"1314",1314,0.000223391000633722
"1315",1315,0.000200161726393839
"1316",1316,0.000189818646657364
"1317",1317,0.00031859633708409
"1318",1318,0.000225993902769207
"1319",1319,0.000328063657202783
"1320",1320,0.000232502466951506
"1321",1321,0.000230692505692736
"1322",1322,0.000242015391064961
"1323",1323,0.000223760986355321
"1324",1324,0.000219258177527464
"1325",1325,0.000223260245769816
"1326",1326,0.000223886156847389
"1327",1327,0.000261724822082681
"1328",1328,0.000233562318564435
"1329",1329,0.000296245034299983
"1330",1330,0.000289467203225906
"1331",1331,0.000276933812464914
"1332",1332,0.000264096700151551
"1333",1333,0.00106099666213717
"1334",1334,0.000225087716409961
"1335",1335,0.000252237088804875
"1336",1336,0.00033343948087957
"1337",1337,0.000273716813163038
"1338",1338,0.000228247149806408
"1339",1339,0.000245553445623284
"1340",1340,0.000291908730363957
"1341",1341,0.000228234197588915
"1342",1342,0.00027342819359785
"1343",1343,0.000286215511441072
"1344",1344,0.000212367447531408
"1345",1345,7.52325468542962e-05
"1346",1346,0.00021714270226092
"1347",1347,0.000267413516844114
"1348",1348,0.000169136285052934
"1349",1349,0.000100071990857503
"1350",1350,0.000221942738309474
"1351",1351,0.000237140390963165
"1352",1352,0.000257294029122499
"1353",1353,0.000251458637618704
"1354",1354,0.000294376162070591
"1355",1355,0.000200491875733327
"1356",1356,0.00018184444802431
"1357",1357,0.000220434806668937
"1358",1358,0.000205760984806518
"1359",1359,0.000171799458745735
"1360",1360,0.000144434588895949
"1361",1361,0.000169322201807277
"1362",1362,0.00051536372744919
"1363",1363,0.000642011188008706
"1364",1364,0.000197881680679996
"1365",1365,0.00016349992746871
"1366",1366,0.000175710234391076
"1367",1367,0.000221148365566631
"1368",1368,0.000731284823530134
"1369",1369,0.000118021009165231
"1370",1370,0.000200026159561369
"1371",1371,0.000189825653931419
"1372",1372,0.000110297512006458
"1373",1373,0.000391895834342892
"1374",1374,0.000527956469829946
"1375",1375,0.000545677182179395
"1376",1376,0.000180846547694554
"1377",1377,0.000176948042577632
"1378",1378,0.000295770245985789
"1379",1379,0.000139714557205183
"1380",1380,0.000504780917347567
"1381",1381,0.000563398594085014
"1382",1382,0.00023557399355914
"1383",1383,0.000393956762048788
"1384",1384,0.000455011191986884
"1385",1385,0.000683103622726881
"1386",1386,8.52762282817453e-05
"1387",1387,5.53738080986553e-05
"1388",1388,9.45620785507325e-05
"1389",1389,0.00023557098990672
"1390",1390,0.00014653205242947
"1391",1391,0.000263402108761569
"1392",1392,0.00040345513805534
"1393",1393,0.000159575154210355
"1394",1394,0.000148166326977361
"1395",1395,6.04728898295543e-05
"1396",1396,3.4909863918044e-05
"1397",1397,0.000218924862386734
"1398",1398,0.000300645118441876
"1399",1399,0.000270459856239955
"1400",1400,0.000526437585828366
"1401",1401,0.0004032184528771
"1402",1402,0.000286960297532526
"1403",1403,0.000264750516991348
"1404",1404,0.000333905774233046
"1405",1405,0.000193004723213501
"1406",1406,0.000754907138116655
"1407",1407,0.000333775190413312
"1408",1408,0.000290972126378906
"1409",1409,0.000258713002899338
"1410",1410,0.000241896249814006
"1411",1411,0.000540225671176403
"1412",1412,0.000157698306695736
"1413",1413,0.00019412858602687
"1414",1414,0.000236701242630307
"1415",1415,0.000147065555883815
"1416",1416,0.000576944764809568
"1417",1417,0.000348545966205479
"1418",1418,0.000317785987867642
"1419",1419,0.000169392219159546
"1420",1420,0.000355525728218811
"1421",1421,0.000203506268734982
"1422",1422,0.00020710586575091
"1423",1423,0.000107523521233702
"1424",1424,0.000187755522805058
"1425",1425,0.000122825549165019
"1426",1426,0.000165364420651487
"1427",1427,0.000301195218279159
"1428",1428,0.000172254024929636
"1429",1429,8.72986105700344e-05
"1430",1430,0.000193245586906563
"1431",1431,0.000351625894435494
"1432",1432,0.000148939908160339
"1433",1433,0.0002756105495737
"1434",1434,0.00020912948740072
"1435",1435,0.000349311635868395
"1436",1436,0.000326463726446431
"1437",1437,0.000168292425497221
"1438",1438,0.000626783774380918
"1439",1439,0.000669661802123435
"1440",1440,0.00062911707591456
"1441",1441,0.000260202812364948
"1442",1442,0.000311151110383807
"1443",1443,0.000310293769794891
"1444",1444,0.00129917345882888
"1445",1445,0.00118107341910087
"1446",1446,0.000319983092786607
"1447",1447,0.000175210406310946
"1448",1448,0.000521119749256986
"1449",1449,0.000588839656065486
"1450",1450,0.000137821825869056
"1451",1451,0.000264641372848887
"1452",1452,0.000141890747099627
"1453",1453,0.000124182510240189
"1454",1454,7.87348929413182e-05
"1455",1455,9.31366025750693e-05
"1456",1456,0.000133953316695327
"1457",1457,0.000139699620768492
"1458",1458,0.000708513389608698
"1459",1459,1.58587570100662e-05
"1460",1460,0.000177815426033403
"1461",1461,0.000558083891108499
"1462",1462,0.00035176956876828
"1463",1463,0.00044410203585704
"1464",1464,0.000357474041217382
"1465",1465,0.000496535489367006
"1466",1466,0.000893972721554769
"1467",1467,0.000284166562727627
"1468",1468,0.000495992991416644
"1469",1469,0.000340681865535765
"1470",1470,0.000434170226675345
"1471",1471,0.000593824910134499
"1472",1472,0.00070889724635315
"1473",1473,0.000707084971255789
"1474",1474,0.000210618685393361
"1475",1475,0.000180267821341828
"1476",1476,0.000211032799154723
"1477",1477,0.000224746755643898
"1478",1478,2.18239265806209e-05
"1479",1479,0.000180828223845012
"1480",1480,0.000191701475169657
"1481",1481,9.21563188214742e-06
"1482",1482,0.000185430903080867
"1483",1483,0.000181987516875579
"1484",1484,9.29235610902705e-05
"1485",1485,0.000159224910625552
"1486",1486,0.000736448307859344
"1487",1487,0.000120560580125077
"1488",1488,0.000168179387502132
"1489",1489,0.000185972936186738
"1490",1490,0.000134095766679387
"1491",1491,0.000548147452245097
"1492",1492,0.000692357056514844
"1493",1493,0.000188104563671842
"1494",1494,0.000187543501600447
"1495",1495,0.000157391040957184
"1496",1496,0.000225026014439323
"1497",1497,0.000184583135943715
"1498",1498,0.000211182281820721
"1499",1499,0.000200240079329743
"1500",1500,0.000150222981126052
"1501",1501,0.000104542479993059
"1502",1502,0.000152195636307063
"1503",1503,0.000140248810472915
"1504",1504,0.000173972337800812
"1505",1505,0.000159469157864903
"1506",1506,0.000151477935074793
"1507",1507,0.00018769656433744
"1508",1508,0.000774506915175068
"1509",1509,0.000755636328294812
"1510",1510,0.000435757412849487
"1511",1511,0.000550492975377734
"1512",1512,0.000611280970196769
"1513",1513,0.00050567962274463
"1514",1514,0.000449674988711411
"1515",1515,0.000756715904525718
"1516",1516,0.000215673806024239
"1517",1517,4.19209084911916e-05
"1518",1518,0.000144037412188504
"1519",1519,0.000115678314113339
"1520",1520,8.18537387019429e-05
"1521",1521,3.68857880409487e-06
"1522",1522,0.000184977208835541
"1523",1523,0.000184180741516834
"1524",1524,0.000398145408803469
"1525",1525,0.000425621280687214
"1526",1526,0.0004144561852448
"1527",1527,0.000139961148375469
"1528",1528,0.000198819405450975
"1529",1529,0.000163387435541347
"1530",1530,8.93586059427406e-05
"1531",1531,0.000510275963858661
"1532",1532,0.000359621070554236
"1533",1533,4.5980467516768e-05
"1534",1534,0.000199432198348367
"1535",1535,0.000111708045843829
"1536",1536,9.48488451263824e-05
"1537",1537,0.000124190494949015
"1538",1538,0.000125797540168635
"1539",1539,0.000152312469236939
"1540",1540,0.000187585960141718
"1541",1541,3.30247470257962e-05
"1542",1542,8.16307238217193e-05
"1543",1543,0.000118114226627848
"1544",1544,0.000149184753421839
"1545",1545,3.5620329906154e-05
"1546",1546,0.000149739852872016
"1547",1547,5.78881355206679e-06
"1548",1548,0.000137611907854713
"1549",1549,0.000419484778553066
"1550",1550,8.94498288798892e-05
"1551",1551,1.50399530341058e-05
"1552",1552,0.00114967471789487
"1553",1553,3.63856432433517e-05
"1554",1554,0.000504387350493353
"1555",1555,0.000482057726575112
"1556",1556,0.000190506272853399
"1557",1557,0.000131751354341942
"1558",1558,0.000150813566506412
"1559",1559,0.000108896764216185
"1560",1560,0.00108087154265881
"1561",1561,0.00089879512204269
"1562",1562,0.000399002444924893
"1563",1563,0.000557313939715855
"1564",1564,0.000141789104271194
"1565",1565,0.000612638509851497
"1566",1566,0.000642157805089671
"1567",1567,0.000674468905294412
"1568",1568,0.000591356673343606
"1569",1569,0.000743456436124589
"1570",1570,0.00183099260081171
"1571",1571,0.00118671566245094
"1572",1572,0.00193047219980479
"1573",1573,0.000251870413145523
"1574",1574,0.000522776957960861
"1575",1575,0.000482916474171601
"1576",1576,0.000302403837198161
"1577",1577,0.000364570272131513
"1578",1578,0.000462158851303509
"1579",1579,0.000558615758183361
"1580",1580,0.000425153373898738
"1581",1581,0.000482202677452946
"1582",1582,0.000179009402958864
"1583",1583,0.000149687574615928
"1584",1584,7.79732797802039e-05
"1585",1585,0.000148146815050707
"1586",1586,0.000142372120863083
"1587",1587,0.000168150267601286
"1588",1588,0.000159263549057148
"1589",1589,0.000181872934362785
"1590",1590,0.000193733317528361
"1591",1591,0.000523251031147993
"1592",1592,0.000128916253135894
"1593",1593,0.000428027648132174
"1594",1594,0.000360465512800145
"1595",1595,0.000470556331119034
"1596",1596,0.00010488163356388
"1597",1597,0.000212956656822548
"1598",1598,0.000451781361356488
"1599",1599,0.00026931460640015
"1600",1600,0.000342043678216851
"1601",1601,0.000508268815553456
"1602",1602,0.000206440905044891
"1603",1603,0.000310998772446122
"1604",1604,0.00036660762774498
"1605",1605,0.000401942938559127
"1606",1606,0.000323017811822846
"1607",1607,0.000137304988768072
"1608",1608,8.0223705646252e-05
"1609",1609,0.000180728000833541
"1610",1610,0.000126668008103539
"1611",1611,8.67481122470917e-05
"1612",1612,0.000481784374969812
"1613",1613,0.000376285720789621
"1614",1614,0.000457390268105612
"1615",1615,0.000485223642529076
"1616",1616,0.000441232344320191
"1617",1617,0.000154003794522053
"1618",1618,1.53843105762623e-05
"1619",1619,0.000586669370703688
"1620",1620,0.000551423737650996
"1621",1621,0.000365298034333118
"1622",1622,0.00032484709041055
"1623",1623,0.000477684381909645
"1624",1624,0.000486541097112895
"1625",1625,0.0003917347546013
"1626",1626,0.000703624708684675
"1627",1627,0.000737924670192941
"1628",1628,0.000142799768488897
"1629",1629,9.10629436543595e-05
"1630",1630,0.000139197117578549
"1631",1631,9.01295685617915e-05
"1632",1632,0.000489139730731918
"1633",1633,0.000473237746155361
"1634",1634,0.000425928713857976
"1635",1635,0.000523556115167711
"1636",1636,0.000155350222477386
"1637",1637,0.000417360048354928
"1638",1638,0.000402653400104437
"1639",1639,0.000667126707347684
"1640",1640,0.000584961082026643
"1641",1641,0.000569020651815451
"1642",1642,0.000406761784169665
"1643",1643,0.000283686239601264
"1644",1644,0.000396041096238447
"1645",1645,0.000211914101220102
"1646",1646,0.000427183243248376
"1647",1647,0.000235271003208175
"1648",1648,0.000444242336576851
"1649",1649,0.000458997875869401
"1650",1650,0.000464953789202195
"1651",1651,0.000199413407928968
"1652",1652,0.00013316302164942
"1653",1653,6.91049270655419e-05
"1654",1654,0.000486494046060687
"1655",1655,0.000244622898857137
"1656",1656,5.6975513764748e-06
"1657",1657,0.000639681399757848
"1658",1658,0.000382964190155812
"1659",1659,0.00016132080568577
"1660",1660,0.000425492876575972
"1661",1661,0.000578780959375933
"1662",1662,0.000321538939452641
"1663",1663,0.000424490815167459
"1664",1664,0.000393470009599469
"1665",1665,0.000631613259433437
"1666",1666,0.000466902674674434
"1667",1667,0.000651677529701024
"1668",1668,0.000794532837248361
"1669",1669,0.000424889424882406
"1670",1670,0.000536767618726007
"1671",1671,0.000304970858566484
"1672",1672,0.000470665911650907
"1673",1673,0.000973619563648501
"1674",1674,0.000274817883401335
"1675",1675,0.00027851920882497
"1676",1676,0.000325394544417389
"1677",1677,0.000459719086541861
"1678",1678,0.000368945860764996
"1679",1679,0.000223655902951561
"1680",1680,0.00036167668353057
"1681",1681,0.00046254368333616
"1682",1682,0.000213578777576398
"1683",1683,0.000181309915772883
"1684",1684,1.65686551156244e-05
"1685",1685,3.63123899325503e-05
"1686",1686,0.000461634522693723
"1687",1687,0.000208681169574167
"1688",1688,0.000402452839057107
"1689",1689,0.000255015172393046
"1690",1690,0.000383576177239937
"1691",1691,8.40774567514165e-05
"1692",1692,5.92710717560466e-05
"1693",1693,0.000103300734940457
"1694",1694,0.000111440948653274
"1695",1695,0.000465085502467569
"1696",1696,0.000521184845173011
"1697",1697,0.000491975666130518
"1698",1698,0.00062768787874677
"1699",1699,0.000224544664429832
"1700",1700,0.000485832674451996
"1701",1701,0.000228248545067661
"1702",1702,0.00019361738761256
"1703",1703,6.83309592728981e-05
"1704",1704,0.000241342899881958
"1705",1705,0.000444440047399411
"1706",1706,0.000435250375896272
"1707",1707,0.000109364037108103
"1708",1708,0.000130365961791836
"1709",1709,0.000141326491425561
"1710",1710,9.47551284794042e-05
"1711",1711,0.000132732813539619
"1712",1712,0.000132712453627118
"1713",1713,0.000134176789054569
"1714",1714,0.000111390410466535
"1715",1715,0.000135000263976171
"1716",1716,0.000138782979429263
"1717",1717,0.000130860054788077
"1718",1718,6.83132867322413e-05
"1719",1719,0.000380160987876201
"1720",1720,0.000144923845023846
"1721",1721,0.000536918016965412
"1722",1722,0.000482469625317361
"1723",1723,0.000184887930846567
"1724",1724,0.000213620243930239
"1725",1725,4.37729591692294e-05
"1726",1726,0.00020040739013581
"1727",1727,0.00103391951751546
"1728",1728,0.000992473386093814
"1729",1729,0.00112979935550767
"1730",1730,0.00127877633959092
"1731",1731,0.000453945958890315
"1732",1732,0.000286399251320397
"1733",1733,4.1214819106079e-05
"1734",1734,3.0289478844047e-06
"1735",1735,0.000595390419953816
"1736",1736,0.00114551296121379
"1737",1737,0.00114317451671873
"1738",1738,0.000485951028180459
"1739",1739,0.000730688535382549
"1740",1740,0.00161831302414476
"1741",1741,0.00105527983730825
"1742",1742,0.00108071452446955
"1743",1743,0.000989041345869176
"1744",1744,0.000934620240611416
"1745",1745,0.000143612541739256
"1746",1746,0.000433325533306224
"1747",1747,0.000373748590609902
"1748",1748,0.00048969900151222
"1749",1749,0.000847063154047376
"1750",1750,0.000261061739613187
"1751",1751,0.000624092053009362
"1752",1752,0.000673177277715573
"1753",1753,0.000282798296256894
"1754",1754,0.00114269717320759
"1755",1755,0.000640064090331342
"1756",1756,0.000304217882392209
"1757",1757,0.000617026261646742
"1758",1758,0.000460143372452032
"1759",1759,0.00059152323552488
"1760",1760,0.000444255141029276
"1761",1761,0.000501000336954004
"1762",1762,0.000521606171496006
"1763",1763,0.000156201888323278
"1764",1764,0.000149903166511078
"1765",1765,0.00012441706679511
"1766",1766,0.000125075115945165
"1767",1767,0.000254122445324727
"1768",1768,0.000376191534809595
"1769",1769,0.000278428276818945
"1770",1770,0.000179192582320745
"1771",1771,0.000105766108102906
"1772",1772,0.000110809228548831
"1773",1773,0.000132781405553513
"1774",1774,0.00029934976791523
"1775",1775,0.000557490725771206
"1776",1776,0.000435417769693908
"1777",1777,0.00015475277272006
"1778",1778,8.54525281775693e-05
"1779",1779,0.000195123472822348
"1780",1780,6.86018964339674e-05
"1781",1781,0.000604889592542899
"1782",1782,0.000791546046556529
"1783",1783,0.000187425257431444
"1784",1784,0.000172171605159874
"1785",1785,0.000123393342059025
"1786",1786,0.000169153668016237
"1787",1787,0.000231269119367234
"1788",1788,0.000121584350512354
"1789",1789,0.00013008972449517
"1790",1790,0.000281876791416579
"1791",1791,0.00013581023832613
"1792",1792,0.000126831245317481
"1793",1793,0.000117190411821075
"1794",1794,8.11002709642039e-05
"1795",1795,0.000194756301821172
"1796",1796,0.000126558724700071
"1797",1797,0.000119055847053795
"1798",1798,0.000142200363174613
"1799",1799,0.000488642829841335
"1800",1800,0.000467457136193283
"1801",1801,0.000430527705403637
"1802",1802,0.000114858839709363
"1803",1803,8.57716899875279e-05
"1804",1804,0.000104999981156315
"1805",1805,0.00010145062820005
"1806",1806,0.000423628460817765
"1807",1807,0.000517570234011221
"1808",1808,0.000432687802154916
"1809",1809,0.000389662669563233
"1810",1810,0.000263524941667563
"1811",1811,0.000370270899176881
"1812",1812,0.000926493589996529
"1813",1813,0.000284054291626912
"1814",1814,0.000928904051684852
"1815",1815,0.000179906280730582
"1816",1816,0.00030245141204448
"1817",1817,0.00181111786024816
"1818",1818,0.000307168607162135
"1819",1819,0.000487791873935846
"1820",1820,0.000441107355732945
"1821",1821,0.000869956034583616
"1822",1822,0.000502521705032869
"1823",1823,0.000480619749358621
"1824",1824,0.000167062851397752
"1825",1825,0.000473857160686981
"1826",1826,0.000501949296822492
"1827",1827,0.000535671706103379
"1828",1828,0.000611675592091015
"1829",1829,0.000157435899377818
"1830",1830,0.000125475436290183
"1831",1831,0.000125890141764824
"1832",1832,0.000145657959148868
"1833",1833,0.000343672103721266
"1834",1834,0.00034891799211888
"1835",1835,0.000161485003071344
"1836",1836,0.000139204670673361
"1837",1837,0.000181161544376493
"1838",1838,7.098365169897e-05
"1839",1839,0.000474367061803455
"1840",1840,0.000424429735638422
"1841",1841,0.000272186158502011
"1842",1842,0.000872535003004911
"1843",1843,0.000782648292101121
"1844",1844,0.000173795361874246
"1845",1845,0.000182939923919409
"1846",1846,0.000344163068533889
"1847",1847,0.000381219067315619
"1848",1848,0.000823821206252821
"1849",1849,0.000774165022839634
"1850",1850,0.000396876963753486
"1851",1851,0.000608028468387561
"1852",1852,0.000500839365124064
"1853",1853,0.000236002088750429
"1854",1854,0.000717962312282729
"1855",1855,0.000282441445974806
"1856",1856,0.000694646599689039
"1857",1857,0.000368895404872092
"1858",1858,0.000455493909352521
"1859",1859,0.000173570763020757
"1860",1860,0.000201529218294247
"1861",1861,0.000125044450996404
"1862",1862,0.000200603160659634
"1863",1863,0.000425411050254838
"1864",1864,0.000150708609609981
"1865",1865,0.000132063605553103
"1866",1866,0.000112288765872124
"1867",1867,0.000146436829880422
"1868",1868,0.000525705709676172
"1869",1869,0.000391396706267434
"1870",1870,0.00021280864301254
"1871",1871,0.000132429768005611
"1872",1872,0.000146549812797308
"1873",1873,0.000186689381250778
"1874",1874,9.93397926953243e-05
"1875",1875,0.000331289615616176
"1876",1876,0.000426233393288078
"1877",1877,0.000126161247485743
"1878",1878,0.000175835839938815
"1879",1879,7.13144984009715e-05
"1880",1880,0.000136735635176871
"1881",1881,0.000355352381772631
"1882",1882,0.000430689185376246
"1883",1883,0.000195996388217481
"1884",1884,0.000164332710277733
"1885",1885,0.000157233708236211
"1886",1886,0.00014031348965051
"1887",1887,0.000539831769501696
"1888",1888,0.000536490682048503
"1889",1889,5.61715207321416e-05
"1890",1890,0.000158403530477224
"1891",1891,0.000180008751748608
"1892",1892,9.82507455000583e-05
"1893",1893,0.000151150243521715
"1894",1894,0.000150340667689051
"1895",1895,0.000153345670190462
"1896",1896,0.000133758255859185
"1897",1897,0.000411127283476183
"1898",1898,9.82199635485955e-05
"1899",1899,0.000125423584008599
"1900",1900,0.000101809410449921
"1901",1901,0.000101379499352287
"1902",1902,0.000351751653448775
"1903",1903,0.000753882057149506
"1904",1904,0.000601205262610632
"1905",1905,0.000251273997137291
"1906",1906,0.000101211902487968
"1907",1907,0.000481539895572667
"1908",1908,0.000368878053202238
"1909",1909,0.000363067835357902
"1910",1910,4.20634179018116e-05
"1911",1911,0.000271017367122151
"1912",1912,0.000285101308111552
"1913",1913,0.000391986877697901
"1914",1914,0.000475108052290181
"1915",1915,0.000120331235625825
"1916",1916,0.00016219002262334
"1917",1917,0.00010413042039452
"1918",1918,7.66915663826865e-05
"1919",1919,0.000503535938682973
"1920",1920,0.000223340470937476
"1921",1921,0.000119686559709701
"1922",1922,0.000129954074608115
"1923",1923,0.00010427595753009
"1924",1924,0.000133264849303968
"1925",1925,0.000135589989563968
"1926",1926,7.89547124732711e-05
"1927",1927,0.000108377451274759
"1928",1928,0.000105034872487606
"1929",1929,0.000251297122590393
"1930",1930,0.000254930817662153
"1931",1931,0.000560261136627589
"1932",1932,0.000402128031232366
"1933",1933,0.000557150336767553
"1934",1934,0.000538104057459571
"1935",1935,0.000407794042237768
"1936",1936,0.000519490735965852
"1937",1937,0.0004205165636581
"1938",1938,0.000491467664355921
"1939",1939,0.000359358105733989
"1940",1940,0.000269983270810553
"1941",1941,0.000494033300547077
"1942",1942,0.000554422127756601
"1943",1943,0.000410024346075831
"1944",1944,0.00043693259862366
"1945",1945,0.000509481117345897
"1946",1946,0.000445083463141034
"1947",1947,0.00054368643530886
"1948",1948,0.000568934763404442
"1949",1949,0.000971153460378523
"1950",1950,0.000485111817382617
"1951",1951,0.000148315627982411
"1952",1952,0.000345628537279739
"1953",1953,0.000457566397570972
"1954",1954,0.000375743507636539
"1955",1955,0.000399927919231504
"1956",1956,0.000599928165543495
"1957",1957,0.00135389067350327
"1958",1958,0.00110340766090116
"1959",1959,0.000390248946594715
"1960",1960,0.000430453501798072
"1961",1961,0.000525519231193065
"1962",1962,0.000597776184618432
"1963",1963,0.00128318904459213
"1964",1964,0.000187289618783858
"1965",1965,0.000252702592141521
"1966",1966,0.000345003044991617
"1967",1967,0.000514545334330573
"1968",1968,0.000577342031725909
"1969",1969,0.000134409922843778
"1970",1970,0.000364222053225125
"1971",1971,0.000129496257514237
"1972",1972,0.000132305244538496
"1973",1973,0.00013981828942408
"1974",1974,0.000143798740561899
"1975",1975,0.000253570899229624
"1976",1976,0.000265838167441987
"1977",1977,0.000287433165641764
"1978",1978,0.0004959684676934
"1979",1979,0.000548181337419564
"1980",1980,0.000162961698800952
"1981",1981,0.000256249685036766
"1982",1982,0.00011315934536944
"1983",1983,0.000157818518972397
"1984",1984,0.000200308009282178
"1985",1985,8.6787105225567e-05
"1986",1986,0.000171652214727991
"1987",1987,0.000143058530407376
"1988",1988,0.00038099643952766
"1989",1989,0.000934116452548077
"1990",1990,0.000346734840645447
"1991",1991,0.000716569392419096
"1992",1992,0.00068294379740426
"1993",1993,0.000833866691748396
"1994",1994,0.000465249829189034
"1995",1995,0.000167948901200491
"1996",1996,0.000159235748890586
"1997",1997,0.000154047802655894
"1998",1998,0.000114155531145984
"1999",1999,3.55216613747532e-05
"2000",2000,0.000133863648844766
"2001",2001,0.000157511566791172
"2002",2002,0.00022017133396519
"2003",2003,0.000305045081793856
"2004",2004,0.000545823094078795
"2005",2005,0.000657838375663964
"2006",2006,0.000480114180872595
"2007",2007,0.000145688929065088
"2008",2008,0.00012672495514911
"2009",2009,0.000189875970686405
"2010",2010,0.000246363280138971
"2011",2011,0.000207509061597454
"2012",2012,0.000157036980221426
"2013",2013,0.00014907879778366
"2014",2014,0.000136251973881424
"2015",2015,0.000379333904036009
"2016",2016,0.000506451745698695
"2017",2017,0.000538397104075347
"2018",2018,0.000518347966638727
"2019",2019,0.000682834122965031
"2020",2020,0.000573674277875197
"2021",2021,0.000419944980706249
"2022",2022,0.000470283051243785
"2023",2023,0.000546493226312468
"2024",2024,0.00044383591020733
"2025",2025,0.000577341892693916
"2026",2026,0.000518585839978937
"2027",2027,0.000545552682151104
"2028",2028,0.000496787483863532
"2029",2029,0.000126182768641015
"2030",2030,0.000105091886898179
"2031",2031,0.000171028520015448
"2032",2032,8.12402319109889e-05
"2033",2033,0.000459555518892064
"2034",2034,0.000538267675825816
"2035",2035,0.000380683507575708
"2036",2036,0.000695096404826798
"2037",2037,0.000122893864662014
"2038",2038,0.000176775546789352
"2039",2039,0.000143862281958461
"2040",2040,0.000197312908253194
"2041",2041,0.000320953705106895
"2042",2042,0.000398499453133463
"2043",2043,0.000280553948110776
"2044",2044,0.000215065359694685
"2045",2045,0.000484788627053413
"2046",2046,0.000365352773087221
"2047",2047,0.000468626564319311
"2048",2048,0.000377173328027167
"2049",2049,0.000229254668661094
"2050",2050,0.000235346428926215
"2051",2051,0.000364080182039227
"2052",2052,0.000154210065093896
"2053",2053,0.000104892514186445
"2054",2054,0.000156744473378608
"2055",2055,0.000157133154850494
"2056",2056,0.000526598078065729
"2057",2057,0.000597179082010023
"2058",2058,0.000409817273303773
"2059",2059,0.000592926349555262
"2060",2060,0.000386965077436518
"2061",2061,0.000692582557763516
"2062",2062,0.000529269041794988
"2063",2063,0.000570444842559775
"2064",2064,0.000592285576180379
"2065",2065,0.000603804962304574
"2066",2066,0.000388550395668707
"2067",2067,0.000454804000762646
"2068",2068,0.000167798398044863
"2069",2069,0.000115190124705796
"2070",2070,0.000121606655077947
"2071",2071,0.000118568915188615
"2072",2072,0.000497137704327306
"2073",2073,0.000155474317592645
"2074",2074,0.000137638526474074
"2075",2075,0.000137235420231794
"2076",2076,3.45406516949929e-05
"2077",2077,0.000531643097949263
"2078",2078,0.000538711634262154
"2079",2079,0.000496168527256517
"2080",2080,0.00015984593498662
"2081",2081,0.000139583730891297
"2082",2082,0.000112637082973212
"2083",2083,9.05355932969471e-05
"2084",2084,0.000487589425967097
"2085",2085,0.000143528909292322
"2086",2086,0.00010845575614906
"2087",2087,0.000150914912523343
"2088",2088,9.18991165576099e-05
"2089",2089,0.000501072745484648
"2090",2090,9.12687600712404e-05
"2091",2091,0.000165402949656879
"2092",2092,0.00011458380914826
"2093",2093,2.67225767537381e-05
"2094",2094,0.000146708517188531
"2095",2095,0.000116769215661631
"2096",2096,0.000163781278100585
"2097",2097,0.000144245914066426
"2098",2098,0.000573371458434949
"2099",2099,0.000552425459157193
"2100",2100,0.000574565717542932
"2101",2101,0.000346236307740672
"2102",2102,0.000475866206010171
"2103",2103,0.000426111433929204
"2104",2104,0.000457338617211595
"2105",2105,0.000420101007546584
"2106",2106,0.000512064827328763
"2107",2107,0.000403448137613355
"2108",2108,0.00131246797763204
"2109",2109,0.000634900936067739
"2110",2110,0.000853201577916302
"2111",2111,0.000663734356231661
"2112",2112,0.000144709334142364
"2113",2113,0.000595019382945609
"2114",2114,0.000544068254848127
"2115",2115,0.000895853095692794
"2116",2116,0.0001745252819824
"2117",2117,0.000194672592095431
"2118",2118,0.000118766124012757
"2119",2119,0.000163506604839599
"2120",2120,0.000298402958457848
"2121",2121,0.0001567578131185
"2122",2122,0.000194017483792695
"2123",2123,0.000257800941299558
"2124",2124,0.000129981989904736
"2125",2125,0.000139043867752961
"2126",2126,8.98744562899578e-05
"2127",2127,0.000171294574340422
"2128",2128,0.000143380280614881
"2129",2129,0.000138111206423345
"2130",2130,0.000148788447442796
"2131",2131,0.000258255107910581
"2132",2132,0.00224187629438096
"2133",2133,0.000672318276497619
"2134",2134,0.0013397779096465
"2135",2135,0.00107291045662214
"2136",2136,0.00015364289222317
"2137",2137,0.000528850986976208
"2138",2138,0.000337556430773727
"2139",2139,0.000968391088077227
"2140",2140,0.000528791848798725
"2141",2141,0.000935711796146889
"2142",2142,0.000565906266864033
"2143",2143,0.00105617360624987
"2144",2144,0.000869777328323115
"2145",2145,0.000891485960986883
"2146",2146,0.000264118912832988
"2147",2147,0.000544270095228646
"2148",2148,0.000728882169059165
"2149",2149,0.0014419002918438
"2150",2150,0.000119414978947836
"2151",2151,0.000372694141980846
"2152",2152,1.42297401856144e-05
"2153",2153,3.00549324991199e-05
"2154",2154,8.20964736674275e-05
"2155",2155,0.000351917536110973
"2156",2156,0.000210535927094815
"2157",2157,0.000116941752568076
"2158",2158,0.00121334573814644
"2159",2159,0.000459733151008199
"2160",2160,0.000387688125842948
"2161",2161,0.000355785170429025
"2162",2162,0.000263210203399035
"2163",2163,2.51931264621201e-05
"2164",2164,0.00114190324667198
"2165",2165,0.00018193595450541
"2166",2166,0.000293025247167988
"2167",2167,0.000289689650893721
"2168",2168,0.000543819997673481
"2169",2169,0.000400257074906646
"2170",2170,0.000363862784846242
"2171",2171,0.000178720887142699
"2172",2172,0.000423205542979329
"2173",2173,0.00169226760819899
"2174",2174,0.000435568125072375
"2175",2175,0.000198741362608541
"2176",2176,0.000564189104175367
"2177",2177,0.000294744355928593
"2178",2178,0.000485667203760773
"2179",2179,0.000498367452550291
"2180",2180,0.000207976539293299
"2181",2181,0.000333448863668149
"2182",2182,0.00049667082110528
"2183",2183,0.000502841175685865
"2184",2184,0.000178252311194776
"2185",2185,0.000186163898990545
"2186",2186,0.000427696325383753
"2187",2187,0.000539412473279601
"2188",2188,0.00107459788176539
"2189",2189,0.000373039676157318
"2190",2190,0.000148255554532938
"2191",2191,0.000142887407290649
"2192",2192,0.000140980585186356
"2193",2193,0.000125632297183232
"2194",2194,0.000376236520730436
"2195",2195,0.000125669088291915
"2196",2196,0.00015558339457289
"2197",2197,9.11504618869254e-05
"2198",2198,2.30221020577727e-05
"2199",2199,0.000128949190253985
"2200",2200,0.00013070318671786
"2201",2201,0.00013134202980385
"2202",2202,0.000147190325677962
"2203",2203,0.000172023189312128
"2204",2204,0.000108021439474785
"2205",2205,0.000191006465769828
"2206",2206,0.000130508294802509
"2207",2207,0.000323431919945371
"2208",2208,0.000451665193678926
"2209",2209,0.000867255940924721
"2210",2210,0.00012206023905393
"2211",2211,0.000118710585222828
"2212",2212,9.61372790251071e-05
"2213",2213,0.000157404868025362
"2214",2214,0.000527118057628486
"2215",2215,0.000389463867380693
"2216",2216,0.000500715325043267
"2217",2217,0.000412920511021839
"2218",2218,0.00023815116770477
"2219",2219,0.000393135567658323
"2220",2220,5.89883376455567e-05
"2221",2221,0.000939057481013538
"2222",2222,0.000715458480177077
"2223",2223,0.000560724867008893
"2224",2224,0.000280635157435583
"2225",2225,0.000644579025834955
"2226",2226,0.000844595042979805
"2227",2227,0.000903505272310748
"2228",2228,0.000429631170203359
"2229",2229,0.00035125137037581
"2230",2230,0.000132385460442997
"2231",2231,0.000120578477001995
"2232",2232,0.000159269153023478
"2233",2233,0.000127424585267416
"2234",2234,0.00047846382299434
"2235",2235,0.000558860511533947
"2236",2236,0.000566454449622516
"2237",2237,0.000683299287978888
"2238",2238,0.000718557035337892
"2239",2239,0.000996008740757915
"2240",2240,0.000497105307028886
"2241",2241,0.00053838541850639
"2242",2242,0.000359624143623081
"2243",2243,0.000319228799602531
"2244",2244,0.00122422905579409
"2245",2245,0.00068256603849176
"2246",2246,0.000494414091377872
"2247",2247,0.000343533611870495
"2248",2248,0.000299416410841423
"2249",2249,0.000403538166872483
"2250",2250,0.000853041953327228
"2251",2251,0.000467686772753817
"2252",2252,8.36834927291582e-05
"2253",2253,0.000715295179669921
"2254",2254,0.000589109174839803
"2255",2255,0.00110912345679196
"2256",2256,0.000960774883091835
"2257",2257,0.000243577177540066
"2258",2258,0.000545862320841433
"2259",2259,0.000535420383796041
"2260",2260,0.000485122623075684
"2261",2261,0.000460605628169372
"2262",2262,0.000497789183090377
"2263",2263,0.000453256965801477
"2264",2264,0.000533857709459682
"2265",2265,0.000542370400558788
"2266",2266,0.000262421225169771
"2267",2267,0.000756321787102046
"2268",2268,0.000364793992237118
"2269",2269,0.000234520305581568
"2270",2270,0.000371625652976673
"2271",2271,0.000450913823298531
"2272",2272,0.000465529483645494
"2273",2273,0.000444813559813628
"2274",2274,0.000448846171672069
"2275",2275,0.000397238448054844
"2276",2276,0.000538654981282278
"2277",2277,0.000147603278512967
"2278",2278,0.000159071057231715
"2279",2279,0.000178634283443065
"2280",2280,0.00016845071281591
"2281",2281,0.000331521150129148
"2282",2282,0.000193334284437076
"2283",2283,0.000463246745683746
"2284",2284,0.000436190273300371
"2285",2285,0.000595062810908032
"2286",2286,0.000309578607889115
"2287",2287,0.000189964792355752
"2288",2288,0.000116843549739844
"2289",2289,9.27726940204703e-05
"2290",2290,0.000154925772078605
"2291",2291,0.00051918729579506
"2292",2292,0.000301154320997274
"2293",2293,0.00063937222315953
"2294",2294,0.000148754294661125
"2295",2295,0.000105138909040639
"2296",2296,0.000112050714752012
"2297",2297,0.000110102234378543
"2298",2298,0.00031904047391417
"2299",2299,0.000324110433152496
"2300",2300,0.000154517092538009
"2301",2301,0.000134138889774316
"2302",2302,0.000127603920874341
"2303",2303,8.77872081084042e-05
"2304",2304,5.45725256126423e-05
"2305",2305,0.000189745416636135
"2306",2306,0.000465129515649247
"2307",2307,0.000514699706519584
"2308",2308,0.00169205004401566
"2309",2309,0.00100514454797215
"2310",2310,0.00113220467652084
"2311",2311,0.000641648774500829
"2312",2312,0.000810567312416917
"2313",2313,0.0024629327865533
"2314",2314,0.00047333554215922
"2315",2315,0.00138998235873974
"2316",2316,0.00175225636790341
"2317",2317,0.000875275107617975
"2318",2318,0.00109196713549929
"2319",2319,0.000545363092791108
"2320",2320,0.000540092995002717
"2321",2321,0.00132057221484068
"2322",2322,0.00134205022724737
"2323",2323,0.000598423046848164
"2324",2324,0.000365707150375693
"2325",2325,0.00116433982369353
"2326",2326,8.57590682918928e-05
"2327",2327,0.000424465586634612
"2328",2328,6.93198908715198e-06
"2329",2329,0.000341124754565039
"2330",2330,0.000473592848206551
"2331",2331,0.000485522278193995
"2332",2332,0.000756520998319805
"2333",2333,0.000676230029621204
"2334",2334,0.000574493323294807
"2335",2335,0.000800947686860555
"2336",2336,0.000470521558057019
"2337",2337,0.000702189339348375
"2338",2338,0.000261054014279217
"2339",2339,0.00051520273098086
"2340",2340,0.000456535340118165
"2341",2341,0.000930067421115118
"2342",2342,0.00040005571149153
"2343",2343,0.00113215506364318
"2344",2344,0.000351537350840229
"2345",2345,0.000820594002148294
"2346",2346,0.000715308222063831
"2347",2347,0.000414025370911447
"2348",2348,0.000326330074926242
"2349",2349,0.00101160098414343
"2350",2350,0.001140430206327
"2351",2351,0.00044373474105733
"2352",2352,0.000128210047349478
"2353",2353,0.000685057738688517
"2354",2354,0.000518251540755044
"2355",2355,0.000184169717655104
"2356",2356,0.00037350843358194
"2357",2357,0.000610248817931433
"2358",2358,0.000810440800294654
"2359",2359,0.000694224623084
"2360",2360,0.0011594818098269
"2361",2361,0.000817782022946248
"2362",2362,0.000326364276921402
"2363",2363,0.000385279975104184
"2364",2364,0.000379013534614181
"2365",2365,0.000517060651323477
"2366",2366,0.000424338750189747
"2367",2367,0.000198090222270346
"2368",2368,0.000282810459422784
"2369",2369,0.000234287486851976
"2370",2370,0.000594472674314057
"2371",2371,0.000790407763321071
"2372",2372,0.000988767981162864
"2373",2373,0.000477939671499125
"2374",2374,0.000223599392581714
"2375",2375,0.000261271811878879
"2376",2376,0.000265787498856631
"2377",2377,0.000513168665823164
"2378",2378,0.000646850084165939
"2379",2379,0.000718532275554441
"2380",2380,0.000261543226408626
"2381",2381,0.000461119270854651
"2382",2382,0.00114344915599408
"2383",2383,0.000143123339947956
"2384",2384,0.000619903556516532
"2385",2385,0.000977198542970266
"2386",2386,0.000706430130747283
"2387",2387,0.000772512904603499
"2388",2388,0.000546866903796248
"2389",2389,0.00137232025566521
"2390",2390,0.00187503542289278
"2391",2391,0.000412789545683652
"2392",2392,0.000770523523820055
"2393",2393,0.00104439937936764
"2394",2394,0.000497254943190426
"2395",2395,0.000353577546507819
"2396",2396,0.000330701717089396
"2397",2397,0.000196074800108228
"2398",2398,0.000844163402282416
"2399",2399,0.000682345787399251
"2400",2400,0.000852620211385503
"2401",2401,0.00123785974410781
"2402",2402,0.000421478428337833
"2403",2403,0.000410719607009216
"2404",2404,0.00031888867986215
"2405",2405,0.000382060276423757
"2406",2406,0.000457085751326853
"2407",2407,0.000329731965542001
"2408",2408,0.000529060507288162
"2409",2409,0.000218432709774798
"2410",2410,0.000310593581669412
"2411",2411,0.000410478091887513
"2412",2412,0.00028775300199878
"2413",2413,0.000246694983257082
"2414",2414,0.0010084523824905
"2415",2415,0.000501388182533839
"2416",2416,0.000449759674732018
"2417",2417,0.000784574890989652
"2418",2418,0.000193966353258273
"2419",2419,0.000302887686528541
"2420",2420,0.000596408396236127
"2421",2421,0.00041108024611997
"2422",2422,0.00115077505696114
"2423",2423,0.000365747269681737
"2424",2424,0.000237840290257153
"2425",2425,0.000341841518789456
"2426",2426,0.000308290648398608
"2427",2427,7.48393481092806e-05
"2428",2428,9.36935019021391e-05
"2429",2429,0.000177909458647835
"2430",2430,0.000135111110752352
"2431",2431,0.000188347912919578
"2432",2432,0.000954655108134849
"2433",2433,0.000561858364109226
"2434",2434,0.000391484885414608
"2435",2435,0.000581411092904915
"2436",2436,0.000589523367267951
"2437",2437,0.000542328729426485
"2438",2438,0.000412585555928208
"2439",2439,0.000446230123363986
"2440",2440,0.000107731665820348
"2441",2441,0.000237021483758953
"2442",2442,0.000533168576623295
"2443",2443,0.000675011116897783
"2444",2444,0.000385367142090211
"2445",2445,0.000315929197919758
"2446",2446,0.000631749705559086
"2447",2447,0.000192469736714549
"2448",2448,0.000444478156013351
"2449",2449,0.000695066081488682
"2450",2450,0.000299357481683621
"2451",2451,0.000273533700943715
"2452",2452,0.00050247014384206
"2453",2453,0.000777816472663828
"2454",2454,0.000637782075927348
"2455",2455,0.000473883527431556
"2456",2456,0.000300204535593083
"2457",2457,0.000473504448647731
"2458",2458,0.00110261623750958
"2459",2459,0.00131767959504281
"2460",2460,0.000832893774914215
"2461",2461,0.00060705461877335
"2462",2462,0.000485817962095275
"2463",2463,0.000658155963047079
"2464",2464,0.000257067904197179
"2465",2465,0.000221869795096517
"2466",2466,0.000218880140487701
"2467",2467,0.000147659405745527
"2468",2468,0.000327761522577716
"2469",2469,0.000766240778180117
"2470",2470,0.000294881045036709
"2471",2471,0.000208913153939581
"2472",2472,0.000369065950920138
"2473",2473,0.000313890126293591
"2474",2474,0.00100400876817509
"2475",2475,0.000660220357567784
"2476",2476,0.00102937210156007
"2477",2477,0.000178588856988609
"2478",2478,0.000346753893374863
"2479",2479,0.000118558318741938
"2480",2480,2.60326557864656e-05
"2481",2481,0.000328876655673995
"2482",2482,9.50107655012956e-05
"2483",2483,6.70840849542839e-05
"2484",2484,3.49017042249131e-05
"2485",2485,0.000136024441742406
"2486",2486,0.000388531131499462
"2487",2487,0.000621795621688015
"2488",2488,0.000108679069968302
"2489",2489,0.000118897612847618
"2490",2490,4.95447491717163e-05
"2491",2491,9.21797338723753e-05
"2492",2492,0.000142361074316465
"2493",2493,0.000163090420537314
"2494",2494,0.000138894182123025
"2495",2495,7.69557499900884e-05
"2496",2496,0.000105070208210118
"2497",2497,9.40002020840597e-05
"2498",2498,0.00014012855906336
"2499",2499,0.000158789169949349
"2500",2500,7.83809013592707e-05
"2501",2501,0.000144585741585255
"2502",2502,0.000128664504570965
"2503",2503,0.000173386998889147
"2504",2504,0.00014254293735855
"2505",2505,0.00064987484205636
"2506",2506,0.000110147439009653
"2507",2507,0.000556953329430577
"2508",2508,5.73202311615445e-05
"2509",2509,9.80765027828298e-05
"2510",2510,9.79958437615547e-05
"2511",2511,0.000126338563847512
"2512",2512,0.000109957853592433
"2513",2513,0.000169459517958859
"2514",2514,0.000103628864360704
"2515",2515,0.000114037801970769
"2516",2516,7.36353169658329e-05
"2517",2517,0.000144361445162564
"2518",2518,9.65594985094023e-05
"2519",2519,0.000118442943393747
"2520",2520,8.38647808563975e-05
"2521",2521,0.000130683379034227
"2522",2522,0.000126972201400183
"2523",2523,3.75357092654131e-05
"2524",2524,7.30047444997003e-05
"2525",2525,0.000155517163958051
"2526",2526,0.000160446026200738
"2527",2527,6.55306944535663e-05
"2528",2528,1.76682958632107e-05
"2529",2529,0.000261352900353618
"2530",2530,0.00057869358657893
"2531",2531,0.000365972754479095
"2532",2532,0.000300522681603946
"2533",2533,0.000103496639331595
"2534",2534,9.09215949761922e-05
"2535",2535,0.000206002554665299
"2536",2536,0.000170351313117752
"2537",2537,9.43819552052448e-05
"2538",2538,0.000306174438601252
"2539",2539,0.000271466545948776
"2540",2540,2.94876002037509e-05
"2541",2541,0.000432418382240078
"2542",2542,0.000256872887432219
"2543",2543,0.000370584698782316
"2544",2544,0.000175723249724248
"2545",2545,0.000127642861014925
"2546",2546,0.000433338901843463
"2547",2547,0.000191684221495186
"2548",2548,0.000145963523610232
"2549",2549,0.000367679781868363
"2550",2550,0.000126088796364812
"2551",2551,0.000151746041077854
"2552",2552,0.000193355624772236
"2553",2553,0.000283284253088472
"2554",2554,0.000184462325197561
"2555",2555,0.000332639409971762
"2556",2556,0.000193771743468879
"2557",2557,0.000262388161115633
"2558",2558,0.000320351784166376
"2559",2559,0.000278799333379892
"2560",2560,0.000164852451982798
"2561",2561,0.000258705606574694
"2562",2562,0.000160531023160947
"2563",2563,0.000164449407502745
"2564",2564,0.000169397883970897
"2565",2565,0.000108169839197908
"2566",2566,0.00019814300912858
"2567",2567,0.000146330261360712
"2568",2568,0.000313621569064472
"2569",2569,0.00031560841150776
"2570",2570,0.000311054682862559
"2571",2571,0.000674479012515182
"2572",2572,0.000220064825846859
"2573",2573,0.000514800102880376
"2574",2574,0.00055562976986589
"2575",2575,0.000371220726464706
"2576",2576,0.000448748427618649
"2577",2577,0.000308515158147641
"2578",2578,0.000420281495239845
"2579",2579,0.000579574635288872
"2580",2580,0.000470740871756297
"2581",2581,0.000484645728275658
"2582",2582,0.00028255853278449
"2583",2583,0.000646520029786799
"2584",2584,9.18408723825155e-05
"2585",2585,0.000118017930450304
"2586",2586,0.000220080599368847
"2587",2587,0.00122385598711099
"2588",2588,0.000118946904813544
"2589",2589,0.000540454702800485
"2590",2590,6.71909547519053e-05
"2591",2591,0.000178344967203785
"2592",2592,6.39571124165703e-05
"2593",2593,0.000239065234287849
"2594",2594,0.000103430379380476
"2595",2595,0.00114292799203582
"2596",2596,9.58965818036721e-05
"2597",2597,0.000435373177268393
"2598",2598,7.77735564644196e-05
"2599",2599,0.000114040392931201
"2600",2600,0.000122412738067192
"2601",2601,0.000150832521042609
"2602",2602,0.000209102986012631
"2603",2603,0.000134059998184557
"2604",2604,0.000211826866246222
"2605",2605,0.000181501877367563
"2606",2606,0.000154318828309618
"2607",2607,0.000300909722807914
"2608",2608,0.00021500960447412
"2609",2609,0.000276318479564589
"2610",2610,0.000296581905183368
"2611",2611,0.000242714828743004
"2612",2612,0.000513646818423603
"2613",2613,0.000155119613638946
"2614",2614,0.00028179097038868
"2615",2615,0.000350926126927468
"2616",2616,0.000370793894652872
"2617",2617,0.000126129273765802
"2618",2618,9.88382512789192e-05
"2619",2619,0.000152032372708479
"2620",2620,0.000123661114827181
"2621",2621,0.000686358975333943
"2622",2622,0.000951612150118201
"2623",2623,0.000324295024874478
"2624",2624,0.000491945743055591
"2625",2625,0.000263201923514725
"2626",2626,0.000332796686125953
"2627",2627,0.000403336542080511
"2628",2628,0.000681965016843842
"2629",2629,0.000163164911535967
"2630",2630,0.000252683436279039
"2631",2631,0.000665864648194005
"2632",2632,0.000215611073370642
"2633",2633,0.000116101928948964
"2634",2634,0.000128911858779816
"2635",2635,0.00027310510737478
"2636",2636,0.00105361470395151
"2637",2637,0.000160307496811763
"2638",2638,9.25427542388079e-05
"2639",2639,0.00145232205975873
"2640",2640,0.000225804491802998
"2641",2641,0.000783852209934499
"2642",2642,0.00100719678734952
"2643",2643,0.0013489697979438
"2644",2644,0.00107975775045714
"2645",2645,0.000567148760034149
"2646",2646,0.000410359325257592
"2647",2647,0.000158634007476433
"2648",2648,0.000240033846961687
"2649",2649,0.000884308594756214
"2650",2650,0.000349476683715271
"2651",2651,0.000389619973958833
"2652",2652,0.000492725607935188
"2653",2653,0.00029747613946904
"2654",2654,0.000224180026207244
"2655",2655,0.000800603543036893
"2656",2656,0.000394458698698803
"2657",2657,0.000328980773733229
"2658",2658,0.000840190927285188
"2659",2659,0.000494041229050872
"2660",2660,0.000372847934694264
"2661",2661,0.00132326358771061
"2662",2662,0.00142717409282528
"2663",2663,0.000370875810927008
"2664",2664,0.000191619987057817
"2665",2665,2.40498984730148e-05
"2666",2666,0.000485549185799644
"2667",2667,0.000334592952817497
"2668",2668,0.000182834875033497
"2669",2669,0.000600169885381189
"2670",2670,0.000229334052234296
"2671",2671,0.000386303224806454
"2672",2672,0.000320214492929091
"2673",2673,0.000203915618195048
"2674",2674,0.000754132607822585
"2675",2675,0.00099408908068195
"2676",2676,0.000967388305220698
"2677",2677,0.000602893136698118
"2678",2678,0.000435953780983594
"2679",2679,0.000309787294817844
"2680",2680,0.000521813920814369
"2681",2681,0.000418781689092775
"2682",2682,0.000190720084073095
"2683",2683,0.000144357091129697
"2684",2684,0.000148985314366176
"2685",2685,0.000139676698147896
"2686",2686,0.000364384019295496
"2687",2687,0.00012242888606599
"2688",2688,0.000481337379321387
"2689",2689,0.000425852831820948
"2690",2690,0.00127076021861605
"2691",2691,0.000773543418203352
"2692",2692,0.00126834503388411
"2693",2693,0.000536979341499433
"2694",2694,0.00100814542168755
"2695",2695,0.00112094975872945
"2696",2696,0.00047935482719826
"2697",2697,0.000324957757803279
"2698",2698,0.000433801029037595
"2699",2699,0.000305354476640135
"2700",2700,0.00126526559946978
"2701",2701,0.000587900599469546
"2702",2702,0.000259557288505139
"2703",2703,0.00154683119935604
"2704",2704,0.00201606920369701
"2705",2705,0.00191913130701227
"2706",2706,0.000532669071539098
"2707",2707,0.00140511800581269
"2708",2708,0.00071165733875242
"2709",2709,0.000998887541066405
"2710",2710,0.0011111436003925
"2711",2711,0.000757886728446611
"2712",2712,0.000690103553681261
"2713",2713,0.00128911719898739
"2714",2714,0.000963250103725099
"2715",2715,0.000404600318464692
"2716",2716,0.00115450000003569
"2717",2717,0.000837015500179463
"2718",2718,0.00147947331107549
"2719",2719,0.00106494267063616
"2720",2720,0.00174035883892567
"2721",2721,0.000587197067092699
"2722",2722,0.0015509963830453
"2723",2723,0.00162927791100224
"2724",2724,0.000903975732690188
"2725",2725,0.00139286094224817
"2726",2726,0.000136274810081445
"2727",2727,7.76954452478023e-05
"2728",2728,0.000463174349152968
"2729",2729,0.000557912993296545
"2730",2730,5.02813124260081e-05
"2731",2731,0.00106771018408921
"2732",2732,0.000712676401843266
"2733",2733,0.00122160182541794
"2734",2734,0.00151891064889692
"2735",2735,0.000547427929315775
"2736",2736,0.00060595424682423
"2737",2737,0.00100248293266659
"2738",2738,4.53702237491218e-05
"2739",2739,0.000497350254605497
"2740",2740,0.00105990688640855
"2741",2741,0.00103664620775967
"2742",2742,0.000316914497087783
"2743",2743,0.000191351750026662
"2744",2744,7.38542473030362e-05
"2745",2745,0.00154181387664825
"2746",2746,0.000215649718163236
"2747",2747,4.69700198073819e-05
"2748",2748,0.000469424615178222
"2749",2749,0.000465297539828778
"2750",2750,0.000458237639766551
"2751",2751,0.000450719811631318
"2752",2752,0.000522373214897968
"2753",2753,0.000380973643857186
"2754",2754,0.00230353894453882
"2755",2755,0.000501041218137435
"2756",2756,0.000975174532448806
"2757",2757,0.000991984266326501
"2758",2758,0.000587955626639968
"2759",2759,0.00286261755420429
"2760",2760,0.00089502706695725
"2761",2761,0.00104940374496005
"2762",2762,0.000755078021245757
"2763",2763,0.000291203267989932
"2764",2764,0.00256682406518508
"2765",2765,0.000483150831743385
"2766",2766,0.00246827521303356
"2767",2767,0.00104947879940985
"2768",2768,0.000279824691121964
"2769",2769,0.00181290148998958
"2770",2770,0.000216749318490924
"2771",2771,0.00148245927054897
"2772",2772,0.000466951929215677
"2773",2773,5.99178593837919e-05
"2774",2774,0.000354415014968729
"2775",2775,0.000353014176187383
"2776",2776,5.74607534451183e-05
"2777",2777,0.000164960815607886
"2778",2778,0.000413261164058633
"2779",2779,0.000138672990042025
"2780",2780,0.000804424985558818
"2781",2781,0.000143887642315
"2782",2782,0.000138326995500383
"2783",2783,0.000173409094168524
"2784",2784,0.000143233057670189
"2785",2785,0.000637562882027756
"2786",2786,0.00021836511208984
"2787",2787,0.000164705552962371
"2788",2788,0.000150191159462884
"2789",2789,0.000179184125884589
"2790",2790,0.000577975035642419
"2791",2791,0.000547753781000247
"2792",2792,0.000254495028365406
"2793",2793,0.000193942510763191
"2794",2794,0.00012141173911355
"2795",2795,0.000168923609565924
"2796",2796,0.00014276623182884
"2797",2797,0.000163068949422394
"2798",2798,0.000205550231147162
"2799",2799,0.00012256965162901
"2800",2800,0.00013642641076108
"2801",2801,0.000237636993320864
"2802",2802,0.000126806392587129
"2803",2803,8.0519858969491e-05
"2804",2804,0.00011005589255684
"2805",2805,5.40680297502813e-05
"2806",2806,3.08560414382781e-05
"2807",2807,0.000202309267476058
"2808",2808,0.000556228416382818
"2809",2809,0.000509843742916849
"2810",2810,0.000348395054132728
"2811",2811,0.000222879544173843
"2812",2812,0.00038658042732135
"2813",2813,0.000392253831261296
"2814",2814,0.000106950265833791
"2815",2815,0.000318457905323785
"2816",2816,0.000258467774474846
"2817",2817,0.000284932001660567
"2818",2818,0.000137601605792817
"2819",2819,0.000233033833833322
"2820",2820,0.000263243981180676
"2821",2821,4.36947435794228e-05
"2822",2822,2.98699316389482e-05
"2823",2823,0.000155124779482726
"2824",2824,0.00113724138225317
"2825",2825,0.000563352362776032
"2826",2826,0.00127446362228078
"2827",2827,0.000334345504952677
"2828",2828,0.00116886189204731
"2829",2829,6.84975184525962e-05
"2830",2830,0.000110717487347685
"2831",2831,0.000161036216026912
"2832",2832,0.00020350235183221
"2833",2833,6.12272494989932e-05
"2834",2834,0.000168207068716811
"2835",2835,8.83142869055873e-05
"2836",2836,0.000190840913436752
"2837",2837,8.02865217635984e-05
"2838",2838,0.000940055279050676
"2839",2839,0.000779222197166866
"2840",2840,0.00152321074168411
"2841",2841,0.000867659472820729
"2842",2842,0.000564042649912696
"2843",2843,0.000825219805697239
"2844",2844,0.000740836967638359
"2845",2845,0.000222372649816406
"2846",2846,0.000409627552518066
"2847",2847,0.000564430327849837
"2848",2848,0.000464831658439471
"2849",2849,0.000695269361353857
"2850",2850,0.0012727894873313
"2851",2851,0.00130264180347784
"2852",2852,0.00115719196354925
"2853",2853,0.000926598082468908
"2854",2854,0.000842853084986944
"2855",2855,0.000562705111441388
"2856",2856,0.000231542955471337
"2857",2857,0.000213111950850611
"2858",2858,0.00018448584448275
"2859",2859,0.000652831834345913
"2860",2860,0.00027086101107664
"2861",2861,0.000108796256852418
"2862",2862,4.30913123250591e-05
"2863",2863,8.37836282292402e-05
"2864",2864,7.96489892299218e-05
"2865",2865,0.000104374362204561
"2866",2866,0.000118444120253431
"2867",2867,6.73886054511591e-05
"2868",2868,6.42887917907287e-05
"2869",2869,0.0015161143695467
"2870",2870,0.000143803872235832
"2871",2871,0.000259704748793434
"2872",2872,0.000535414895096076
"2873",2873,0.000573681716007983
"2874",2874,0.000414120848767843
"2875",2875,0.000526096655880486
"2876",2876,0.000460332515810601
"2877",2877,0.000443445914049204
"2878",2878,0.000881601250816684
"2879",2879,0.00124059251067971
"2880",2880,0.00120365045913355
"2881",2881,0.00112855586837161
"2882",2882,0.00082790149434152
"2883",2883,0.000596138482815283
"2884",2884,9.66528145502645e-05
"2885",2885,0.000193477884015223
"2886",2886,0.000135708685380585
"2887",2887,9.29598290741618e-05
"2888",2888,0.000187781743407381
"2889",2889,0.000235694718510181
"2890",2890,8.43915172386177e-05
"2891",2891,0.000110045696949853
"2892",2892,0.000134322288598873
"2893",2893,0.000105097198541755
"2894",2894,0.000112447656631118
"2895",2895,0.000141072656942281
"2896",2896,0.000669267387221811
"2897",2897,0.000785639248439269
"2898",2898,0.000954841493639983
"2899",2899,0.000493351722116804
"2900",2900,0.00126317498448021
"2901",2901,0.000830861207472753
"2902",2902,0.000395110448220432
"2903",2903,0.000154586112065321
"2904",2904,0.000148189075909579
"2905",2905,6.54890597320194e-05
"2906",2906,0.000107720471556417
"2907",2907,0.000144642513573888
"2908",2908,0.00021045215251696
"2909",2909,9.4446383966248e-05
"2910",2910,0.000820770320443553
"2911",2911,0.000663824626380831
"2912",2912,0.000437392502110975
"2913",2913,0.000398034901035792
"2914",2914,0.000257733995659223
"2915",2915,0.000325686569880628
"2916",2916,0.000122800381273265
"2917",2917,0.000215867524465255
"2918",2918,0.000227488510679963
"2919",2919,0.000198913198548793
"2920",2920,0.000138310528743548
"2921",2921,0.000682367510907885
"2922",2922,0.000205178236476559
"2923",2923,0.00014278527336589
"2924",2924,0.000228775230253359
"2925",2925,0.000202744466681051
"2926",2926,8.39417199649511e-05
"2927",3161,0.00151891064889692
"2928",2927,0.000298411222477821
"2929",2930,0.000304970858566484
"2930",2931,0.000280470725058376
"2931",2932,0.000220798193360159
"2932",2933,0.000391798339180535
"2933",2934,0.000265015245090025
"2934",2935,0.000220434806668937
"2935",2937,0.000308290648398608
"2936",2938,0.000305183584276883
"2937",2939,0.00032484709041055
"2938",2940,0.000302403837198161
"2939",2941,0.000306174438601252
"2940",2942,0.000302403837198161
"2941",2943,0.000252899397546978
"2942",2944,0.000261271811878879
"2943",2945,0.000398499453133463
"2944",2951,8.36834927291582e-05
"2945",2955,0.000508101250758362
"2946",2957,0.000425852831820948
"2947",2958,0.00023557399355914
"2948",2960,1.91168514679766e-06
"2949",2962,0.000263402108761569
"2950",2963,0.000307168607162135
"2951",2964,0.000290972126378906
"2952",2965,0.000320953705106895
"2953",2966,0.000295956201905664
"2954",2967,0.00030217118055285
"2955",2968,0.000306890198035492
"2956",2969,0.000305045081793856
"2957",2970,0.00030217118055285
"2958",2971,0.000298402958457848
"2959",2972,0.00030645651350063
"2960",2973,0.000220434806668937
"2961",2974,0.000291787337793132
"2962",2975,0.000305045081793856
"2963",2976,0.000300556842482095
"2964",2977,0.000665006302240963
"2965",2978,0.000309210156947167
"2966",2979,0.000309578607889115
"2967",2980,0.000242759454592311
"2968",2981,0.000306890198035492
"2969",2982,0.000328063657202783
"2970",2983,0.000309787294817844
"2971",2984,0.00031314573690432
"2972",2985,0.000298402958457848
"2973",2987,0.000300909722807914
"2974",2988,0.000300744030654323
"2975",2990,0.000291787337793132
"2976",2991,0.000503739559262856
"2977",2993,0.00026931460640015
"2978",2994,0.000310443132774927
"2979",2995,0.000269957525890716
"2980",2996,0.000336412037605558
"2981",2997,0.00028775300199878
"2982",2998,0.000992473386093814
"2983",2999,0.000252597491102619
"2984",3000,0.00034891799211888
"2985",3001,9.81976744069435e-05
"2986",3002,0.000308617763088947
"2987",3003,0.000312310517512375
"2988",3004,0.000302403837198161
"2989",3005,0.000313890126293591
"2990",3006,0.00029934976791523
"2991",3007,0.000302403837198161
"2992",3008,0.000264118912832988
"2993",3009,0.000308290648398608
"2994",3010,0.000323017811822846
"2995",3011,0.000308290648398608
"2996",3012,0.000302403837198161
"2997",3013,0.000276079790133478
"2998",3014,0.00031314573690432
"2999",3015,0.000309525034942948
"3000",3016,0.000306890198035492
"3001",3017,0.000302157455675431
"3002",3018,0.000309578607889115
"3003",3019,0.00030217118055285
"3004",3020,0.000298411222477821
"3005",3021,0.000298411222477821
"3006",3024,0.000312310517512375
"3007",3027,0.000298411222477821
"3008",3028,0.00114292799203582
"3009",3029,0.000306562572352121
"3010",3032,0.000398499453133463
"3011",3033,0.000295956201905664
"3012",3036,0.000309525034942948
"3013",3039,0.000328063657202783
"3014",3041,0.000830861207472753
"3015",3042,0.000302631135963619
"3016",3044,0.00030645651350063
"3017",3045,0.000305520525285662
"3018",3046,0.000309210156947167
"3019",3047,0.000294744355928593
"3020",3048,0.000310443132774927
"3021",3049,0.000267455003815564
"3022",3052,0.00082790149434152
"3023",3056,0.000324303176126267
"3024",3057,0.000266988562142014
"3025",3060,0.000412585555928208
"3026",3061,0.000474367061803455
"3027",3062,0.000258233961904936
"3028",3063,0.000551423737650996
"3029",3065,0.000444478156013351
"3030",3066,0.00034891799211888
"3031",3067,0.000304970858566484
"3032",3072,0.000312310517512375
"3033",3073,0.000196930102807101
"3034",3077,0.000294376162070591
"3035",3078,0.000324315647295881
"3036",3079,0.00029934976791523
"3037",3080,0.000327912121988709
"3038",3081,0.000106741828282351
"3039",3083,0.000460605628169372
"3040",3085,0.00123785974410781
"3041",3087,0.000754907138116655
"3042",3089,0.000136274810081445
"3043",3091,0.000551423737650996
"3044",3099,0.00169226760819899
"3045",3102,0.000320953705106895
"3046",3103,0.000312310517512375
"3047",3104,0.000261271811878879
"3048",3105,0.000220798193360159
"3049",3106,0.000321976818189821
"3050",3107,0.000298411222477821
"3051",3108,0.000336412037605558
"3052",3109,0.000173184690817074
"3053",3110,0.000334208984769455
"3054",3115,0.000305183584276883
"3055",3116,0.000324315647295881
"3056",3117,0.000309578607889115
"3057",3118,0.000276671237384064
"3058",3121,0.0013489697979438
"3059",3126,0.000306562572352121
"3060",3128,0.000991984266326501
"3061",3130,0.000263524941667563
"3062",3131,0.000309210156947167
"3063",3132,0.000328063657202783
"3064",3133,0.000302157455675431
"3065",3134,0.00030645651350063
"3066",3136,0.00147885516384315
"3067",3139,0.000504780917347567
"3068",3142,0.000302157455675431
"3069",3143,0.000309525034942948
"3070",3144,0.000309787294817844
"3071",3145,0.000298402958457848
"3072",3146,0.000376236520730436
"3073",3147,0.000308290648398608
"3074",3148,0.000350849316623487
"3075",3151,0.000305183584276883
"3076",3152,0.000106741828282351
"3077",3154,0.000444466068490434
"3078",3155,0.00016183208192007
"3079",3156,0.000460332515810601
"3080",3157,9.81976744069435e-05
"3081",3158,0.000482469625317361
"3082",3159,0.000444466068490434
"3083",3160,0.000500839365124064
"3084",3162,0.000321976818189821
"3085",3163,0.001140430206327
"3086",3164,0.000309210156947167
"3087",3165,0.000284354833105859
"3088",3166,0.000329122776448566
"3089",3167,0.000295956201905664
"3090",3168,0.000903505272310748
"3091",3169,0.000345485532518887
"3092",3170,0.000324315647295881
"3093",3171,0.00024374671388135
"3094",3172,0.000294376162070591
"3095",3173,0.000308409386740688
"3096",3174,0.000199413407928968
"3097",3175,0.00029934976791523
"3098",3176,0.000264118912832988
"3099",3177,0.000252899397546978
"3100",3179,0.000261271811878879
"3101",3180,0.000302403837198161
"3102",3181,0.00029934976791523
"3103",3182,0.000261271811878879
"3104",3183,0.000269957525890716
"3105",3184,0.000327912121988709
"3106",3185,0.000282810459422784
"3107",3186,0.000136274810081445
"3108",3187,0.000926598082468908
"3109",3189,0.00123785974410781
"3110",3197,0.000467686772753817
"3111",3200,0.00224187629438096
"3112",3204,0.000143612541739256
"3113",3207,0.000308409386740688
"3114",3208,0.000300204535593083
"3115",3209,0.000243577177540066
"3116",3210,0.000306562572352121
"3117",3211,0.000279824691121964
"3118",3212,0.000187755522805058
"3119",3216,0.000324315647295881
"3120",3217,0.000512064827328763
"3121",3218,0.000134409922843778
"3122",3219,0.000272186158502011
"3123",3220,0.000269957525890716
"3124",3221,0.000500839365124064
"3125",3222,0.000323017811822846
"3126",3224,0.000310998772446122
"3127",3225,0.000261271811878879
"3128",3228,0.00047333554215922
"3129",3229,0.00032484709041055
"3130",3230,0.000260667788099189
"3131",3231,0.000260667788099189
"3132",3235,0.000261271811878879
"3133",3236,0.000310998772446122
"3134",3237,0.000267455003815564
"3135",3238,0.000361346834521608
"3136",3239,0.00031449190398201
"3137",3250,0.00187503542289278
"3138",3252,0.000305068116831022
"3139",3254,0.000310443132774927
"3140",3256,0.000302403837198161
"3141",3257,0.000326364276921402
"3142",3258,0.000294744355928593
"3143",3259,0.000326364276921402
"3144",3260,0.000309525034942948
"3145",3261,0.000301075612656147
"3146",3262,0.000300909722807914
"3147",3263,0.000305520525285662
"3148",3268,0.000402653400104437
"3149",3270,0.000391798339180535
"3150",3271,0.000326463726446431
"3151",3273,0.000301154320997274
"3152",3274,0.000332429850343703
"3153",3276,0.000332429850343703
"3154",3277,0.000350849316623487
"3155",3279,0.000304227788092248
"3156",3280,0.000309210156947167
"3157",3281,0.000309787294817844
"3158",3282,0.000261271811878879
"3159",3283,0.00029028766190922
"3160",3284,0.000329122776448566
"3161",3285,0.000304227788092248
"3162",3286,0.00030217118055285
"3163",3287,0.000220434806668937
"3164",3288,0.000203100181475407
"3165",3289,0.000398499453133463
"3166",3290,0.000143612541739256
"3167",3291,0.000251297122590393
"3168",3292,0.000293025247167988
"3169",3293,0.000251297122590393
"3170",3294,0.000251297122590393
"3171",3295,0.000305354476640135
"3172",3296,8.70513791886624e-05
"3173",3297,0.000376236520730436
"3174",3298,0.000169153668016237
"3175",3299,0.000266988562142014
"3176",3300,0.000299416410841423
"3177",3301,0.000273533700943715
"3178",3302,0.000482916474171601
"3179",3303,0.000313890126293591
"3180",3304,0.000265015245090025
"3181",3305,0.000306562572352121
"3182",3306,0.000324303176126267
"3183",3307,0.000299357481683621
"3184",3308,0.000300556842482095
"3185",3310,0.000731284823530134
"3186",3311,0.000324315647295881
"3187",3315,0.000991984266326501
"3188",3316,0.00224187629438096
"3189",3318,0.000444242336576851
"3190",3320,0.000323017811822846
"3191",3328,0.000349311635868395
"3192",3329,0.000716569392419096
"3193",3336,0.000611280970196769
"3194",3337,0.000308409386740688
"3195",3345,0.000608028468387561
"3196",3349,0.000327912121988709
"3197",3350,0.000903505272310748
"3198",3353,0.00020040739013581
"3199",3354,0.00029934976791523
"3200",3355,0.000252899397546978
"3201",3356,0.000332429850343703
"3202",3357,0.000326364276921402
"3203",3358,0.000305068116831022
"3204",3359,0.000320953705106895
"3205",3360,0.000321976818189821
"3206",3361,0.000500839365124064
"3207",3362,0.00017698361934237
"3208",3363,0.00020710586575091
"3209",3364,0.000304217882392209
"3210",3369,0.000595390419953816
"3211",3370,0.000263243981180676
"3212",3371,0.000449759674732018
"3213",3376,0.000754907138116655
"3214",3380,0.000269957525890716
"3215",3381,0.000172254024929636
"3216",3382,0.000168425162962178
"3217",3385,0.000286960297532526
"3218",3396,0.000350849316623487
"3219",3398,0.000143612541739256
"3220",3399,0.000267455003815564
"3221",3401,0.000304227788092248
"3222",3402,0.00029934976791523
"3223",3403,0.000302403837198161
"3224",3404,0.000277815546391841
"3225",3405,0.000261271811878879
"3226",3406,0.000301154320997274
"3227",3407,0.000302403837198161
"3228",3408,0.000302631135963619
"3229",3409,0.000584961082026643
"3230",3410,0.000236002088750429
"3231",3411,0.000996008740757915
"3232",3412,0.000236002088750429
"3233",3413,0.00031314573690432
"3234",3414,0.00031449190398201
"3235",3415,0.000300556842482095
"3236",3417,0.000302157455675431
"3237",3418,0.000300556842482095
"3238",3419,0.00020040739013581
"3239",3420,0.000460605628169372
"3240",3421,0.000273533700943715
"3241",3422,0.000266360183433666
"3242",3423,0.00031449190398201
"3243",3424,0.000302887686528541
"3244",3425,0.000169153668016237
"3245",3426,0.000460605628169372
"3246",3427,0.000380683507575708
"3247",3428,0.000313890126293591
"3248",3429,0.000324303176126267
"3249",3430,0.000243577177540066
"3250",3431,0.000252899397546978
"3251",3432,0.000460605628169372
"3252",3433,0.00028775300199878
"3253",3434,0.000261271811878879
"3254",3435,0.000164763591362037
"3255",3436,0.001140430206327
"3256",3437,0.000164763591362037
"3257",3438,0.000265015245090025
"3258",3439,0.000263402108761569
"3259",3443,0.000282810459422784
"3260",3444,0.00024374671388135
"3261",3445,0.000220434806668937
"3262",3446,0.000266360183433666
"3263",3447,0.000332429850343703
"3264",3448,0.000258713002899338
"3265",3450,0.00147885516384315
"3266",3451,0.000299357481683621
"3267",3452,0.000310998772446122
"3268",3453,0.000273716813163038
"3269",3458,0.000300645118441876
"3270",3459,1.91168514679766e-06
"3271",3460,0.000504780917347567
"3272",3465,0.000283686239601264
"3273",3468,0.000305068116831022
"3274",3469,0.000277815546391841
"3275",3470,0.000313890126293591
"3276",3471,0.000252899397546978
"3277",3472,0.000329122776448566
"3278",3473,0.000305520525285662
"3279",3474,0.000305520525285662
"3280",3475,0.000284354833105859
"3281",3476,0.000305520525285662
"3282",3477,0.000309525034942948
"3283",3478,0.000329122776448566
"3284",3479,0.000309787294817844
"3285",3480,0.000308617763088947
"3286",3485,0.000320953705106895
"3287",3488,0.000328063657202783
"3288",3491,0.000608028468387561
"3289",3494,0.000304970858566484
"3290",3495,0.000298402958457848
"3291",3496,0.000391798339180535
"3292",3497,0.000302631135963619
"3293",3498,0.000310443132774927
"3294",3499,0.000376236520730436
"3295",3501,0.000536979341499433
"3296",3502,0.000833866691748396
"3297",3503,0.000261061739613187
"3298",3504,0.000273716813163038
"3299",3505,0.000433325533306224
"3300",3506,0.000369077205098422
"3301",3507,0.000329122776448566
"3302",3508,0.000482916474171601
"3303",3509,0.000168425162962178
"3304",3510,0.000299357481683621
"3305",3511,0.000268513092070768
"3306",3512,0.000312310517512375
"3307",3513,0.00029747613946904
"3308",3514,0.000294744355928593
"3309",3515,0.000869956034583616
"3310",3517,0.000165364420651487
"3311",3518,0.000449759674732018
"3312",3519,0.000309525034942948
"3313",3520,0.000350849316623487
"3314",3521,0.000350849316623487
"3315",3522,0.000361346834521608
"3316",3523,0.000299357481683621
"3317",3524,0.000482916474171601
"3318",3525,0.000279824691121964
"3319",3526,0.000284354833105859
"3320",3527,0.000309578607889115
"3321",3528,0.000261271811878879
"3322",3529,0.000302403837198161
"3323",3538,0.00082790149434152
"3324",3540,0.000310593581669412
"3325",3543,0.00023557098990672
"3326",3544,0.000134409922843778
"3327",3545,0.000336550257381565
"3328",3546,0.000398499453133463
"3329",3547,0.000220434806668937
"3330",3548,0.000383670544428727
"3331",3549,0.000359621070554236
"3332",3551,0.000485667203760773
"3333",3552,0.000313890126293591
"3334",3553,0.000302631135963619
"3335",3554,0.000261271811878879
"3336",3555,0.000305068116831022
"3337",3560,0.00020040739013581
"3338",3564,0.001140430206327
"3339",3565,0.001140430206327
"3340",3566,0.000295956201905664
"3341",3567,0.000313890126293591
"3342",3568,0.000308617763088947
"3343",3570,0.000308409386740688
"3344",3571,0.001140430206327
"3345",3573,0.000264118912832988
"3346",3574,0.000282810459422784
"3347",3575,0.000305183584276883
"3348",3576,0.000294376162070591
"3349",3577,0.000305183584276883
"3350",3578,0.000242759454592311
"3351",3579,0.000199413407928968
"3352",3580,0.000460605628169372
"3353",3581,0.000332429850343703
"3354",3586,0.000412585555928208
"3355",3587,0.000220798193360159
"3356",3588,0.000326364276921402
"3357",3589,0.000992473386093814
"3358",3590,0.000361346834521608
"3359",3591,0.000302403837198161
"3360",3592,0.00038658042732135
"3361",3593,0.000300909722807914
"3362",3594,0.000305183584276883
"3363",3595,0.000313890126293591
"3364",3596,0.000310998772446122
"3365",3597,0.000329122776448566
"3366",3598,0.000306562572352121
"3367",3599,0.000326364276921402
"3368",3600,0.000308290648398608
"3369",3601,0.000273716813163038
"3370",3602,0.000306562572352121
"3371",3603,0.000381528028400972
"3372",3604,0.000346734840645447
"3373",3605,0.00031449190398201
"3374",3606,0.00031449190398201
"3375",3607,0.000279824691121964
"3376",3609,0.000336550257381565
"3377",3610,0.000369077205098422
"3378",3611,0.000473504448647731
"3379",3612,0.000336412037605558
"3380",3613,0.00019412858602687
"3381",3614,0.000305354476640135
"3382",3615,0.000281876791416579
"3383",3616,0.000220798193360159
"3384",3618,0.000323017811822846
"3385",3619,0.000305183584276883
"3386",3620,0.000267455003815564
"3387",3621,0.000311054682862559
"3388",3622,0.000301075612656147
"3389",3623,0.000306562572352121
"3390",3624,0.000361346834521608
"3391",3625,0.000273716813163038
"3392",3626,0.00029934976791523
"3393",3629,0.00047714191327394
"3394",3630,0.000263524941667563
"3395",3631,0.000243577177540066
"3396",3632,0.000164763591362037
"3397",2936,0.000412585555928208
"3398",2952,0.000604889592542899
"3399",2953,0.000782648292101121
"3400",2956,0.000345485532518887
"3401",2959,0.000406761784169665
"3402",2961,0.000595390419953816
"3403",2992,0.00100514454797215
"3404",3022,0.00181111786024816
"3405",3023,0.000542328729426485
"3406",3025,0.000396041096238447
"3407",3026,0.000833866691748396
"3408",3030,0.000406761784169665
"3409",3034,0.000594083862046629
"3410",3035,0.00114190324667198
"3411",3037,0.000611675592091015
"3412",3038,0.000535420383796041
"3413",3050,0.000915690048841452
"3414",3053,0.00147885516384315
"3415",3055,0.000444255141029276
"3416",3058,0.000284054291626912
"3417",3059,0.000542328729426485
"3418",3064,0.000412585555928208
"3419",3071,0.000402653400104437
"3420",3076,0.000284054291626912
"3421",3082,0.000473857160686981
"3422",3084,0.000444466068490434
"3423",3086,0.000542328729426485
"3424",3088,0.000540454702800485
"3425",3090,0.000540454702800485
"3426",3092,0.00114190324667198
"3427",3094,0.00128318904459213
"3428",3095,0.00068294379740426
"3429",3096,0.000708513389608698
"3430",3098,0.000755078021245757
"3431",3100,0.000510275963858661
"3432",3114,0.0013489697979438
"3433",3119,0.000694646599689039
"3434",3124,0.000833866691748396
"3435",3135,0.000557912993296545
"3436",3137,0.00147885516384315
"3437",3138,0.000718532275554441
"3438",3141,0.000402653400104437
"3439",3149,0.00174035883892567
"3440",3153,0.000473857160686981
"3441",3178,0.000345485532518887
"3442",3188,0.00147885516384315
"3443",3190,0.000833866691748396
"3444",3191,0.00147885516384315
"3445",3192,0.000376603514771805
"3446",3195,0.000718532275554441
"3447",3196,0.000774538439742599
"3448",3199,0.00068294379740426
"3449",3201,0.00128911719898739
"3450",3202,0.00118856866903728
"3451",3203,0.000376603514771805
"3452",3205,0.000262733875457073
"3453",3206,0.00108284674299263
"3454",3213,0.00021714270226092
"3455",3214,0.00070082043007438
"3456",3215,0.000424429735638422
"3457",3223,0.000376603514771805
"3458",3227,0.000345485532518887
"3459",3232,0.000444255141029276
"3460",3233,0.000444255141029276
"3461",3234,0.000542328729426485
"3462",3247,0.000264750516991348
"3463",3249,0.000355525728218811
"3464",3267,0.000376603514771805
"3465",3269,0.00114190324667198
"3466",3275,0.000510275963858661
"3467",3278,0.000599928165543495
"3468",3309,0.000574565717542932
"3469",3314,0.000694646599689039
"3470",3317,0.000594083862046629
"3471",3319,0.000396041096238447
"3472",3323,0.000574565717542932
"3473",3324,0.000220080599368847
"3474",3325,0.00105527983730825
"3475",3327,0.000483150831743385
"3476",3330,0.00100514454797215
"3477",3331,0.000220080599368847
"3478",3334,0.000427183243248376
"3479",3341,0.00105990688640855
"3480",3344,0.000117362832343631
"3481",3346,0.000833866691748396
"3482",3348,0.0013489697979438
"3483",3351,0.000594083862046629
"3484",3352,0.000718532275554441
"3485",3365,0.000424429735638422
"3486",3366,0.000284054291626912
"3487",3367,0.000376603514771805
"3488",3368,0.000444255141029276
"3489",3372,0.000574565717542932
"3490",3373,0.000604889592542899
"3491",3375,0.00174035883892567
"3492",3377,0.000501041218137435
"3493",3378,0.000504780917347567
"3494",3379,0.00116433982369353
"3495",3383,0.000604889592542899
"3496",3384,0.000218167997385984
"3497",3387,0.000155124779482726
"3498",3388,0.000504780917347567
"3499",3389,0.000594083862046629
"3500",3394,0.000503739559262856
"3501",3395,0.00135389067350327
"3502",3397,0.000529060507288162
"3503",3400,0.000542328729426485
"3504",3416,0.000542328729426485
"3505",3440,0.000345485532518887
"3506",3441,0.000284054291626912
"3507",3442,0.000406761784169665
"3508",3449,0.00068294379740426
"3509",3454,0.00021714270226092
"3510",3455,0.00114190324667198
"3511",3456,0.000557912993296545
"3512",3457,0.000427183243248376
"3513",3461,0.000345485532518887
"3514",3464,0.00100514454797215
"3515",3466,0.00089502706695725
"3516",3481,0.00021714270226092
"3517",3482,0.000218167997385984
"3518",3483,0.000424429735638422
"3519",3484,0.00060286452244339
"3520",3486,0.000718532275554441
"3521",3487,0.000155124779482726
"3522",3490,0.00118856866903728
"3523",3492,0.00139286094224817
"3524",3493,0.00135389067350327
"3525",3516,0.000595390419953816
"3526",3530,0.000755078021245757
"3527",3531,0.000755078021245757
"3528",3536,0.000915690048841452
"3529",3537,0.000218167997385984
"3530",3541,0.000412585555928208
"3531",3542,0.000915690048841452
"3532",3550,0.000595390419953816
"3533",3557,0.000755078021245757
"3534",3558,0.000264750516991348
"3535",3561,0.000503739559262856
"3536",3562,0.00070082043007438
"3537",3572,0.00060286452244339
"3538",3582,0.000604889592542899
"3539",3583,0.000510275963858661
"3540",3584,0.00181111786024816
"3541",3585,0.000599928165543495
"3542",3617,0.000218167997385984
"3543",3628,0.000424429735638422
"3544",2929,0.000791546046556529
"3545",2948,0.000954841493639983
"3546",2954,0.000782648292101121
"3547",2986,0.000716569392419096
"3548",2989,0.000449403430205254
"3549",3031,0.000782648292101121
"3550",3040,0.000928904051684852
"3551",3043,0.000716569392419096
"3552",3051,0.000611675592091015
"3553",3054,0.000716569392419096
"3554",3068,0.000915690048841452
"3555",3069,0.000915690048841452
"3556",3070,0.000915690048841452
"3557",3074,0.000716569392419096
"3558",3075,0.000716569392419096
"3559",3093,0.000708513389608698
"3560",3097,0.000264750516991348
"3561",3101,0.00113724138225317
"3562",3111,0.000716569392419096
"3563",3112,0.000716569392419096
"3564",3113,0.000716569392419096
"3565",3122,0.000716569392419096
"3566",3123,0.000716569392419096
"3567",3125,0.000485122623075684
"3568",3127,0.000791546046556529
"3569",3129,0.000830861207472753
"3570",3140,0.000791546046556529
"3571",3150,0.000756715904525718
"3572",3193,0.000915690048841452
"3573",3194,0.000716569392419096
"3574",3198,0.000716569392419096
"3575",3226,0.000716569392419096
"3576",3240,0.00113724138225317
"3577",3241,0.00122422905579409
"3578",3242,0.000954841493639983
"3579",3243,0.000577813944965751
"3580",3245,0.000954841493639983
"3581",3248,0.000436190273300371
"3582",3253,0.000756715904525718
"3583",3255,0.000755078021245757
"3584",3264,0.000915690048841452
"3585",3265,0.000782648292101121
"3586",3266,0.000915690048841452
"3587",3272,0.000611675592091015
"3588",3312,0.000716569392419096
"3589",3313,0.000915690048841452
"3590",3321,0.000954841493639983
"3591",3322,0.00122422905579409
"3592",3326,0.000355525728218811
"3593",3333,0.000436190273300371
"3594",3338,0.000355525728218811
"3595",3339,0.000485122623075684
"3596",3340,0.000483150831743385
"3597",3342,0.00022054589476491
"3598",3343,0.000353577546507819
"3599",3347,0.000716569392419096
"3600",3374,0.000915690048841452
"3601",3386,0.000436190273300371
"3602",3390,0.000830861207472753
"3603",3392,0.000485122623075684
"3604",3393,0.000485122623075684
"3605",3462,0.000436190273300371
"3606",3463,0.000915690048841452
"3607",3467,0.00122422905579409
"3608",3489,0.000915690048841452
"3609",3500,0.000436190273300371
"3610",3532,0.000755078021245757
"3611",3533,0.000264750516991348
"3612",3534,0.000716569392419096
"3613",3535,0.000716569392419096
"3614",3539,0.000915690048841452
"3615",3556,0.000755078021245757
"3616",3559,0.000264750516991348
"3617",3563,0.000264750516991348
"3618",3569,0.000755078021245757
"3619",3608,0.000782648292101121
"3620",3627,0.000716569392419096
"3621",2928,0.00286261755420429
"3622",2946,0.000755078021245757
"3623",2947,0.000755078021245757
"3624",2949,0.00286261755420429
"3625",2950,0.000755078021245757
"3626",3120,0.000755078021245757
"3627",3244,0.000449403430205254
"3628",3246,0.000755078021245757
"3629",3251,0.000449403430205254
"3630",3332,0.00126317498448021
"3631",3335,0.00126317498448021
"3632",3391,0.00060595424682423
